{
"type": "FeatureCollection",
"name": "Key Biodiversity Areas",
"crs": { "type": "name", "properties": { "name": "urn:ogc:def:crs:OGC:1.3:CRS84" } },
"features": [
{ "type": "Feature", "properties": { "SitRecID": 6663, "Country": "Malawi", "ISO3": "MWI", "NatName": "Misuku Hills Forest Reserves", "IntName": "Misuku Hills Forest Reserves", "SitLat": -9.66451918912, "SitLong": 33.475975104299998, "IbaStatus": "confirmed", "AzeStatus": null, "AddedDate": "2005-12-05", "ChangeDate": null, "Source": "RSPB funded initiative to create polygon boundaries for IBAs in Africa.", "DelTxt": "Digitized from national and continental scale maps of protected areas, lakes and wetlands.", "DelGeom": "3. draft polygon", "Shape_Leng": 0.38280831861999998, "Shape_Area": 0.0022439274, "GISArea": 2724.0, "KBA_Qual": "Global/ Regional to be determined", "LegacyKBA": "confirmed", "Trigger Ecosystems": null }, "geometry": { "type": "MultiPolygon", "coordinates": [ [ [ [ 33.435529470109032, -9.634599461096229 ], [ 33.436339513757616, -9.636039480737395 ], [ 33.436919499135627, -9.637319497496776 ], [ 33.437379615676775, -9.639669540217085 ], [ 33.437959601054786, -9.641399464413723 ], [ 33.439349454713636, -9.642709580582618 ], [ 33.440399590368827, -9.643629461130672 ], [ 33.441379493468901, -9.644559550782617 ], [ 33.443579567043457, -9.645649466149905 ], [ 33.445729474635584, -9.64695958321812 ], [ 33.446719586839492, -9.647539568596187 ], [ 33.447699489939566, -9.648349612244772 ], [ 33.448389488484167, -9.649389538796129 ], [ 33.448969473862178, -9.651229475260038 ], [ 33.448049593314124, -9.651969462620571 ], [ 33.446829599106763, -9.652379589446468 ], [ 33.445849520638944, -9.653129610543033 ], [ 33.446369483464935, -9.655149439295144 ], [ 33.447179527113519, -9.656469589200128 ], [ 33.448049593314124, -9.657629560855526 ], [ 33.449439446972974, -9.659119570211942 ], [ 33.450889499450909, -9.660499566401825 ], [ 33.451869578818048, -9.661759517487724 ], [ 33.451699543998814, -9.663489441684362 ], [ 33.451119557721483, -9.664699578422756 ], [ 33.449599449854759, -9.666089608348727 ], [ 33.448389488484167, -9.666379512904143 ], [ 33.446249613728753, -9.666329523188892 ], [ 33.443979483866144, -9.665639525543611 ], [ 33.441719564006746, -9.664319551905749 ], [ 33.439169562425434, -9.663399495090573 ], [ 33.437379615676775, -9.663689575913168 ], [ 33.435629449539533, -9.664219572475247 ], [ 33.433779479339535, -9.664789525016545 ], [ 33.431809464035609, -9.664739535301294 ], [ 33.429609566728175, -9.663649443666827 ], [ 33.426999542594842, -9.66266954056681 ], [ 33.424679599284104, -9.66135959976566 ], [ 33.422419503157585, -9.660829604102901 ], [ 33.420329618117421, -9.661299577213697 ], [ 33.418129544542921, -9.662169468046443 ], [ 33.416389587509514, -9.662629583688272 ], [ 33.414589607024823, -9.660509599238594 ], [ 33.414819489028275, -9.658199513396767 ], [ 33.414939535031579, -9.655839437839745 ], [ 33.414819489028275, -9.653239447442502 ], [ 33.414479594757552, -9.650879547253282 ], [ 33.414069467931654, -9.648059531422177 ], [ 33.413669551108967, -9.646799580336335 ], [ 33.413899609379541, -9.644319459675273 ], [ 33.414709476761004, -9.642419499760081 ], [ 33.415399475305605, -9.640689575563442 ], [ 33.416099506686919, -9.638549525440226 ], [ 33.416919583172273, -9.637289574354327 ], [ 33.417779616536109, -9.636129602698986 ], [ 33.419819511861022, -9.634859442509196 ], [ 33.421659449224251, -9.63450951450244 ], [ 33.423469462545711, -9.634679550220994 ], [ 33.425559522953677, -9.634679550220994 ], [ 33.427469515705639, -9.634149554558235 ], [ 33.429149450187026, -9.63339953346167 ], [ 33.431009453223737, -9.633169475191096 ], [ 33.432729519951408, -9.633169475191096 ], [ 33.434489543557618, -9.633569568280905 ], [ 33.435529470109032, -9.634599461096229 ] ] ], [ [ [ 33.455349493784183, -9.677319505690605 ], [ 33.455809609426012, -9.677369495405856 ], [ 33.456799546262118, -9.677129580565634 ], [ 33.457899494466176, -9.67644943949 ], [ 33.458539503295469, -9.675809606927771 ], [ 33.459519582662665, -9.675179455567388 ], [ 33.459989555773404, -9.675279610365692 ], [ 33.460449496047431, -9.675399480101873 ], [ 33.460969458873478, -9.675689560924468 ], [ 33.461779502522063, -9.676149501198495 ], [ 33.462249475632859, -9.676489571736283 ], [ 33.463059520180764, -9.676779476291756 ], [ 33.463699528110794, -9.67694951201031 ], [ 33.464159468384821, -9.677119546829601 ], [ 33.464679607477933, -9.677289582548156 ], [ 33.466829515070117, -9.678559566470767 ], [ 33.468039476440765, -9.679239531279279 ], [ 33.468619462718095, -9.679649481838055 ], [ 33.469439539203449, -9.680229468115442 ], [ 33.470189560300014, -9.680799596923805 ], [ 33.471349531955411, -9.68176946628779 ], [ 33.471989540784705, -9.682299462849869 ], [ 33.473439593262697, -9.683439544199587 ], [ 33.473839510085384, -9.683899484473557 ], [ 33.475059505192064, -9.685679573753305 ], [ 33.476339521951445, -9.686839545408645 ], [ 33.476919507329455, -9.687009581127199 ], [ 33.477319601318584, -9.687409497949943 ], [ 33.477839564144631, -9.68786943822397 ], [ 33.478949546084721, -9.688209508761759 ], [ 33.479759589733305, -9.688269531313779 ], [ 33.480399598562656, -9.68837954448037 ], [ 33.481619592770016, -9.68837954448037 ], [ 33.482249567863335, -9.688439567032333 ], [ 33.483469562970015, -9.688609601851624 ], [ 33.483979492059973, -9.688659591566875 ], [ 33.485959541099987, -9.688659591566875 ], [ 33.48688945448481, -9.688779461303056 ], [ 33.487929556403969, -9.689179554392865 ], [ 33.48856956523332, -9.689689484382143 ], [ 33.490139486548117, -9.690729586301302 ], [ 33.490599603089265, -9.691069481471345 ], [ 33.491939467032807, -9.692279441942617 ], [ 33.492449573289207, -9.693199498757792 ], [ 33.49273947784468, -9.693839507587143 ], [ 33.493029558667274, -9.694409460128441 ], [ 33.493209450955476, -9.694929599221553 ], [ 33.49331946322269, -9.695389539495579 ], [ 33.493499531778014, -9.695839446033574 ], [ 33.493729590048588, -9.696879547952733 ], [ 33.494539458329371, -9.697869483889519 ], [ 33.495239489710741, -9.698039519608074 ], [ 33.49569960535257, -9.698089509323324 ], [ 33.49680958729266, -9.698259544142616 ], [ 33.497379539833958, -9.698329600430668 ], [ 33.497839480107984, -9.699229590673042 ], [ 33.498489521774047, -9.700569454616584 ], [ 33.498599534041318, -9.701079559973664 ], [ 33.498779602596642, -9.701769558518265 ], [ 33.499009484600094, -9.702749461618339 ], [ 33.499359588873972, -9.704189481259505 ], [ 33.499529447426085, -9.704649596901334 ], [ 33.499589470877424, -9.705159526890611 ], [ 33.499699483144695, -9.705689523452691 ], [ 33.499589470877424, -9.707069519642573 ], [ 33.498779602596642, -9.707359600465168 ], [ 33.497269527566687, -9.707769551023887 ], [ 33.49680958729266, -9.707769551023887 ], [ 33.495879497640772, -9.707479470201349 ], [ 33.494769515700625, -9.706729449104728 ], [ 33.494139540607364, -9.70569955628946 ], [ 33.493499531778014, -9.704489594918812 ], [ 33.493269473507439, -9.704089501829003 ], [ 33.49273947784468, -9.703459525836422 ], [ 33.492459606125976, -9.702999586461715 ], [ 33.491469493922068, -9.702079529646539 ], [ 33.490949531096021, -9.701789448823945 ], [ 33.48914955061133, -9.701099450279344 ], [ 33.486829607300592, -9.700869568275891 ], [ 33.485729482829413, -9.701279518834667 ], [ 33.485209520003423, -9.701449554553278 ], [ 33.484289463188247, -9.701739459108694 ], [ 33.483809457240739, -9.701569599657262 ], [ 33.482769531588644, -9.700999470848842 ], [ 33.48143952421475, -9.700139437485007 ], [ 33.480919561388703, -9.700139437485007 ], [ 33.479809579448556, -9.700139437485007 ], [ 33.478359526970621, -9.700489541758884 ], [ 33.477899586696594, -9.700599554026155 ], [ 33.476569580222019, -9.701009504584931 ], [ 33.475929571392669, -9.701009504584931 ], [ 33.474879612004543, -9.700729456599106 ], [ 33.473609452714129, -9.700089447769756 ], [ 33.473199502155353, -9.699859565766303 ], [ 33.471979507947992, -9.699169568121022 ], [ 33.471579590225986, -9.698949542687217 ], [ 33.469779609741238, -9.69795960675043 ], [ 33.469199448096106, -9.697569546497334 ], [ 33.466819482233348, -9.696189549408132 ], [ 33.466239496855337, -9.695839446033574 ], [ 33.464389526655395, -9.694869575770269 ], [ 33.463919553544599, -9.694629484662926 ], [ 33.462129606795941, -9.693609449316568 ], [ 33.460099568040675, -9.692859604487126 ], [ 33.45747951107063, -9.692649612789353 ], [ 33.456449618255306, -9.692689568768515 ], [ 33.455809609426012, -9.6925795565013 ], [ 33.454819497222047, -9.692069450244901 ], [ 33.453549513299436, -9.690909478589504 ], [ 33.45210949455759, -9.689359447580387 ], [ 33.451689510262725, -9.689019552410343 ], [ 33.450239457784789, -9.68786943822397 ], [ 33.449779517510763, -9.687459487665194 ], [ 33.448619546754742, -9.686249526294546 ], [ 33.447109470825467, -9.684819540389412 ], [ 33.44553954951067, -9.683549556466801 ], [ 33.444209542136718, -9.682519487384411 ], [ 33.443169616484681, -9.681659454020519 ], [ 33.442589454839549, -9.681309526013763 ], [ 33.441139577729359, -9.681079468642508 ], [ 33.440039453258237, -9.681029478927258 ], [ 33.439569480147441, -9.681029478927258 ], [ 33.439109539873414, -9.680909609191076 ], [ 33.438759611866658, -9.68045952548664 ], [ 33.438649599599387, -9.679709505289395 ], [ 33.438879481602839, -9.67883943818947 ], [ 33.439229585876717, -9.678379497915444 ], [ 33.439689525251424, -9.677569454266859 ], [ 33.4400994758102, -9.676989467989529 ], [ 33.44067946208753, -9.676239447792227 ], [ 33.441549528288135, -9.675599438962877 ], [ 33.441949446010199, -9.675309533508141 ], [ 33.442589454839549, -9.674749438435811 ], [ 33.443169616484681, -9.674169452158424 ], [ 33.44380944904691, -9.673649489332433 ], [ 33.444449457876203, -9.673239538773657 ], [ 33.445779464350835, -9.672489517677036 ], [ 33.44658950799942, -9.672029578302329 ], [ 33.447629609918636, -9.672249602836871 ], [ 33.448389488484167, -9.672949457951063 ], [ 33.448799614410746, -9.673239538773657 ], [ 33.450069599232677, -9.674039549585473 ], [ 33.450529538607384, -9.674329455040265 ], [ 33.451689510262725, -9.675299500671372 ], [ 33.452209473088772, -9.67569959376118 ], [ 33.453429468195452, -9.676329569753818 ], [ 33.453959463858212, -9.676569484593983 ], [ 33.455349493784183, -9.677319505690605 ] ] ], [ [ [ 33.564879498689947, -9.665859550078153 ], [ 33.56383957303791, -9.665979596081456 ], [ 33.563139541656597, -9.665979596081456 ], [ 33.56151945346005, -9.665979596081456 ], [ 33.560649563526567, -9.665929606366205 ], [ 33.55982948614195, -9.665869582914866 ], [ 33.558329443948708, -9.666159488369658 ], [ 33.557689611386536, -9.666049476102387 ], [ 33.555839465818735, -9.666279533473642 ], [ 33.554379555871833, -9.665819594098934 ], [ 33.553799570493823, -9.665479523561089 ], [ 33.553279607667832, -9.665309487842535 ], [ 33.552119459745313, -9.664209538739158 ], [ 33.551599496919323, -9.663819478486118 ], [ 33.550559571267229, -9.662949588552635 ], [ 33.549979584989899, -9.662559528299539 ], [ 33.54840948740798, -9.661399556644199 ], [ 33.547779511415399, -9.660999462655013 ], [ 33.545919508378688, -9.659789502183742 ], [ 33.545219476997318, -9.659389584461735 ], [ 33.54347951996391, -9.658299492827268 ], [ 33.543079602241903, -9.658069610823816 ], [ 33.540929518382598, -9.657269600012 ], [ 33.540299543289336, -9.657039541741426 ], [ 33.538849490811401, -9.656519578915379 ], [ 33.538439540252625, -9.656249564665643 ], [ 33.537219546045264, -9.655359607260039 ], [ 33.536689550382505, -9.655029570458282 ], [ 33.535259563578052, -9.653989467639747 ], [ 33.534319617356516, -9.653249480279271 ], [ 33.533909490530618, -9.652839529720495 ], [ 33.533219492885337, -9.651699448370778 ], [ 33.532929587430544, -9.651119462992767 ], [ 33.532869564878581, -9.65065952271874 ], [ 33.532929587430544, -9.65007953644141 ], [ 33.532989609982565, -9.649509583900112 ], [ 33.533159469433997, -9.648529504532974 ], [ 33.533279515437357, -9.647949519154963 ], [ 33.533739455711384, -9.646689568069064 ], [ 33.533969513082639, -9.64592951413573 ], [ 33.534319617356516, -9.644949611035656 ], [ 33.534609521911932, -9.644319459675273 ], [ 33.535069462185959, -9.643389546290507 ], [ 33.535309553293303, -9.64292960601648 ], [ 33.535529578727107, -9.64229945465604 ], [ 33.53581948328258, -9.641729502114799 ], [ 33.535999551837904, -9.641259528104683 ], [ 33.53634947984466, -9.640169436470273 ], [ 33.536529547500663, -9.639539461377012 ], [ 33.536639560667254, -9.639069488266216 ], [ 33.537109533777993, -9.638319467169651 ], [ 33.537339592048568, -9.637859526895625 ], [ 33.538029589693849, -9.636869590958781 ], [ 33.539189561349247, -9.636189449883148 ], [ 33.539999604997831, -9.636469496969653 ], [ 33.541039531549188, -9.636869590958781 ], [ 33.54178955264581, -9.637499566052099 ], [ 33.542209536041298, -9.637959506326126 ], [ 33.542839511134559, -9.63865953770744 ], [ 33.543259495429425, -9.639169467696718 ], [ 33.54359956596727, -9.639519571071276 ], [ 33.544239573897244, -9.640099556449343 ], [ 33.54469951417127, -9.640269592167897 ], [ 33.545679593538466, -9.640719499605154 ], [ 33.546089544097242, -9.641009580427749 ], [ 33.547419550571874, -9.641989483527823 ], [ 33.548579522227215, -9.642619458621084 ], [ 33.549099485053262, -9.642909539443622 ], [ 33.550319479260622, -9.643249609981467 ], [ 33.550789453270681, -9.643419469432899 ], [ 33.553109571949221, -9.64352948170017 ], [ 33.553689558226608, -9.643589504252191 ], [ 33.555139610704543, -9.643759539970745 ], [ 33.555719596082554, -9.643809529685996 ], [ 33.556819545185931, -9.64409961050859 ], [ 33.557569566282496, -9.644849455338033 ], [ 33.557689611386536, -9.645419584146453 ], [ 33.557689611386536, -9.646169605243017 ], [ 33.557919493389932, -9.647499611717649 ], [ 33.558269597663866, -9.647839506887692 ], [ 33.558729537038573, -9.648419492265703 ], [ 33.559309523315903, -9.648639517699507 ], [ 33.559889508693914, -9.648869575070762 ], [ 33.561339561171849, -9.649159480525554 ], [ 33.561979570001199, -9.649389538796129 ], [ 33.562839603365035, -9.65001951388939 ], [ 33.563189531371847, -9.650479454163417 ], [ 33.563429446212012, -9.650949603541335 ], [ 33.56383957303791, -9.651979496356603 ], [ 33.563949585305181, -9.652439611998432 ], [ 33.564349503027188, -9.653939478823816 ], [ 33.564649616686495, -9.654799512187708 ], [ 33.564819476137984, -9.655549533284272 ], [ 33.565399461515995, -9.656979519189406 ], [ 33.565919600609107, -9.657329447196162 ], [ 33.566389573719903, -9.657679550570776 ], [ 33.567369476819977, -9.658189480560054 ], [ 33.567839450830036, -9.658419538830628 ], [ 33.568699484193871, -9.65904951392389 ], [ 33.569049587568486, -9.659459464482666 ], [ 33.569519560679225, -9.660379520398521 ], [ 33.569289503307971, -9.661059486106353 ], [ 33.569229479856688, -9.661529459217149 ], [ 33.568869519013163, -9.662689607139612 ], [ 33.568239543919844, -9.663659476503597 ], [ 33.567899473382056, -9.664119593044745 ], [ 33.567259464552706, -9.664519509867432 ], [ 33.56684951399393, -9.664759601874096 ], [ 33.566389573719903, -9.664989483877548 ], [ 33.565399461515995, -9.665569469255558 ], [ 33.564879498689947, -9.665859550078153 ] ] ] ] } },
{ "type": "Feature", "properties": { "SitRecID": 6665, "Country": "Malawi", "ISO3": "MWI", "NatName": "Uzumara Forest Reserve", "IntName": "Uzumara Forest Reserve", "SitLat": -10.865822828600001, "SitLong": 34.123328434299999, "IbaStatus": "confirmed", "AzeStatus": null, "AddedDate": "2005-12-05", "ChangeDate": null, "Source": "RSPB funded initiative to create polygon boundaries for IBAs in Africa.", "DelTxt": "Digitized from national and continental scale maps of protected areas, lakes and wetlands.", "DelGeom": "3. draft polygon", "Shape_Leng": 0.11526106073, "Shape_Area": 0.00050463976, "GISArea": 610.0, "KBA_Qual": "Global/ Regional to be determined", "LegacyKBA": "confirmed", "Trigger Ecosystems": null }, "geometry": { "type": "MultiPolygon", "coordinates": [ [ [ [ 34.14383960371481, -10.871219605100634 ], [ 34.143439510624944, -10.871179471955031 ], [ 34.143099616354277, -10.871179471955031 ], [ 34.142699523264412, -10.871359540510355 ], [ 34.142459607524927, -10.871479586513658 ], [ 34.142119536987082, -10.87157956594416 ], [ 34.141879445879795, -10.871699611048143 ], [ 34.140819453654899, -10.871989515603616 ], [ 34.140609461957183, -10.872059571891668 ], [ 34.139439457465016, -10.872369543019943 ], [ 34.139149552010281, -10.872409499898481 ], [ 34.137819545535649, -10.872699580721019 ], [ 34.137349572424853, -10.8728194504572 ], [ 34.136719596432272, -10.873059541564544 ], [ 34.136139611054261, -10.873629494105842 ], [ 34.135789507679704, -10.874039444664618 ], [ 34.13502945284705, -10.874789465761182 ], [ 34.134629536024306, -10.875189558850991 ], [ 34.134269575180781, -10.875599509409767 ], [ 34.1336395991882, -10.876179494787834 ], [ 34.132479452165057, -10.876699458513144 ], [ 34.132079534442994, -10.876769513901877 ], [ 34.131669583884218, -10.876869493332379 ], [ 34.13131948050966, -10.876939549620488 ], [ 34.13067947168031, -10.876649468797893 ], [ 34.130449589676857, -10.876549489367392 ], [ 34.13020949856957, -10.876429443364088 ], [ 34.13020949856957, -10.876189528523867 ], [ 34.13020949856957, -10.875919513374811 ], [ 34.13014947601755, -10.875509562816035 ], [ 34.13014947601755, -10.875049447174206 ], [ 34.13014947601755, -10.874529484348159 ], [ 34.13014947601755, -10.874299602344706 ], [ 34.129849537726045, -10.872919605255504 ], [ 34.129789515174025, -10.872689546984986 ], [ 34.129729491722742, -10.872409499898481 ], [ 34.129379564615249, -10.871019469972509 ], [ 34.129319541163966, -10.870799445438024 ], [ 34.129199496059925, -10.870569562535252 ], [ 34.12903949407746, -10.869929554605221 ], [ 34.12890959060519, -10.869539494352125 ], [ 34.128729522949186, -10.869129543793349 ], [ 34.12767956356106, -10.868449578984837 ], [ 34.127449505290485, -10.868269510429514 ], [ 34.127209590450263, -10.868219520714263 ], [ 34.126979532179746, -10.868159497262923 ], [ 34.125579469417005, -10.868169530999012 ], [ 34.124419497761664, -10.868759550113111 ], [ 34.124189615758212, -10.868929584932346 ], [ 34.123959557487638, -10.869099444383778 ], [ 34.12302946783575, -10.869789442928379 ], [ 34.122619517276974, -10.870149579139706 ], [ 34.122279446739128, -10.870439484594499 ], [ 34.121059452531767, -10.871539609065678 ], [ 34.120719558261044, -10.871879503336345 ], [ 34.120369454886486, -10.872169584158939 ], [ 34.118689520405098, -10.8733895783663 ], [ 34.118409472419273, -10.873559437817732 ], [ 34.118159523843019, -10.873729473536343 ], [ 34.116709471365084, -10.874249612629455 ], [ 34.116419566809611, -10.874369481466374 ], [ 34.116129485987017, -10.874369481466374 ], [ 34.115839580532281, -10.874439537754427 ], [ 34.114919524616425, -10.874149456931832 ], [ 34.114609553488151, -10.87404947750133 ], [ 34.114319472665557, -10.8739795974804 ], [ 34.11397957749557, -10.873809562661165 ], [ 34.11274955045144, -10.873299456404766 ], [ 34.112339599892664, -10.873249466689515 ], [ 34.112059551906839, -10.873199476974264 ], [ 34.110769501411426, -10.873199476974264 ], [ 34.11048945432492, -10.873199476974264 ], [ 34.110069470030055, -10.873199476974264 ], [ 34.107869572722677, -10.872979452439722 ], [ 34.107569459063313, -10.872979452439722 ], [ 34.107229564792647, -10.872929462724471 ], [ 34.105309538304596, -10.872999518113204 ], [ 34.105069447197309, -10.872999518113204 ], [ 34.104319602367809, -10.872659447575415 ], [ 34.103209444160598, -10.87151954249282 ], [ 34.102919539605125, -10.871349507673585 ], [ 34.102449566494329, -10.870369604573568 ], [ 34.102329520491026, -10.870079523750974 ], [ 34.102209475387042, -10.869749486049898 ], [ 34.102089605650804, -10.869459581494425 ], [ 34.102089605650804, -10.868639504109808 ], [ 34.102199617918075, -10.86800952901649 ], [ 34.102259465102293, -10.867499599027212 ], [ 34.102719580744122, -10.867089472201314 ], [ 34.103009486198857, -10.866799567645899 ], [ 34.103239543570112, -10.866629531927288 ], [ 34.103529449024904, -10.866449463371964 ], [ 34.104869488336249, -10.865799597973023 ], [ 34.105219592610183, -10.865629563153789 ], [ 34.105509497165599, -10.865459527435178 ], [ 34.106959549643534, -10.86458946123463 ], [ 34.107249454199007, -10.864409568047108 ], [ 34.10748954620567, -10.864299555779837 ], [ 34.109049610950819, -10.863659546950487 ], [ 34.109399538058312, -10.863539501846503 ], [ 34.109749466065068, -10.863539501846503 ], [ 34.112009562191588, -10.862659578176931 ], [ 34.11229946764638, -10.862489542458377 ], [ 34.114969514331676, -10.860459504602431 ], [ 34.115259595154271, -10.860049554043655 ], [ 34.116649448813064, -10.858609534402433 ], [ 34.116939529635658, -10.858319453579895 ], [ 34.117109564454893, -10.858149594128406 ], [ 34.118319525825484, -10.85670957538656 ], [ 34.118669453832297, -10.855949520553906 ], [ 34.118899512102871, -10.855439591463949 ], [ 34.119359452376898, -10.854909594901812 ], [ 34.119769578303476, -10.85433946609345 ], [ 34.120059483758212, -10.853879525819423 ], [ 34.121039562226088, -10.852719555063345 ], [ 34.121619548503418, -10.852429473341488 ], [ 34.12190945305889, -10.852139568786015 ], [ 34.122379602436752, -10.852029556518744 ], [ 34.122889532426029, -10.851959500230691 ], [ 34.123249493269554, -10.851899477678728 ], [ 34.124059536918139, -10.852129535949302 ], [ 34.124239605473463, -10.852239548216517 ], [ 34.125109496306266, -10.852869523309835 ], [ 34.125289564861589, -10.85314957129566 ], [ 34.126689451357151, -10.854419555218271 ], [ 34.126869519912475, -10.854759450388258 ], [ 34.128029491567816, -10.855899531737975 ], [ 34.12825954893907, -10.856189612560513 ], [ 34.128559487230575, -10.856409460827933 ], [ 34.129839504889276, -10.857559575913626 ], [ 34.130079595996619, -10.857789457917079 ], [ 34.130309478000072, -10.857969526472402 ], [ 34.131419459940162, -10.858939572103509 ], [ 34.131709540762756, -10.859329456089483 ], [ 34.13188960931808, -10.859619536912078 ], [ 34.132059467870192, -10.859729550078612 ], [ 34.132699476699543, -10.860529559991164 ], [ 34.132829555539615, -10.86093951054994 ], [ 34.132939567806886, -10.861109546268494 ], [ 34.133869481191653, -10.862369497354393 ], [ 34.134109572298996, -10.862539532173628 ], [ 34.134339455201768, -10.862769590444202 ], [ 34.134559479736254, -10.863059494999675 ], [ 34.135619471961093, -10.863689470992256 ], [ 34.13602959878699, -10.863789450422757 ], [ 34.136319503342463, -10.863959485241992 ], [ 34.1371996032791, -10.864299555779837 ], [ 34.137369462730589, -10.86441960178314 ], [ 34.137609553837876, -10.86441960178314 ], [ 34.1379494481086, -10.864539471519322 ], [ 34.138419597486461, -10.864639450050561 ], [ 34.140169588255958, -10.864639450050561 ], [ 34.140749573633968, -10.864569570928893 ], [ 34.143479467503482, -10.86443949208882 ], [ 34.143659536058806, -10.865379438310356 ], [ 34.143659536058806, -10.86575946572674 ], [ 34.143659536058806, -10.865999556834026 ], [ 34.143719558610769, -10.866399473656713 ], [ 34.143779581162789, -10.866799567645899 ], [ 34.143899450898971, -10.867439575575929 ], [ 34.143959473450991, -10.867949505565207 ], [ 34.143959473450991, -10.868279543266283 ], [ 34.144079519454294, -10.869729595744218 ], [ 34.14383960371481, -10.871219605100634 ] ] ] ] } },
{ "type": "Feature", "properties": { "SitRecID": 6667, "Country": "Malawi", "ISO3": "MWI", "NatName": "Lake-shore Forest Reserves", "IntName": "Lake-shore Forest Reserves", "SitLat": -12.013193586, "SitLong": 34.070681321000002, "IbaStatus": "confirmed", "AzeStatus": null, "AddedDate": "2005-05-12", "ChangeDate": null, "Source": "RSPB funded initiative to create polygon boundaries for IBAs in Africa.", "DelTxt": "Digitized from national and continental scale maps of protected areas, lakes and wetlands.", "DelGeom": "3. draft polygon", "Shape_Leng": 0.15151809922000001, "Shape_Area": 0.00066749621, "GISArea": 804.0, "KBA_Qual": "Global/ Regional to be determined", "LegacyKBA": "confirmed", "Trigger Ecosystems": null }, "geometry": { "type": "MultiPolygon", "coordinates": [ [ [ [ 34.02306949236322, -12.117049464261299 ], [ 34.024169616834399, -12.117279522531874 ], [ 34.026809564110124, -12.117109487712639 ], [ 34.02785952349825, -12.116709569990633 ], [ 34.030379601037794, -12.115779480338688 ], [ 34.03265958747005, -12.115719457786724 ], [ 34.034639460242943, -12.115489575783272 ], [ 34.035169456805022, -12.116469478883289 ], [ 34.0355795827316, -12.117509580802448 ], [ 34.0355795827316, -12.119119458995783 ], [ 34.035169456805022, -12.120609468352256 ], [ 34.034759506246246, -12.121709592823379 ], [ 34.034519590506761, -12.123949447009352 ], [ 34.034519590506761, -12.125439456365768 ], [ 34.03434955568747, -12.126829485392363 ], [ 34.03434955568747, -12.128149459030283 ], [ 34.034459567954741, -12.129699490938719 ], [ 34.034109464580183, -12.131539603669751 ], [ 34.033579468018104, -12.13447948923698 ], [ 34.033469455750833, -12.135629603423411 ], [ 34.033289563462631, -12.137869457609327 ], [ 34.033049472355344, -12.139419489517763 ], [ 34.032409463525994, -12.141369614516066 ], [ 34.030829508475108, -12.142589608723426 ], [ 34.030129477093737, -12.140629450888412 ], [ 34.029309575976185, -12.139769592892378 ], [ 34.027439540102762, -12.13804952616465 ], [ 34.025279598774489, -12.135859485426863 ], [ 34.023749457171789, -12.134309454417746 ], [ 34.021769584398839, -12.132299482235283 ], [ 34.020309499084192, -12.13097950859742 ], [ 34.017389503822585, -12.129939582046006 ], [ 34.015869571323719, -12.129419443852214 ], [ 34.014639544279589, -12.129419443852214 ], [ 34.013239481516905, -12.129599511508218 ], [ 34.011139563640029, -12.130749450326846 ], [ 34.009909535696579, -12.131559493975431 ], [ 34.007919453819795, -12.131669506242645 ], [ 34.00644951103618, -12.129419443852214 ], [ 34.005869525658113, -12.127119566214958 ], [ 34.005289539380783, -12.124369606671962 ], [ 34.005169494276799, -12.122109510545442 ], [ 34.005169494276799, -12.120909582011564 ], [ 34.005529455120325, -12.119249537835856 ], [ 34.005819535942862, -12.117979553913244 ], [ 34.006989540434972, -12.115629511192935 ], [ 34.009039469495974, -12.114639575256149 ], [ 34.011549513299428, -12.113719519340293 ], [ 34.012719518690915, -12.113489461069719 ], [ 34.014179604005562, -12.113719519340293 ], [ 34.015819581608469, -12.114009600162888 ], [ 34.018039545488705, -12.114459506700825 ], [ 34.019089504876774, -12.114989503262905 ], [ 34.021129576468809, -12.116589524886592 ], [ 34.02306949236322, -12.117049464261299 ] ] ], [ [ [ 34.251419484521648, -11.610039454956848 ], [ 34.250009564289996, -11.610149467224062 ], [ 34.249009594617178, -11.6101095112449 ], [ 34.248259573520556, -11.609999498078309 ], [ 34.24667961846967, -11.609829463259075 ], [ 34.245819585105835, -11.609769440707055 ], [ 34.244519501773652, -11.609199487266494 ], [ 34.244639547776956, -11.608289464187351 ], [ 34.245099487151663, -11.606669553157303 ], [ 34.246019543966838, -11.604819582957361 ], [ 34.246489517077578, -11.603959549593469 ], [ 34.247469596444773, -11.602329604827332 ], [ 34.248389476992827, -11.600539481811609 ], [ 34.248739580367385, -11.599849483267008 ], [ 34.249029484922858, -11.59875956789972 ], [ 34.249299500071913, -11.597609453713289 ], [ 34.249489601464006, -11.596679539429147 ], [ 34.249839529470762, -11.595929519231902 ], [ 34.250119576557267, -11.59517949813528 ], [ 34.250999501126103, -11.594889592680488 ], [ 34.251869567326708, -11.594829570128525 ], [ 34.252859503263494, -11.594709524125165 ], [ 34.255429571417665, -11.594349563281696 ], [ 34.257819570117135, -11.594859493270974 ], [ 34.258239553512624, -11.596189500644869 ], [ 34.25817953096066, -11.597679509102022 ], [ 34.25817953096066, -11.598649555632448 ], [ 34.25812954124541, -11.599409609565782 ], [ 34.258079551530159, -11.600219476947245 ], [ 34.257729448155544, -11.600969498043867 ], [ 34.256919579874761, -11.60303949277835 ], [ 34.25622958222948, -11.604889462978292 ], [ 34.255889510792315, -11.605869542345431 ], [ 34.255249502862341, -11.606859478282274 ], [ 34.254829519466796, -11.607599466542126 ], [ 34.253459556113683, -11.60899952930481 ], [ 34.252049459614909, -11.609689526950035 ], [ 34.251419484521648, -11.610039454956848 ] ] ] ] } },
{ "type": "Feature", "properties": { "SitRecID": 6668, "Country": "Malawi", "ISO3": "MWI", "NatName": "South Viphya Forest Reserve", "IntName": "South Viphya Forest Reserve", "SitLat": -11.915463277200001, "SitLong": 33.862939384500002, "IbaStatus": "confirmed", "AzeStatus": null, "AddedDate": "2005-12-05", "ChangeDate": null, "Source": "RSPB funded initiative to create polygon boundaries for IBAs in Africa.", "DelTxt": "Digitized from national and continental scale maps of protected areas, lakes and wetlands.", "DelGeom": "3. draft polygon", "Shape_Leng": 2.5010215842900001, "Shape_Area": 0.12866038518, "GISArea": 155044.0, "KBA_Qual": "Global/ Regional to be determined", "LegacyKBA": "confirmed", "Trigger Ecosystems": null }, "geometry": { "type": "MultiPolygon", "coordinates": [ [ [ [ 34.034639460242943, -12.115489575783272 ], [ 34.03265958747005, -12.115719457786724 ], [ 34.030379601037794, -12.115779480338688 ], [ 34.02785952349825, -12.116709569990633 ], [ 34.026809564110124, -12.117109487712639 ], [ 34.024169616834399, -12.117279522531874 ], [ 34.02306949236322, -12.117049464261299 ], [ 34.021129576468809, -12.116589524886592 ], [ 34.019089504876774, -12.114989503262905 ], [ 34.018039545488705, -12.114459506700825 ], [ 34.015819581608469, -12.114009600162888 ], [ 34.014179604005562, -12.113719519340293 ], [ 34.012719518690915, -12.113489461069719 ], [ 34.011549513299428, -12.113719519340293 ], [ 34.009039469495974, -12.114639575256149 ], [ 34.006989540434972, -12.115629511192935 ], [ 34.005819535942862, -12.117979553913244 ], [ 34.005529455120325, -12.119249537835856 ], [ 34.005169494276799, -12.120909582011564 ], [ 34.005169494276799, -12.122109510545442 ], [ 34.005289539380783, -12.124369606671962 ], [ 34.005869525658113, -12.127119566214958 ], [ 34.00644951103618, -12.129419443852214 ], [ 34.007919453819795, -12.131669506242645 ], [ 34.009909535696579, -12.131559493975431 ], [ 34.011139563640029, -12.130749450326846 ], [ 34.013239481516905, -12.129599511508218 ], [ 34.014639544279589, -12.129419443852214 ], [ 34.015869571323719, -12.129419443852214 ], [ 34.017389503822585, -12.129939582046006 ], [ 34.020309499084192, -12.13097950859742 ], [ 34.021769584398839, -12.132299482235283 ], [ 34.023749457171789, -12.134309454417746 ], [ 34.025279598774489, -12.135859485426863 ], [ 34.027439540102762, -12.13804952616465 ], [ 34.029309575976185, -12.139769592892378 ], [ 34.030129477093737, -12.140629450888412 ], [ 34.030829508475108, -12.142589608723426 ], [ 34.029899595090285, -12.14350948927148 ], [ 34.028489498591512, -12.146209459998545 ], [ 34.027909513213501, -12.147299551632955 ], [ 34.026789498436642, -12.148799592926821 ], [ 34.026149489607292, -12.149829485742146 ], [ 34.025339445958707, -12.151099470564077 ], [ 34.022929556054237, -12.153749450676571 ], [ 34.02240959322819, -12.15478955259573 ], [ 34.021639505558767, -12.156109526233593 ], [ 34.020889485361522, -12.157599535590066 ], [ 34.019889515688646, -12.159159600335215 ], [ 34.019239474022584, -12.16024951570256 ], [ 34.018139524919206, -12.16185957016296 ], [ 34.01643952386496, -12.164629596278814 ], [ 34.015089450817527, -12.165369584538666 ], [ 34.013739554037215, -12.166119605635231 ], [ 34.01240954756264, -12.166699591013241 ], [ 34.010469455401108, -12.167329567005879 ], [ 34.009069568905545, -12.168819575462976 ], [ 34.008539572343466, -12.170089559385588 ], [ 34.007779518410075, -12.17146955647479 ], [ 34.005969505088615, -12.173429538042683 ], [ 34.003569472653112, -12.174349594857858 ], [ 34.00215955242146, -12.174989603687209 ], [ 34.001109593932654, -12.175959473051194 ], [ 33.999649508618006, -12.177629550962934 ], [ 33.998999466052567, -12.178619486899777 ], [ 33.998359458122536, -12.17998945025289 ], [ 33.997709591824275, -12.181599504713347 ], [ 33.997249476182446, -12.182869488635959 ], [ 33.996489597616915, -12.184589556262949 ], [ 33.993559569518595, -12.189539589380502 ], [ 33.9924995772937, -12.191039455306566 ], [ 33.990749586524259, -12.194659481949486 ], [ 33.988819528098816, -12.198169496325136 ], [ 33.987409607867164, -12.200179468507599 ], [ 33.985829476549156, -12.202259496078852 ], [ 33.985189468619126, -12.203459599980533 ], [ 33.9835494901169, -12.206049557541007 ], [ 33.982849458735586, -12.207029460641024 ], [ 33.981439539403254, -12.208869573372056 ], [ 33.980799530573904, -12.210019512190684 ], [ 33.980149488907841, -12.211109603825093 ], [ 33.979269565238269, -12.212959573125772 ], [ 33.978749602412279, -12.214629474770391 ], [ 33.978049571030908, -12.216629589483944 ], [ 33.977739599902691, -12.218079465694757 ], [ 33.977399529364845, -12.220029591592322 ], [ 33.977399529364845, -12.22111950695961 ], [ 33.976059489154125, -12.222099586326806 ], [ 33.974939474377265, -12.222789583972087 ], [ 33.973829492437176, -12.222739594256836 ], [ 33.97289957905241, -12.221589480070406 ], [ 33.970619591720833, -12.221819538340981 ], [ 33.96803949162927, -12.223429592801438 ], [ 33.966989532241143, -12.224289449898151 ], [ 33.965169486082971, -12.223429592801438 ], [ 33.96388946842427, -12.222109442896453 ], [ 33.962659617647262, -12.220949471241056 ], [ 33.960729558322498, -12.220149460429184 ], [ 33.959269473007851, -12.218889510242661 ], [ 33.9586294641785, -12.217059606615521 ], [ 33.957399612502172, -12.21398946594104 ], [ 33.956639558568838, -12.213139465413974 ], [ 33.954879534962629, -12.212619502587927 ], [ 33.951839494597039, -12.212969606861805 ], [ 33.949969457824295, -12.213129608844326 ], [ 33.947569601655857, -12.213309501132528 ], [ 33.946399597163747, -12.212969606861805 ], [ 33.944419549022996, -12.212909583410521 ], [ 33.943129498527583, -12.213539559403102 ], [ 33.942249574858067, -12.214689497322411 ], [ 33.941139592917921, -12.215619586974299 ], [ 33.941139592917921, -12.215549530686246 ], [ 33.940729466092023, -12.215329506151761 ], [ 33.939269557044497, -12.214279546763635 ], [ 33.938449479659823, -12.212909583410521 ], [ 33.937629578542271, -12.211699446672071 ], [ 33.935879588672151, -12.210089567579416 ], [ 33.934709583280721, -12.210089567579416 ], [ 33.933599601340575, -12.210889578391289 ], [ 33.932369574296445, -12.21100944812747 ], [ 33.931319614908375, -12.210669553856803 ], [ 33.929619614753449, -12.21048948530148 ], [ 33.928629502549541, -12.209809520492911 ], [ 33.927639565713434, -12.209289556767601 ], [ 33.925589461284687, -12.209349580218884 ], [ 33.922719455738331, -12.210089567579416 ], [ 33.920079508462607, -12.209229534215581 ], [ 33.917979590585674, -12.207789515473735 ], [ 33.915709460723065, -12.208139442581171 ], [ 33.913539486558136, -12.209619594468677 ], [ 33.910849549567104, -12.212109572598649 ], [ 33.910429566171615, -12.210269460766938 ], [ 33.910379576456364, -12.208769593941554 ], [ 33.910379576456364, -12.207389597751671 ], [ 33.910439599008328, -12.205719520739251 ], [ 33.90955949907169, -12.203819560824002 ], [ 33.908629585686867, -12.202209506363602 ], [ 33.90716950037222, -12.199909453358543 ], [ 33.906239586987397, -12.19783945862406 ], [ 33.90599949588011, -12.196749543256772 ], [ 33.905069582495287, -12.194909606792862 ], [ 33.903789564836586, -12.192659543503112 ], [ 33.903139523170523, -12.191399592417213 ], [ 33.901859506411142, -12.18995957277599 ], [ 33.90103960529359, -12.189089506575442 ], [ 33.899579519978943, -12.188119460045016 ], [ 33.898289469483473, -12.187249570111533 ], [ 33.89682955953657, -12.186849476122404 ], [ 33.895599532492497, -12.186739463855133 ], [ 33.892909595501465, -12.187429462399734 ], [ 33.891989538686289, -12.188179483496299 ], [ 33.891039559628041, -12.188749611405399 ], [ 33.889579473414017, -12.18892950459292 ], [ 33.888699549744501, -12.187599497218969 ], [ 33.888059540915151, -12.186219501029086 ], [ 33.887169584408866, -12.185359467665251 ], [ 33.885189535368795, -12.184609446568686 ], [ 33.883319499495371, -12.185239597929069 ], [ 33.881629532177215, -12.187259602948245 ], [ 33.88073957477161, -12.188689588853379 ], [ 33.878749493794146, -12.190879453324044 ], [ 33.87664957501795, -12.191339569865193 ], [ 33.875229446581727, -12.190589548768628 ], [ 33.874139530315119, -12.18892950459292 ], [ 33.873259606645604, -12.186679441303113 ], [ 33.872849480719026, -12.185639514751756 ], [ 33.872099459622405, -12.183689566020632 ], [ 33.870809585394113, -12.181499525282845 ], [ 33.869289476628069, -12.178459484917255 ], [ 33.867599509309969, -12.176149575342606 ], [ 33.867249581303213, -12.174889447989585 ], [ 33.867489496143378, -12.173269536060218 ], [ 33.867659531861932, -12.172069608425659 ], [ 33.867839600417255, -12.170979516791249 ], [ 33.868019492705457, -12.169579454028508 ], [ 33.867949612684527, -12.167929442689569 ], [ 33.868079515257477, -12.166829493586192 ], [ 33.868239517239999, -12.16556954339967 ], [ 33.868489465816253, -12.164129523758447 ], [ 33.868669534371577, -12.162639514402031 ], [ 33.868139537809498, -12.161079449656825 ], [ 33.867369451039394, -12.158549514648314 ], [ 33.866159489668746, -12.156939460187914 ], [ 33.86393952578851, -12.15544945173076 ], [ 33.861189566245514, -12.154349502627383 ], [ 33.85931953037209, -12.155039501171984 ], [ 33.858849556361974, -12.156199472827382 ], [ 33.858779500973242, -12.157339554177042 ], [ 33.859139461816767, -12.159069478373681 ], [ 33.858139492143891, -12.160549453994065 ], [ 33.855859505711692, -12.160509497115527 ], [ 33.853389593255201, -12.159869488286233 ], [ 33.851589613669773, -12.160389452011543 ], [ 33.848899500411676, -12.161949516756749 ], [ 33.847089487090216, -12.162869572672605 ], [ 33.845619544306601, -12.163149444391308 ], [ 33.843359448180024, -12.161999506472 ], [ 33.840659477452959, -12.161999506472 ], [ 33.8395394626761, -12.162279553558506 ], [ 33.837849495358, -12.162859539835836 ], [ 33.837029594240448, -12.16383944293591 ], [ 33.836089471751791, -12.164869512018299 ], [ 33.834749607808192, -12.164869512018299 ], [ 33.833229499042204, -12.163779595751691 ], [ 33.832349575372632, -12.162569459013298 ], [ 33.830949512609948, -12.16193948302066 ], [ 33.829199521840508, -12.162389566725096 ], [ 33.827499521685638, -12.163379502661883 ], [ 33.826029578902023, -12.164629596278814 ], [ 33.82513944612856, -12.166199518492931 ], [ 33.82461948240325, -12.167739517564655 ], [ 33.82455945985123, -12.169419452046043 ], [ 33.825319513784564, -12.171309554492325 ], [ 33.825499582339887, -12.172869442970352 ], [ 33.8252594912326, -12.174139603160086 ], [ 33.824499613566388, -12.175689458801457 ], [ 33.823039527352364, -12.177309546098627 ], [ 33.82149952917996, -12.178849545170351 ], [ 33.820109499254045, -12.180399577078788 ], [ 33.818809592188984, -12.182359559546001 ], [ 33.817709466818485, -12.184609446568686 ], [ 33.816589452041626, -12.186439525563628 ], [ 33.81377946994661, -12.18822947321155 ], [ 33.810449524126284, -12.187249570111533 ], [ 33.807699563683968, -12.187589464382256 ], [ 33.805359554699749, -12.187939567756814 ], [ 33.803489518826268, -12.189719481668703 ], [ 33.802719607423967, -12.191099478757906 ], [ 33.800619513279969, -12.191839466118438 ], [ 33.79891951222578, -12.1929996140409 ], [ 33.79826947055966, -12.194539612213305 ], [ 33.79768948518165, -12.196269536409943 ], [ 33.797389546890145, -12.19736948551332 ], [ 33.796919573779348, -12.199209598244295 ], [ 33.795339618728462, -12.201159546975475 ], [ 33.792829574025689, -12.202309485794103 ], [ 33.791359454974895, -12.202539544064678 ], [ 33.790019591031353, -12.202819591151183 ], [ 33.788959598806514, -12.203229541709959 ], [ 33.78690949437771, -12.204029552521774 ], [ 33.784869599052797, -12.205689596697482 ], [ 33.78281949462405, -12.207599589449444 ], [ 33.781119493569804, -12.209029575354577 ], [ 33.779889466525731, -12.210239536725169 ], [ 33.778839507137604, -12.211509520647837 ], [ 33.777899560916069, -12.212769471733679 ], [ 33.775839599018354, -12.214959512471466 ], [ 33.77379952742632, -12.216609522911085 ], [ 33.771099557598575, -12.219499595030243 ], [ 33.769809507103105, -12.221969507486733 ], [ 33.767239615216113, -12.222309578024579 ], [ 33.765129488235345, -12.222539460028031 ], [ 33.764019506295256, -12.222779551135318 ], [ 33.761029455644916, -12.223349503676616 ], [ 33.759399510878779, -12.223009609405892 ], [ 33.75705950099524, -12.22242944776076 ], [ 33.754189495448884, -12.222769518298605 ], [ 33.753669532622894, -12.220699523564122 ], [ 33.75348946406757, -12.21942953874219 ], [ 33.753269615800207, -12.217709472014462 ], [ 33.753089547244883, -12.216559534095154 ], [ 33.752739619238071, -12.214949478735434 ], [ 33.752569584418836, -12.213739518264106 ], [ 33.752679596686107, -12.211949570616127 ], [ 33.752629606970856, -12.210749466714446 ], [ 33.752629606970856, -12.209589495059106 ], [ 33.752289536433011, -12.207519500324622 ], [ 33.752289536433011, -12.205739586412733 ], [ 33.752109467877688, -12.204309600507599 ], [ 33.751879585874235, -12.201719466680004 ], [ 33.75165956044043, -12.199989542483365 ], [ 33.751589505051641, -12.198379488022908 ], [ 33.75153951533639, -12.196769608930254 ], [ 33.75165956044043, -12.195449459924589 ], [ 33.751719583891713, -12.193719535727951 ], [ 33.751839453627952, -12.192569596909323 ], [ 33.752479461557982, -12.191359460170929 ], [ 33.754349497431406, -12.189639568811003 ], [ 33.755529535659605, -12.187509551524556 ], [ 33.755119585100829, -12.186299590153908 ], [ 33.752729586401358, -12.184859570512742 ], [ 33.750439566233069, -12.183879491145547 ], [ 33.747929521530239, -12.182609507222935 ], [ 33.746709527322878, -12.180889440495264 ], [ 33.746539492503643, -12.179569466857345 ], [ 33.746299576764102, -12.17801961121603 ], [ 33.746069518493528, -12.176859463293567 ], [ 33.745429510563497, -12.174559586555631 ], [ 33.744909547737507, -12.173589540924524 ], [ 33.744379551175371, -12.172599604088418 ], [ 33.74315955696801, -12.170819514808727 ], [ 33.741169475091226, -12.169379495167505 ], [ 33.727489555598538, -12.164189546310467 ], [ 33.72538946145454, -12.160859601389461 ], [ 33.718909463001353, -12.151479497081084 ], [ 33.711849478270835, -12.143069439303133 ], [ 33.708349496731955, -12.137269581925636 ], [ 33.702229459122293, -12.129889593230075 ], [ 33.69726956853583, -12.122579483656182 ], [ 33.694349573274224, -12.119359551002447 ], [ 33.694359607010313, -12.117289556267963 ], [ 33.694769557569089, -12.112789605955527 ], [ 33.695189540964577, -12.108439448521665 ], [ 33.697409504844813, -12.105439540402415 ], [ 33.699649534398532, -12.102569534856116 ], [ 33.700869528605892, -12.101289517197415 ], [ 33.701689605990566, -12.100439516670292 ], [ 33.702919457666894, -12.098659602758403 ], [ 33.704449599269651, -12.096589608023919 ], [ 33.705269499487883, -12.0956095295561 ], [ 33.705909508317234, -12.094689472740924 ], [ 33.706499527431276, -12.093709569640907 ], [ 33.707549486819403, -12.092449443187206 ], [ 33.708139505034183, -12.091469540087132 ], [ 33.709189464422309, -12.08962960272396 ], [ 33.709899528640392, -12.088599534540833 ], [ 33.71082961829228, -12.087039469795627 ], [ 33.711539507142618, -12.085839541261748 ], [ 33.712529619346526, -12.084569557339137 ], [ 33.713239507297487, -12.083589477971998 ], [ 33.714059584682161, -12.082209481782115 ], [ 33.714819463247693, -12.081009553248236 ], [ 33.715639539733047, -12.079739569325625 ], [ 33.716749521673137, -12.077839610309695 ], [ 33.717389530502487, -12.076679462387233 ], [ 33.718449522727326, -12.074909582211376 ], [ 33.719799595774759, -12.072499516039784 ], [ 33.720449461173757, -12.071169509565152 ], [ 33.721089470003108, -12.069679500208736 ], [ 33.721629499401899, -12.068699597108662 ], [ 33.722259474495218, -12.06691950782897 ], [ 33.722619611605865, -12.065879581277613 ], [ 33.723199596983875, -12.064729467091183 ], [ 33.723849463282136, -12.063689541439146 ], [ 33.724319612660054, -12.062549460089485 ], [ 33.724909455507031, -12.061449510986108 ], [ 33.72536957114886, -12.059899479976991 ], [ 33.726019612814923, -12.058169555780353 ], [ 33.726129449714392, -12.056389465601285 ], [ 33.726199505103125, -12.054029565412065 ], [ 33.726149515387874, -12.052249476132374 ], [ 33.726439597109788, -12.051159560765086 ], [ 33.726909570220528, -12.049999589109689 ], [ 33.728669593826737, -12.047599556674129 ], [ 33.729899445503065, -12.044939542825603 ], [ 33.730189526325603, -12.043689449208671 ], [ 33.730429617432947, -12.042419465286059 ], [ 33.730489463717845, -12.041149481363448 ], [ 33.730369593981607, -12.040749563641384 ], [ 33.731489609657785, -12.039879497440836 ], [ 33.732549601882681, -12.03890945091041 ], [ 33.734349581468052, -12.037989571261676 ], [ 33.736229474810443, -12.036959502179229 ], [ 33.737509492469144, -12.036199448245895 ], [ 33.738679496961254, -12.035699551093387 ], [ 33.739799511738113, -12.035109531979288 ], [ 33.741079528497494, -12.03459960199001 ], [ 33.742659484447699, -12.033569533806883 ], [ 33.743419538381033, -12.032469584703506 ], [ 33.744179592314367, -12.031209458249862 ], [ 33.745059515983939, -12.030169531698505 ], [ 33.745879593368613, -12.029429544337972 ], [ 33.747809476426255, -12.027979491860037 ], [ 33.747809476426255, -12.026549505055584 ], [ 33.748049567533542, -12.023669466672516 ], [ 33.748109590085562, -12.02194957621191 ], [ 33.747999577818291, -12.020619568837958 ], [ 33.748129480391242, -12.019179550096112 ], [ 33.748179470106493, -12.018029611277484 ], [ 33.74794958810304, -12.01676948392452 ], [ 33.747429449009928, -12.014529454370802 ], [ 33.747019498451152, -12.01297959872943 ], [ 33.745959506226257, -12.011129453161686 ], [ 33.74555958940357, -12.008769552972467 ], [ 33.745799504243791, -12.007449579334548 ], [ 33.746209454802568, -12.005899547426111 ], [ 33.74685949646863, -12.004629563503499 ], [ 33.747499505297981, -12.00359949442111 ], [ 33.74802950096074, -12.002329510498441 ], [ 33.747739596405324, -12.000779478590005 ], [ 33.747729562669235, -11.998939542126095 ], [ 33.747899598387789, -11.996049470906314 ], [ 33.748069457839279, -11.99507960064301 ], [ 33.748309548946565, -11.993639581001844 ], [ 33.748359538661816, -11.992829537353202 ], [ 33.748699609199662, -11.991099613156564 ], [ 33.749109559758438, -11.990349592059999 ], [ 33.751629461030859, -11.989309490140784 ], [ 33.753189526675385, -11.986709499743597 ], [ 33.753309571779369, -11.98548950463686 ], [ 33.753479607497923, -11.98261949998988 ], [ 33.753299538942599, -11.981059610612476 ], [ 33.754459510597997, -11.979219497881502 ], [ 33.756379536186671, -11.976779509466724 ], [ 33.756839476460698, -11.976099543758892 ], [ 33.757309449571494, -11.97534952266227 ], [ 33.757649520109339, -11.972919567983638 ], [ 33.757939600931877, -11.972179579723786 ], [ 33.75822950548735, -11.971019608068389 ], [ 33.758519586309887, -11.970329609523787 ], [ 33.759279464875476, -11.968879557045852 ], [ 33.760149531975344, -11.967899478578033 ], [ 33.761549594738085, -11.966119564666144 ], [ 33.76223959238331, -11.965189475014199 ], [ 33.763939593437556, -11.963639443105762 ], [ 33.765749606759016, -11.96114946497579 ], [ 33.76718945013306, -11.957969488301217 ], [ 33.767599576059638, -11.957169477489344 ], [ 33.76782945896241, -11.955899493566733 ], [ 33.767939471229681, -11.954979613018679 ], [ 33.767819601493443, -11.953639572808015 ], [ 33.767639532938119, -11.950659554994445 ], [ 33.767989460944932, -11.949389571071777 ], [ 33.768739482041497, -11.947889528878591 ], [ 33.769259444867544, -11.947129474945257 ], [ 33.790149493604304, -11.936889513540166 ], [ 33.792539493203094, -11.935669519332805 ], [ 33.792599515755114, -11.934909465399471 ], [ 33.78755953604383, -11.931579519579145 ], [ 33.779829619341513, -11.925909564774543 ], [ 33.767719445795819, -11.917119479580265 ], [ 33.768009526618414, -11.915969540761637 ], [ 33.768299607441008, -11.915109507397801 ], [ 33.768819571166318, -11.913029479826605 ], [ 33.76956959226294, -11.909909525703995 ], [ 33.769739450815052, -11.90915950460743 ], [ 33.770609517914977, -11.90547945541249 ], [ 33.771579563546084, -11.899889589732709 ], [ 33.772049537556143, -11.897979596980747 ], [ 33.77741955406924, -11.877859458746968 ], [ 33.781829557787887, -11.887519611041171 ], [ 33.787659515474331, -11.884619506085301 ], [ 33.787589459186222, -11.882259605896024 ], [ 33.788809453393583, -11.878919450971864 ], [ 33.790079613583373, -11.871249557720887 ], [ 33.791449576936486, -11.864399564688085 ], [ 33.786549533534185, -11.844759609568257 ], [ 33.788039542890658, -11.833919596212354 ], [ 33.788959598806514, -11.829019552810053 ], [ 33.789069611073728, -11.828209508262148 ], [ 33.789929469069818, -11.821929468670021 ], [ 33.790099503889053, -11.821119600389181 ], [ 33.791069550419479, -11.812999448066023 ], [ 33.791589513245469, -11.809939516495433 ], [ 33.791759548064761, -11.808729555124842 ], [ 33.792219488338787, -11.806129564727598 ], [ 33.792279510890751, -11.805379543630977 ], [ 33.792209455502018, -11.802789586070503 ], [ 33.791979573498566, -11.801979542421918 ], [ 33.790739512718403, -11.800489533065445 ], [ 33.788869476844923, -11.798309526063747 ], [ 33.787589459186222, -11.796299553881283 ], [ 33.787349544346057, -11.795599522499913 ], [ 33.786819547783978, -11.793759586036003 ], [ 33.786579456676634, -11.792779506668865 ], [ 33.786459586940452, -11.791859450753009 ], [ 33.786399564388432, -11.790589465931077 ], [ 33.78690949437771, -11.788339578908392 ], [ 33.786859504662459, -11.786959582718509 ], [ 33.78690949437771, -11.786029493066621 ], [ 33.787019506644981, -11.784709519428759 ], [ 33.787199575200304, -11.783559581509451 ], [ 33.787299554630806, -11.78176945849367 ], [ 33.787299554630806, -11.781019612764851 ], [ 33.787179508627446, -11.779349535752431 ], [ 33.787299554630806, -11.778259444118021 ], [ 33.787119486075483, -11.776989460195409 ], [ 33.786879571235261, -11.776069579647356 ], [ 33.786409597225202, -11.774749606009436 ], [ 33.785179570181072, -11.772619588722989 ], [ 33.783419546574862, -11.770319535717931 ], [ 33.781019514139302, -11.768429609538828 ], [ 33.760199521690652, -11.755629613715655 ], [ 33.765179477950596, -11.742879607607733 ], [ 33.7481495469641, -11.702419483772132 ], [ 33.746329499906551, -11.679839466817896 ], [ 33.744509453748321, -11.654829494285707 ], [ 33.743129457558496, -11.638649563826277 ], [ 33.744399617748229, -11.634089590062501 ], [ 33.758819524601449, -11.635489477457384 ], [ 33.771719499855067, -11.636959595608801 ], [ 33.775849456487265, -11.632339600192324 ], [ 33.783599615130186, -11.607469563069856 ], [ 33.786369464978861, -11.599169518458439 ], [ 33.78805960856414, -11.595999574620635 ], [ 33.793489472261399, -11.598979592434205 ], [ 33.794539607916647, -11.59816954878562 ], [ 33.796809560612758, -11.596259556033658 ], [ 33.798089578271458, -11.594469609284999 ], [ 33.799599477034292, -11.592969567091814 ], [ 33.801349467803732, -11.591119596891815 ], [ 33.801629515789557, -11.590019472420693 ], [ 33.802859542833687, -11.588349570776018 ], [ 33.804429465047804, -11.587429514860162 ], [ 33.805769505258525, -11.587019564301386 ], [ 33.807579518579985, -11.586379555472035 ], [ 33.81019957555003, -11.585399477004216 ], [ 33.813399618797405, -11.584689588153935 ], [ 33.815559559226301, -11.584399507331341 ], [ 33.817439452568749, -11.584169449060767 ], [ 33.818419531935888, -11.583989556772565 ], [ 33.821689454304931, -11.583809488217241 ], [ 33.822439475401495, -11.583279492554482 ], [ 33.82342958760546, -11.582879574832475 ], [ 33.824019606719503, -11.581669613461827 ], [ 33.824719461833752, -11.581199464083966 ], [ 33.826509584849532, -11.579749587873152 ], [ 33.827619566789622, -11.57830956823193 ], [ 33.828549480174445, -11.577509557420115 ], [ 33.829419547274313, -11.575889470122888 ], [ 33.830059556103663, -11.574679508752297 ], [ 33.832219496532616, -11.574039499922947 ], [ 33.833209608736524, -11.573969444534214 ], [ 33.834039542690789, -11.574149513089537 ], [ 33.836119571161305, -11.574139479353448 ], [ 33.837589513944977, -11.574249492520039 ], [ 33.838349567878311, -11.574199502804788 ], [ 33.840679544025761, -11.573729528794672 ], [ 33.841959561684462, -11.573149543416662 ], [ 33.842179586219004, -11.572169464049466 ], [ 33.841609457410584, -11.570609575571382 ], [ 33.84129948628231, -11.569629496204243 ], [ 33.841819449108357, -11.568019441743786 ], [ 33.842989454499786, -11.566629588084993 ], [ 33.842689516208281, -11.565319471016721 ], [ 33.841159550872646, -11.564499570798489 ], [ 33.84069961059862, -11.563579513983314 ], [ 33.840759456883461, -11.562259540345451 ], [ 33.841449455428062, -11.561969459522913 ], [ 33.842269532812736, -11.561679554967441 ], [ 33.843149456482308, -11.561499486412117 ], [ 33.844019522682856, -11.561499486412117 ], [ 33.84483960006753, -11.561389474144846 ], [ 33.846069451743858, -11.561029513301378 ], [ 33.846819472840423, -11.560739607846585 ], [ 33.848219535603164, -11.559929564198001 ], [ 33.849789456917961, -11.558719602827352 ], [ 33.851709483406012, -11.556639575256156 ], [ 33.852459503603257, -11.55565949588896 ], [ 33.853039489880587, -11.554839594771408 ], [ 33.853919589817281, -11.55391953885561 ], [ 33.854909525754067, -11.553349586314312 ], [ 33.857589606175452, -11.552699544648249 ], [ 33.858749576931473, -11.552979591734697 ], [ 33.860449577985662, -11.553729612831319 ], [ 33.861029564263049, -11.554239542820596 ], [ 33.862259591307122, -11.554989563917218 ], [ 33.862959446421371, -11.555389481639224 ], [ 33.864419532635395, -11.555549483621746 ], [ 33.865119564016709, -11.555789574729033 ], [ 33.867159459341622, -11.555899586996304 ], [ 33.86879961321165, -11.556129468999757 ], [ 33.869619514329202, -11.556519529252853 ], [ 33.8717196084732, -11.556809610075391 ], [ 33.873179517520782, -11.556859599790641 ], [ 33.873989562068687, -11.55691944697486 ], [ 33.875669496550074, -11.556569518968104 ], [ 33.877959515819043, -11.556679531235318 ], [ 33.879829551692524, -11.55677951066582 ], [ 33.881279604170459, -11.555799607565802 ], [ 33.883489535213926, -11.555499493906495 ], [ 33.887479555537084, -11.556929479811572 ], [ 33.890749477906127, -11.544819482533057 ], [ 33.88975954196934, -11.544939528536361 ], [ 33.88794952864788, -11.544599457998515 ], [ 33.885619552500373, -11.544099560846007 ], [ 33.884799476015075, -11.543449519179944 ], [ 33.884159467185725, -11.543059458926848 ], [ 33.883569448071626, -11.54196954355956 ], [ 33.882459466131536, -11.540589547369677 ], [ 33.880469560521874, -11.539669490554502 ], [ 33.878549534933143, -11.539729513106522 ], [ 33.876969579882257, -11.53950948857198 ], [ 33.876039490230369, -11.539219583117244 ], [ 33.87527961166478, -11.538759467475415 ], [ 33.874339489176123, -11.53761956239282 ], [ 33.873699480346772, -11.536619592720001 ], [ 33.873169484684013, -11.535999474196331 ], [ 33.872229538462477, -11.535599557373644 ], [ 33.87118961191112, -11.535719602477627 ], [ 33.869669504044452, -11.535379531939782 ], [ 33.869079484930353, -11.53416957056919 ], [ 33.870059564297492, -11.53185948472742 ], [ 33.871279558504853, -11.530829591912095 ], [ 33.872509585548983, -11.5294395628855 ], [ 33.873209616930353, -11.528739531504129 ], [ 33.874939541126992, -11.526609513318363 ], [ 33.875759618511609, -11.525859492221741 ], [ 33.877389563277802, -11.524299603743657 ], [ 33.879199576599206, -11.523129599251547 ], [ 33.880129489984029, -11.522669482710398 ], [ 33.883849496057451, -11.521219606499585 ], [ 33.887169584408866, -11.521209572763553 ], [ 33.888169554081685, -11.521319585930087 ], [ 33.893129444668205, -11.522059573290619 ], [ 33.899779478839946, -11.522959563532993 ], [ 33.907379492069936, -11.523739507772007 ], [ 33.908479617440435, -11.523329557213231 ], [ 33.909409530825258, -11.523039476390693 ], [ 33.911799529524728, -11.522639559567949 ], [ 33.912849488912855, -11.522509480727933 ], [ 33.915879496441676, -11.521869471898583 ], [ 33.916579527822989, -11.52157956734311 ], [ 33.918089602852945, -11.521169440517212 ], [ 33.918849481418476, -11.52099958106578 ], [ 33.921069444399393, -11.520639444854453 ], [ 33.921879488947297, -11.520229494295677 ], [ 33.923629478817418, -11.519369460032522 ], [ 33.924509578754112, -11.518909520657814 ], [ 33.92682952206485, -11.518379524095735 ], [ 33.927829491737725, -11.518319501543715 ], [ 33.929119541333819, -11.518479503526237 ], [ 33.930219490437196, -11.518419480974217 ], [ 33.931499507196577, -11.518299611238035 ], [ 33.932309551744481, -11.518139609255513 ], [ 33.933599601340575, -11.517609612693434 ], [ 33.934519481888628, -11.517149497051605 ], [ 33.937379454598215, -11.515979491660175 ], [ 33.939009575631474, -11.515579574837489 ], [ 33.939709607012787, -11.515229470563554 ], [ 33.941629456334397, -11.51452943918224 ], [ 33.944019455033867, -11.513709538964008 ], [ 33.945429551532641, -11.51249957759336 ], [ 33.946699535455252, -11.5107694771296 ], [ 33.947979552214633, -11.510699597108669 ], [ 33.949909611539397, -11.51029950401886 ], [ 33.951019593479487, -11.509889553460084 ], [ 33.952179565134884, -11.50901948636016 ], [ 33.952749517676125, -11.507809525888888 ], [ 33.953979544720255, -11.508559546985452 ], [ 33.955149550111685, -11.510229447730808 ], [ 33.955799591777804, -11.51269953645442 ], [ 33.955989516902719, -11.514939566008138 ], [ 33.956349477746244, -11.516439608201324 ], [ 33.956519513464798, -11.517299465298038 ], [ 33.957109531679578, -11.519669574591148 ], [ 33.95740946997114, -11.522079463596299 ], [ 33.95740946997114, -11.522949530696224 ], [ 33.957659593915196, -11.525429475989483 ], [ 33.958069544473972, -11.527779517810472 ], [ 33.958129567925255, -11.529219537451638 ], [ 33.958259470498206, -11.53060956737761 ], [ 33.958259470498206, -11.532689594948806 ], [ 33.956639558568838, -11.534359496593424 ], [ 33.956059573190828, -11.535109517690046 ], [ 33.954899601535431, -11.536959486990668 ], [ 33.954429452157569, -11.537829554090592 ], [ 33.953959479046773, -11.53891946945788 ], [ 33.953329503054192, -11.539439608551049 ], [ 33.952459612221389, -11.539729513106522 ], [ 33.951459467180712, -11.539849559109825 ], [ 33.949769499862555, -11.540139463665241 ], [ 33.949069468481241, -11.540489567939176 ], [ 33.947909496825844, -11.54129961158776 ], [ 33.947329510548514, -11.541819574413807 ], [ 33.944659463863218, -11.543559531447158 ], [ 33.942669558253556, -11.544429598547083 ], [ 33.941799492052951, -11.544789559390608 ], [ 33.940869578668185, -11.546039476740418 ], [ 33.94058953068236, -11.548469608585549 ], [ 33.939009575631474, -11.548649500873694 ], [ 33.936859491772168, -11.549869495081111 ], [ 33.936109470675603, -11.552069568655611 ], [ 33.940849512095383, -11.558669613112102 ], [ 33.927759611716738, -11.570749510981102 ], [ 33.928179595112283, -11.572369599177591 ], [ 33.929819572715132, -11.573449481708167 ], [ 33.93097954437053, -11.573859607634745 ], [ 33.933139485698746, -11.573559493975438 ], [ 33.933839517080116, -11.573149543416662 ], [ 33.948109455686904, -11.669909476541079 ], [ 33.915509501862061, -11.676419574403781 ], [ 33.911049508428107, -11.684319526824652 ], [ 33.911359479556381, -11.688359536863118 ], [ 33.911299457004361, -11.689209537390184 ], [ 33.911659594115008, -11.691399577228651 ], [ 33.911719616667028, -11.692269468061454 ], [ 33.911829452667178, -11.693019489158075 ], [ 33.912249612329788, -11.69680955151955 ], [ 33.912259469798755, -11.698029545726911 ], [ 33.912389548638828, -11.701609439224171 ], [ 33.912619606909402, -11.703779589656278 ], [ 33.913089580020142, -11.705859441859729 ], [ 33.913279505145113, -11.706669485508314 ], [ 33.913409583985185, -11.709259443068788 ], [ 33.913579619703739, -11.710409557255218 ], [ 33.914059449384126, -11.713459455089719 ], [ 33.914059449384126, -11.714259465901591 ], [ 33.914309574227502, -11.716749444031564 ], [ 33.914249551675539, -11.71771949056199 ], [ 33.914559522803813, -11.720029576403761 ], [ 33.913559553130938, -11.722739579967595 ], [ 33.913339528596396, -11.724059553605457 ], [ 33.913049446874538, -11.724759584986828 ], [ 33.912239579493075, -11.727239530280031 ], [ 33.91124946728911, -11.729999522659796 ], [ 33.910209541637073, -11.731749513429236 ], [ 33.909569532807723, -11.732429478237805 ], [ 33.908809478874389, -11.733239522785709 ], [ 33.907939588041586, -11.734109588986314 ], [ 33.906369489560348, -11.73561948864841 ], [ 33.904979460533752, -11.737749505934914 ], [ 33.904569509974976, -11.738499527031479 ], [ 33.904209549131451, -11.739829533506111 ], [ 33.903879511430375, -11.740979472324739 ], [ 33.903529583423563, -11.74281958505577 ], [ 33.903899578003177, -11.744789600359695 ], [ 33.903949567718428, -11.745709480907749 ], [ 33.904419540829224, -11.747019597076701 ], [ 33.904539585933207, -11.748069556464827 ], [ 33.904959570228016, -11.749159471832115 ], [ 33.905249474783488, -11.750199573751274 ], [ 33.905899516449551, -11.751569537104388 ], [ 33.906189597272146, -11.752489593919563 ], [ 33.906829606101496, -11.753479529856349 ], [ 33.907309612049005, -11.754279540668222 ], [ 33.907719562607781, -11.755889595128679 ], [ 33.907429481785186, -11.756809475676732 ], [ 33.907209457250701, -11.758599598692456 ], [ 33.907259446965952, -11.759349443521955 ], [ 33.907969511184035, -11.760839452878429 ], [ 33.908499506846795, -11.761829565082337 ], [ 33.90943945396765, -11.762679564710083 ], [ 33.910199507901041, -11.763429585806705 ], [ 33.911949498670481, -11.763769480976691 ], [ 33.913639465988638, -11.763299507865952 ], [ 33.914629578192546, -11.762949579859196 ], [ 33.916209533243432, -11.763469542685186 ], [ 33.918609565678992, -11.76437956576433 ], [ 33.920129498177857, -11.765299446312326 ], [ 33.924049463112283, -11.767189548758608 ], [ 33.925739606697562, -11.767469596744434 ], [ 33.926559507815114, -11.767639455296603 ], [ 33.927439606852431, -11.767579609011705 ], [ 33.929009529066548, -11.767749468463137 ], [ 33.930709530120794, -11.768839560097547 ], [ 33.931939557164867, -11.769819463197621 ], [ 33.932639588546238, -11.770609440273404 ], [ 33.933109562556297, -11.771479507373328 ], [ 33.933819450507315, -11.77274949129594 ], [ 33.934279567048407, -11.773609524659776 ], [ 33.935169523554748, -11.774649450311813 ], [ 33.935819565220811, -11.775329591387504 ], [ 33.937499499702199, -11.775559473390956 ], [ 33.938259554534852, -11.774119454649053 ], [ 33.938369566802123, -11.771749521623065 ], [ 33.938999541895384, -11.769039518059287 ], [ 33.940389571821356, -11.766509583950096 ], [ 33.942139562590796, -11.76603960993998 ], [ 33.943129498527583, -11.765799518832694 ], [ 33.944299503019693, -11.765389568273918 ], [ 33.946929593725827, -11.765839475711175 ], [ 33.949799599272126, -11.765199466881825 ], [ 33.95141951030223, -11.763759447240659 ], [ 33.953049455068367, -11.764159541229787 ], [ 33.954219460459797, -11.763459509848474 ], [ 33.954679576101626, -11.762709488751852 ], [ 33.955329617767688, -11.762069479922502 ], [ 33.956539579138337, -11.762349527908327 ], [ 33.957419502807852, -11.76205944708579 ], [ 33.958299602744546, -11.761599506811763 ], [ 33.95893961157384, -11.761259612541039 ], [ 33.959579444136068, -11.760499557708386 ], [ 33.9609094506107, -11.758189471866615 ], [ 33.962249490821421, -11.756289512850685 ], [ 33.964049471306112, -11.755309609750668 ], [ 33.964809525239446, -11.755299576014579 ], [ 33.966159598286879, -11.755879562291909 ], [ 33.96743961504626, -11.754829602903783 ], [ 33.968949514708413, -11.75355944271405 ], [ 33.969889460929949, -11.752979457336039 ], [ 33.97057945947455, -11.753139459318561 ], [ 33.971229501140613, -11.753899513251895 ], [ 33.971519581963207, -11.754989604886305 ], [ 33.971759497702692, -11.755969507986379 ], [ 33.972179481098237, -11.757519539894815 ], [ 33.973289463038327, -11.759139451824183 ], [ 33.974629503249048, -11.758889503247929 ], [ 33.975749518025907, -11.759809560063104 ], [ 33.976559561674492, -11.760149454333828 ], [ 33.977609521062618, -11.759459455789226 ], [ 33.978779525554728, -11.760209476885791 ], [ 33.979839517779567, -11.760789463163121 ], [ 33.980589538876188, -11.760709549406158 ], [ 33.981469462545704, -11.760319489153062 ], [ 33.982229516479038, -11.760029584597589 ], [ 33.983679568956973, -11.758689544386925 ], [ 33.985139478903875, -11.758049536456895 ], [ 33.98606956855582, -11.758109559008915 ], [ 33.988119496717445, -11.758509475831602 ], [ 33.989459536928166, -11.759369510094757 ], [ 33.990279613413463, -11.760049474903326 ], [ 33.991979614467709, -11.761089576822485 ], [ 33.992509610130469, -11.761719551915746 ], [ 33.992859538137225, -11.762459540175598 ], [ 33.993029573855779, -11.76372952409821 ], [ 33.992979584140528, -11.764769449750247 ], [ 33.992809548421974, -11.766499550214007 ], [ 33.992639513602739, -11.767529443029332 ], [ 33.992469477884129, -11.768229474410646 ], [ 33.992299618432696, -11.768979495507267 ], [ 33.991899525342888, -11.770189456877858 ], [ 33.991439585068861, -11.770829465707209 ], [ 33.990499462580203, -11.771459440800527 ], [ 33.98839954470327, -11.772209461897091 ], [ 33.987579467318596, -11.772679611275009 ], [ 33.985839510285246, -11.774979488012889 ], [ 33.985729498017974, -11.776139459668286 ], [ 33.985789520569995, -11.777359453875647 ], [ 33.985739530854744, -11.778509568062077 ], [ 33.984569526362577, -11.779659506880705 ], [ 33.983589446995438, -11.780589596532593 ], [ 33.982589477322563, -11.781399463914056 ], [ 33.981489529118505, -11.783819562922417 ], [ 33.981259470847931, -11.784629606571059 ], [ 33.98120948113268, -11.785439473952522 ], [ 33.9812695036847, -11.786539599323021 ], [ 33.98068951830669, -11.78825948978357 ], [ 33.980229578032663, -11.788949488328171 ], [ 33.979179618644537, -11.790269461966034 ], [ 33.978779525554728, -11.791259574169942 ], [ 33.978609489836117, -11.79252955809261 ], [ 33.978429597547915, -11.793339601741195 ], [ 33.978199539277341, -11.794489540559823 ], [ 33.97814954956209, -11.795249594493157 ], [ 33.977979514742856, -11.796459555863748 ], [ 33.97768961018744, -11.797319589227641 ], [ 33.977169471094271, -11.798019445241152 ], [ 33.976409592528739, -11.798939501157008 ], [ 33.973969604114018, -11.801139574731565 ], [ 33.973329595284667, -11.801769549824826 ], [ 33.9727496099066, -11.802869498928203 ], [ 33.972869479642839, -11.804879471110667 ], [ 33.972179481098237, -11.806389546140622 ], [ 33.971599494820907, -11.80741943895589 ], [ 33.970489512880761, -11.808229482604474 ], [ 33.967799575889785, -11.809099549704399 ], [ 33.966529591967173, -11.810549602182334 ], [ 33.965069506652469, -11.812739466652999 ], [ 33.963679476726497, -11.814889549612985 ], [ 33.962979445345184, -11.815979465879593 ], [ 33.962159544227632, -11.817309472354225 ], [ 33.961059596023574, -11.818919526814682 ], [ 33.960479609746244, -11.819499513092012 ], [ 33.959149603271612, -11.820939531833858 ], [ 33.958329525886938, -11.822169559777308 ], [ 33.957869586512231, -11.822789502033856 ], [ 33.956699581120802, -11.823719591685744 ], [ 33.954079524150757, -11.824019529077987 ], [ 33.951689525451286, -11.824499535924815 ], [ 33.949649453859251, -11.825539461576852 ], [ 33.948309589915709, -11.826859611481837 ], [ 33.946329541774958, -11.829229544507825 ], [ 33.945749555497628, -11.830379482427134 ], [ 33.945579520678393, -11.831199559811807 ], [ 33.945349462407819, -11.833369533976793 ], [ 33.944479571575016, -11.835229537013504 ], [ 33.942789604256859, -11.836209440113521 ], [ 33.942499523434321, -11.83724954203268 ], [ 33.942559545986285, -11.838689560774583 ], [ 33.942159452896476, -11.839389592155896 ], [ 33.940239602675547, -11.841349574623109 ], [ 33.938609481642288, -11.841589490362651 ], [ 33.937609512868789, -11.842449523726486 ], [ 33.937089549143423, -11.843089531656517 ], [ 33.935409614662035, -11.844469528745719 ], [ 33.933829484243347, -11.844659453870634 ], [ 33.932719502303257, -11.845639533237829 ], [ 33.93091952181851, -11.846619612604968 ], [ 33.928759580490294, -11.847839606812386 ], [ 33.927829491737725, -11.84852960535693 ], [ 33.927189482908375, -11.849109590734997 ], [ 33.925609527857489, -11.850209539838374 ], [ 33.924849473024835, -11.850669480112344 ], [ 33.923399596813965, -11.851379544330484 ], [ 33.922879457720853, -11.85275954052031 ], [ 33.922989470887444, -11.854949581258097 ], [ 33.922359494894806, -11.856269554896016 ], [ 33.921959578072119, -11.856959553440618 ], [ 33.921089510972195, -11.858239570199942 ], [ 33.920799606416779, -11.858929568744543 ], [ 33.919629601924669, -11.859749469862095 ], [ 33.918169515710645, -11.860319597771195 ], [ 33.917479518065363, -11.861589581693806 ], [ 33.917709575436618, -11.86244943968984 ], [ 33.917889467724819, -11.863489541608999 ], [ 33.917659585721367, -11.864759525531611 ], [ 33.917369504898772, -11.865509546628232 ], [ 33.916679507253491, -11.86717944827285 ], [ 33.916209533243432, -11.868099504188706 ], [ 33.915579558150114, -11.868799535570076 ], [ 33.91481950421678, -11.869729448954843 ], [ 33.91376954482871, -11.870709528322038 ], [ 33.912959501180069, -11.871399526866639 ], [ 33.912549550621293, -11.872149547963204 ], [ 33.912319492350719, -11.873599600441139 ], [ 33.912149457531484, -11.874349445270639 ], [ 33.911509448702134, -11.875029586346272 ], [ 33.910579535317368, -11.877569554191552 ], [ 33.910579535317368, -11.878319575288117 ], [ 33.910469523050097, -11.8791294435689 ], [ 33.908659509728636, -11.881089601403914 ], [ 33.906739484139905, -11.882249573059312 ], [ 33.906169530699344, -11.883359554999402 ], [ 33.906339566417898, -11.884329600630508 ], [ 33.906749516976674, -11.885009566338397 ], [ 33.906989608084018, -11.88570959771971 ], [ 33.906869562080658, -11.886809545923768 ], [ 33.906759549813444, -11.888409567547455 ], [ 33.906349599254668, -11.889399503484242 ], [ 33.905829460161499, -11.889919467209609 ], [ 33.905249474783488, -11.891939472228842 ], [ 33.905609611894135, -11.892859528144641 ], [ 33.905489565890832, -11.893609549241262 ], [ 33.904559476238887, -11.894539462626028 ], [ 33.908449518030864, -11.904539509190954 ], [ 33.908089557187338, -11.918319583481946 ], [ 33.909679545074994, -11.921999457309084 ], [ 33.908419593989095, -11.930589582742982 ], [ 33.907289546375523, -11.943209510010831 ], [ 33.907179533208932, -11.94446946109673 ], [ 33.906279543865935, -11.955489543007957 ], [ 33.908649475992547, -11.962619583127207 ], [ 33.91117958726818, -11.970169607541322 ], [ 33.911299457004361, -11.970919452370765 ], [ 33.915019463077783, -11.982429573965646 ], [ 33.918559575963684, -11.99325955448478 ], [ 33.921339459548449, -12.000899524593365 ], [ 34.022019532975094, -12.00177944826288 ], [ 34.022129545242365, -12.004939534631774 ], [ 34.022769554071715, -12.009139546652705 ], [ 34.023589455189267, -12.01189953993179 ], [ 34.024229464018617, -12.015349531755419 ], [ 34.024749603111729, -12.018169546687204 ], [ 34.02538961104176, -12.021279467973045 ], [ 34.026209512159312, -12.02375958863405 ], [ 34.028369453487528, -12.025299587705774 ], [ 34.029719526534961, -12.025479479993976 ], [ 34.031469516405082, -12.025019539719949 ], [ 34.034509557669992, -12.025189575438503 ], [ 34.036439616095436, -12.025879573083785 ], [ 34.037309506928239, -12.028699588914833 ], [ 34.036669498098888, -12.032429452457222 ], [ 34.036419550421954, -12.033699612646956 ], [ 34.035839564144624, -12.036749510481457 ], [ 34.035789574429373, -12.0387594817646 ], [ 34.035609505874049, -12.039969443135249 ], [ 34.035489460770066, -12.042089603852105 ], [ 34.034979530780788, -12.045259547689909 ], [ 34.034089574274503, -12.047159506705839 ], [ 34.033329519441793, -12.048249598340249 ], [ 34.031869610394267, -12.049869510269616 ], [ 34.03086946445427, -12.050609497630148 ], [ 34.028179527463294, -12.05199952755612 ], [ 34.027009522971184, -12.052739515815972 ], [ 34.024319585980152, -12.054519605095663 ], [ 34.023099591772791, -12.055329473376446 ], [ 34.022099445832794, -12.055959448469707 ], [ 34.021169532448027, -12.056769493017669 ], [ 34.019529554845121, -12.057809594936828 ], [ 34.018889546015771, -12.058839487752095 ], [ 34.017009477305578, -12.06154949041661 ], [ 34.015549567358676, -12.063959555688882 ], [ 34.014679500258808, -12.06683959497127 ], [ 34.014499607970606, -12.067989532890579 ], [ 34.01396961230779, -12.0703496084476 ], [ 34.013849566304486, -12.0722995580781 ], [ 34.0151396167999, -12.076729452102484 ], [ 34.015779449362128, -12.080009584474681 ], [ 34.016069530184723, -12.081389580664563 ], [ 34.016709539014073, -12.084209596495612 ], [ 34.016879573833307, -12.085589592685494 ], [ 34.016829584118057, -12.087019579489947 ], [ 34.016879573833307, -12.089799462175392 ], [ 34.018109601776757, -12.091919446625127 ], [ 34.018699444623735, -12.092889493155553 ], [ 34.020569480497159, -12.096399506631883 ], [ 34.021089619590327, -12.097549445450511 ], [ 34.022259448714635, -12.100539496100794 ], [ 34.023889568848574, -12.102389466300792 ], [ 34.025879474458236, -12.10468951930585 ], [ 34.02663952929089, -12.105489530117666 ], [ 34.028219484341776, -12.106929548859569 ], [ 34.030549460489283, -12.109569496135293 ], [ 34.032419496362706, -12.111529478602506 ], [ 34.0338896154135, -12.113479603600751 ], [ 34.034649493079712, -12.114569519867416 ], [ 34.034639460242943, -12.115489575783272 ] ] ] ] } },
{ "type": "Feature", "properties": { "SitRecID": 6669, "Country": "Malawi", "ISO3": "MWI", "NatName": "Mtangatanga and Perekezi Forest Reserves", "IntName": "Mtangatanga and Perekezi Forest Reserves", "SitLat": -12.0008441404, "SitLong": 33.664774619500001, "IbaStatus": "confirmed", "AzeStatus": null, "AddedDate": "2005-12-05", "ChangeDate": null, "Source": "RSPB funded initiative to create polygon boundaries for IBAs in Africa.", "DelTxt": "Digitized from national and continental scale maps of protected areas, lakes and wetlands.", "DelGeom": "3. draft polygon", "Shape_Leng": 1.0974486369700001, "Shape_Area": 0.01874138475, "GISArea": 22578.0, "KBA_Qual": "Global/ Regional to be determined", "LegacyKBA": "confirmed", "Trigger Ecosystems": "Transition Woodland" }, "geometry": { "type": "MultiPolygon", "coordinates": [ [ [ [ 33.585299574315968, -12.009159613225506 ], [ 33.588449451580971, -12.01007949377356 ], [ 33.591539482561132, -12.011399467411422 ], [ 33.593069447896767, -12.011859583952571 ], [ 33.595919563137386, -12.0130695444239 ], [ 33.597969491299011, -12.013129567875183 ], [ 33.599559480085986, -12.012049509077542 ], [ 33.602309615896104, -12.009399528965048 ], [ 33.602709532718791, -12.010429597148118 ], [ 33.603579599818715, -12.012629494455553 ], [ 33.604339477484928, -12.013499561555477 ], [ 33.605689550532361, -12.013999457808666 ], [ 33.606969568191062, -12.014299572367349 ], [ 33.610009608556652, -12.014409584634564 ], [ 33.613339554376978, -12.014179526363989 ], [ 33.615269613701741, -12.014139570384827 ], [ 33.616729522749324, -12.014129536648738 ], [ 33.618139619248097, -12.013779609541302 ], [ 33.619189577736847, -12.013099468465668 ], [ 33.620479451965195, -12.012299457653796 ], [ 33.621649457356625, -12.011609459109195 ], [ 33.622589579845283, -12.011039506567954 ], [ 33.623579515782069, -12.010459521189887 ], [ 33.624689497722215, -12.010299518308102 ], [ 33.6260895604849, -12.010349508023353 ], [ 33.627609492983765, -12.010749602012481 ], [ 33.628659451472572, -12.011099529119917 ], [ 33.631759515289446, -12.011499446841924 ], [ 33.633449483506922, -12.011909572768502 ], [ 33.634619487999032, -12.012309490490566 ], [ 33.636669592427779, -12.01311953413915 ], [ 33.6396995999566, -12.014499531228353 ], [ 33.64150961327806, -12.015829537702984 ], [ 33.642799487506409, -12.016399490244225 ], [ 33.644779535647103, -12.01720953389281 ], [ 33.648179537755539, -12.017449449632352 ], [ 33.650099563344213, -12.017789520170197 ], [ 33.651089499280999, -12.018309482996187 ], [ 33.653179560588285, -12.018889468374198 ], [ 33.654419445101382, -12.019059504092809 ], [ 33.657579531470276, -12.01974950263741 ], [ 33.66189958949451, -12.019529477203548 ], [ 33.667279463476518, -12.019239572648132 ], [ 33.668629536523952, -12.019299595200096 ], [ 33.670019566449866, -12.020619568837958 ], [ 33.670899490119439, -12.022359525871366 ], [ 33.671249593493997, -12.023389594953812 ], [ 33.672239530330103, -12.027479594707472 ], [ 33.670709564994468, -12.03046946999001 ], [ 33.672689613135162, -12.032069491613697 ], [ 33.674729508460075, -12.031269480801825 ], [ 33.676669600621608, -12.030639505708564 ], [ 33.67748950173916, -12.031389525905865 ], [ 33.67806948711717, -12.033119450102504 ], [ 33.678599483679307, -12.03408949663293 ], [ 33.679469549879855, -12.036169524204126 ], [ 33.679579562147126, -12.037439508126738 ], [ 33.679519539595105, -12.040879466214335 ], [ 33.681149484361242, -12.043129529504142 ], [ 33.681959528009884, -12.04536955995718 ], [ 33.683779575067376, -12.047559599795648 ], [ 33.685589588388837, -12.049159445152213 ], [ 33.687809552269073, -12.049409569995589 ], [ 33.689789600409767, -12.049469592547609 ], [ 33.690839559797894, -12.050439462810914 ], [ 33.692069586842024, -12.052219552989925 ], [ 33.694459585541495, -12.053089442923408 ], [ 33.697729508809857, -12.052289608378658 ], [ 33.699899482974786, -12.051539587282093 ], [ 33.701539460577692, -12.051259539296268 ], [ 33.702769488521142, -12.051199516744248 ], [ 33.703819447009948, -12.050629564203007 ], [ 33.70486958266514, -12.050279460828392 ], [ 33.708499465877708, -12.050399505932432 ], [ 33.710779452309907, -12.049989555373656 ], [ 33.712529619346526, -12.049419602832359 ], [ 33.713879516126838, -12.049369613117108 ], [ 33.716739488836367, -12.049079532294513 ], [ 33.718499512442577, -12.048739461756725 ], [ 33.719669516934687, -12.048159476378657 ], [ 33.722419476477683, -12.046779479289512 ], [ 33.723529458417829, -12.045689563922167 ], [ 33.728089607549407, -12.042879581827208 ], [ 33.730369593981607, -12.040749563641384 ], [ 33.730489463717845, -12.041149481363448 ], [ 33.730429617432947, -12.042419465286059 ], [ 33.730189526325603, -12.043689449208671 ], [ 33.729899445503065, -12.044939542825603 ], [ 33.728669593826737, -12.047599556674129 ], [ 33.726909570220528, -12.049999589109689 ], [ 33.726439597109788, -12.051159560765086 ], [ 33.726149515387874, -12.052249476132374 ], [ 33.726199505103125, -12.054029565412065 ], [ 33.726129449714392, -12.056389465601285 ], [ 33.726019612814923, -12.058169555780353 ], [ 33.72536957114886, -12.059899479976991 ], [ 33.724909455507031, -12.061449510986108 ], [ 33.724319612660054, -12.062549460089485 ], [ 33.723849463282136, -12.063689541439146 ], [ 33.723199596983875, -12.064729467091183 ], [ 33.722619611605865, -12.065879581277613 ], [ 33.722259474495218, -12.06691950782897 ], [ 33.721629499401899, -12.068699597108662 ], [ 33.721089470003108, -12.069679500208736 ], [ 33.720449461173757, -12.071169509565152 ], [ 33.719799595774759, -12.072499516039784 ], [ 33.718449522727326, -12.074909582211376 ], [ 33.717389530502487, -12.076679462387233 ], [ 33.716749521673137, -12.077839610309695 ], [ 33.715639539733047, -12.079739569325625 ], [ 33.714819463247693, -12.081009553248236 ], [ 33.714059584682161, -12.082209481782115 ], [ 33.713239507297487, -12.083589477971998 ], [ 33.712529619346526, -12.084569557339137 ], [ 33.711539507142618, -12.085839541261748 ], [ 33.71082961829228, -12.087039469795627 ], [ 33.709899528640392, -12.088599534540833 ], [ 33.709189464422309, -12.08962960272396 ], [ 33.708139505034183, -12.091469540087132 ], [ 33.707549486819403, -12.092449443187206 ], [ 33.706499527431276, -12.093709569640907 ], [ 33.705909508317234, -12.094689472740924 ], [ 33.705269499487883, -12.0956095295561 ], [ 33.704449599269651, -12.096589608023919 ], [ 33.702919457666894, -12.098659602758403 ], [ 33.701689605990566, -12.100439516670292 ], [ 33.700869528605892, -12.101289517197415 ], [ 33.699649534398532, -12.102569534856116 ], [ 33.697409504844813, -12.105439540402415 ], [ 33.695189540964577, -12.108439448521665 ], [ 33.694479475847174, -12.109119589597356 ], [ 33.693259481639814, -12.110159515249393 ], [ 33.692319535418278, -12.111599534890559 ], [ 33.691669493752158, -12.112499524233613 ], [ 33.691029484922865, -12.113489461069719 ], [ 33.690379619523867, -12.114699597808169 ], [ 33.689859480430755, -12.116369499452787 ], [ 33.689619564691213, -12.117639483375399 ], [ 33.689449529871979, -12.119759467825133 ], [ 33.688029576803558, -12.122629473371433 ], [ 33.687389567974208, -12.124189538116639 ], [ 33.686909562026699, -12.12557956804261 ], [ 33.685449475812732, -12.127689519655576 ], [ 33.684749444431361, -12.128679455592362 ], [ 33.683689452206522, -12.129999605497346 ], [ 33.682639493717716, -12.131199533131905 ], [ 33.681689513760091, -12.132469517054517 ], [ 33.680109558709205, -12.133789490692379 ], [ 33.678419591391105, -12.134999452063028 ], [ 33.677129540895635, -12.135969498593454 ], [ 33.676199451243747, -12.136549483971464 ], [ 33.674609462456772, -12.137579553053911 ], [ 33.672919495138615, -12.139139441531938 ], [ 33.671089591511475, -12.1409695214262 ], [ 33.670099479307567, -12.142009447078294 ], [ 33.6691695659228, -12.142989526445433 ], [ 33.668049551145941, -12.143729514705285 ], [ 33.666939569205795, -12.143279607268028 ], [ 33.66553950644311, -12.142239505348869 ], [ 33.663849538225634, -12.141939567057307 ], [ 33.661929512636959, -12.141939567057307 ], [ 33.659049474253891, -12.142289495064119 ], [ 33.657879469761781, -12.141989556772558 ], [ 33.657179614647532, -12.141019511141508 ], [ 33.657299483484451, -12.13980954977086 ], [ 33.657359506935734, -12.138609445869179 ], [ 33.658179583421088, -12.136989533939811 ], [ 33.658889472271369, -12.1352094437608 ], [ 33.659119530541943, -12.133829447570918 ], [ 33.659189585930676, -12.13273953220363 ], [ 33.658899505108138, -12.130949585454971 ], [ 33.658199473726768, -12.129339530095194 ], [ 33.657609454612668, -12.127619463367466 ], [ 33.656859609783226, -12.126459491712126 ], [ 33.656219600953875, -12.125429598896801 ], [ 33.655399524468521, -12.123809511599632 ], [ 33.654939584194494, -12.122669605617773 ], [ 33.653829602254405, -12.120819460049972 ], [ 33.652189448384377, -12.118519583312093 ], [ 33.650909606992798, -12.116969551403656 ], [ 33.647929589179228, -12.115069592387727 ], [ 33.647349603801217, -12.114029490468567 ], [ 33.647419483822148, -12.112769539382668 ], [ 33.648459585741364, -12.111319486904733 ], [ 33.649049603956087, -12.110349441273627 ], [ 33.649349542247649, -12.108849574448243 ], [ 33.648939591688872, -12.10741958854311 ], [ 33.648519608293327, -12.105629465527386 ], [ 33.647889456932944, -12.104129599601322 ], [ 33.648069525488268, -12.102929495699641 ], [ 33.649189540265127, -12.101369606322237 ], [ 33.650589603027811, -12.10039956069113 ], [ 33.652449606064522, -12.098849528782694 ], [ 33.653869559132886, -12.097189484606986 ], [ 33.654749482802458, -12.096209581506912 ], [ 33.655569559287756, -12.095229502139773 ], [ 33.656329614120466, -12.093909528501911 ], [ 33.656799587231205, -12.092519498575939 ], [ 33.657039502071427, -12.09131957094138 ], [ 33.657629521185527, -12.089019517936379 ], [ 33.657869612292814, -12.087519475743193 ], [ 33.657979449192283, -12.086369537823884 ], [ 33.658219540299569, -12.084879528467411 ], [ 33.658449598570144, -12.083439508826245 ], [ 33.658809559413669, -12.081539549810316 ], [ 33.65885954912892, -12.080319555602955 ], [ 33.658759569698418, -12.078249560868471 ], [ 33.65846948887588, -12.076359458422246 ], [ 33.658119560869068, -12.074979461333044 ], [ 33.657949525150514, -12.073889545965756 ], [ 33.657709610310292, -12.072789597761698 ], [ 33.65718947121718, -12.070899495315416 ], [ 33.656259557832357, -12.06853959512614 ], [ 33.655739595006366, -12.06633952155164 ], [ 33.654979541073033, -12.064679477375932 ], [ 33.653469465143758, -12.063469516005341 ], [ 33.65164959525265, -12.063009576630634 ], [ 33.650429601045289, -12.061509534437391 ], [ 33.649789592215939, -12.059389549987714 ], [ 33.649269453122827, -12.057659449523953 ], [ 33.648039601446499, -12.05666951358711 ], [ 33.646289611576378, -12.055689610487093 ], [ 33.643829556588798, -12.055349539949248 ], [ 33.641439556990008, -12.054999611942492 ], [ 33.637929543513678, -12.055409562501268 ], [ 33.636409611014813, -12.056549467583807 ], [ 33.634709609960566, -12.057649592054986 ], [ 33.632899596639106, -12.057689548933467 ], [ 33.631029560765683, -12.05797945348894 ], [ 33.628449459774799, -12.058439570030089 ], [ 33.62610945079058, -12.059059512286638 ], [ 33.624129578017687, -12.059759543667951 ], [ 33.622249509307437, -12.061189529573085 ], [ 33.621319595922671, -12.062059596673009 ], [ 33.619619594868482, -12.064299450858925 ], [ 33.618029606081507, -12.066309598409191 ], [ 33.617389598151476, -12.067339491224516 ], [ 33.615979501652703, -12.069129614240239 ], [ 33.614049619494381, -12.070909528152129 ], [ 33.611889501899043, -12.073099568889972 ], [ 33.610189501744173, -12.073839556250448 ], [ 33.608769548675809, -12.075509457895123 ], [ 33.606959535354349, -12.077519605445389 ], [ 33.605899543129453, -12.078549498260713 ], [ 33.605089498581549, -12.079299519357278 ], [ 33.603739601801237, -12.080319555602955 ], [ 33.601459615368981, -12.081889476917752 ], [ 33.599639569210808, -12.082459605726172 ], [ 33.597649487334024, -12.083199593986024 ], [ 33.594899526891709, -12.083949615082645 ], [ 33.592329459636915, -12.085039530449933 ], [ 33.591149597675837, -12.08543944817194 ], [ 33.590219508923269, -12.086129445817221 ], [ 33.589159516698373, -12.087509442906423 ], [ 33.587169611088711, -12.089399545352705 ], [ 33.585879560593298, -12.091189492101307 ], [ 33.585299574315968, -12.093369499103062 ], [ 33.584769578653209, -12.094809518744228 ], [ 33.584419475278594, -12.096079502666896 ], [ 33.583709586428313, -12.098489567939168 ], [ 33.582719474224405, -12.099979576396265 ], [ 33.581009615701248, -12.101419596037488 ], [ 33.580489477507456, -12.100439516670292 ], [ 33.580369607771217, -12.098709592473654 ], [ 33.580319618055967, -12.097339453752738 ], [ 33.580259595504003, -12.096009446378787 ], [ 33.580209605788752, -12.094809518744228 ], [ 33.580619556347472, -12.093369499103062 ], [ 33.580799448635673, -12.092159537732414 ], [ 33.580979516291677, -12.090719518990568 ], [ 33.581619525121027, -12.08950955761992 ], [ 33.583019587883712, -12.088939605078679 ], [ 33.584659566385938, -12.088079571714843 ], [ 33.585839603714817, -12.087509442906423 ], [ 33.587059597922178, -12.086819444361822 ], [ 33.588119590147016, -12.085489613254992 ], [ 33.588649586709096, -12.084229486801348 ], [ 33.588999513816589, -12.083139571434003 ], [ 33.589109526983123, -12.082049479799593 ], [ 33.588529540705792, -12.080259532151615 ], [ 33.587139511679197, -12.078649477691215 ], [ 33.585629612017044, -12.078129514865168 ], [ 33.583749543306851, -12.077719564306392 ], [ 33.581409533423255, -12.077429483483854 ], [ 33.580009470660571, -12.077369460931834 ], [ 33.578899488720481, -12.077429483483854 ], [ 33.576909583110819, -12.077409593178118 ], [ 33.575799601170729, -12.077369460931834 ], [ 33.574399538408045, -12.076559592651051 ], [ 33.572699537353799, -12.075749549002467 ], [ 33.570489607209652, -12.07471947992002 ], [ 33.568969498443664, -12.073449495997409 ], [ 33.567269498288795, -12.071889607519324 ], [ 33.566169549185418, -12.070629480166303 ], [ 33.564359535863957, -12.068959579421005 ], [ 33.56143954060235, -12.067109609221063 ], [ 33.559459492461656, -12.065319486205283 ], [ 33.557469586851994, -12.063599594845357 ], [ 33.555019564701183, -12.062089519815459 ], [ 33.553269573931743, -12.06087955844481 ], [ 33.552329451443086, -12.060309605903569 ], [ 33.549959519316417, -12.057549612624484 ], [ 33.548889493355489, -12.057199509249926 ], [ 33.546549484371269, -12.056959594409705 ], [ 33.543799523928953, -12.057419534683731 ], [ 33.540299543289336, -12.056959594409705 ], [ 33.537669453482522, -12.055979515042566 ], [ 33.53450954248143, -12.054299580561121 ], [ 33.531659603507933, -12.051829492736829 ], [ 33.529669521631149, -12.050209580807461 ], [ 33.527159476928375, -12.049179511725015 ], [ 33.525589555613578, -12.047619446979866 ], [ 33.525359497343004, -12.046349463057254 ], [ 33.525829470453743, -12.043939573152727 ], [ 33.527229533216428, -12.042609566678095 ], [ 33.528179513174052, -12.041699543599009 ], [ 33.529289495114142, -12.040669474516562 ], [ 33.530219583866767, -12.039799583683816 ], [ 33.531229586376355, -12.03870949204935 ], [ 33.532449581483036, -12.037449541862827 ], [ 33.533099446882034, -12.036419472780381 ], [ 33.533739455711384, -12.035319523677003 ], [ 33.534099591922654, -12.033869471199068 ], [ 33.534279485110176, -12.032729566116529 ], [ 33.534099591922654, -12.031009499388858 ], [ 33.53450954248143, -12.029209518904111 ], [ 33.535449489602343, -12.028299495825024 ], [ 33.536919607753759, -12.026459559361115 ], [ 33.537739508871312, -12.024909527452678 ], [ 33.53809946971478, -12.023419518096262 ], [ 33.53821951571814, -12.022329602728917 ], [ 33.538039447162816, -12.020309597709741 ], [ 33.538689488828879, -12.01915948352331 ], [ 33.539629611317537, -12.018069568156022 ], [ 33.540859462993865, -12.017319547059401 ], [ 33.542549606579144, -12.01610958568881 ], [ 33.543379540533408, -12.015199562609666 ], [ 33.544249607633333, -12.014389518061762 ], [ 33.545779572968968, -12.013589508149209 ], [ 33.547939513397864, -12.012679484170803 ], [ 33.549229563893334, -12.012099498792793 ], [ 33.550399568385444, -12.011639558518766 ], [ 33.552209581706904, -12.011179441977617 ], [ 33.555129576968454, -12.010089526610329 ], [ 33.558119452250992, -12.009699466357233 ], [ 33.560689519505786, -12.009239526083206 ], [ 33.563549492215373, -12.008779585809179 ], [ 33.567649524805802, -12.009299549534546 ], [ 33.571329574000686, -12.009189536367955 ], [ 33.573429492776938, -12.008559561274694 ], [ 33.576349488038488, -12.007809540178073 ], [ 33.579749489247604, -12.007649538195608 ], [ 33.582789529613137, -12.008169501021598 ], [ 33.585299574315968, -12.009159613225506 ] ] ], [ [ [ 33.718539468421795, -11.852579471964987 ], [ 33.719479591809773, -11.852629461680294 ], [ 33.721179591964642, -11.852629461680294 ], [ 33.723979542122208, -11.852799497398848 ], [ 33.724799618607562, -11.852909509666119 ], [ 33.725729531992386, -11.853079545384674 ], [ 33.726669479113241, -11.853309602755928 ], [ 33.727369510494555, -11.853539484759381 ], [ 33.728999455260691, -11.854449508737787 ], [ 33.730289504856842, -11.855319574938392 ], [ 33.730819501418921, -11.856059563198244 ], [ 33.731759447640457, -11.857439559388126 ], [ 33.732049528462994, -11.858479485040164 ], [ 33.732279586733569, -11.859569576674573 ], [ 33.73257952502513, -11.861649605145089 ], [ 33.732819616132417, -11.862679497960414 ], [ 33.733059531871959, -11.864469444709073 ], [ 33.733359469264144, -11.865509546628232 ], [ 33.734119523197478, -11.866999555984648 ], [ 33.734529473756254, -11.867869445918132 ], [ 33.734879578030132, -11.868619467014753 ], [ 33.735289528588908, -11.869649536097143 ], [ 33.735649489432433, -11.870279511190461 ], [ 33.736819493924543, -11.872409529376228 ], [ 33.737169597299101, -11.873049537306258 ], [ 33.737649604145986, -11.873909571569413 ], [ 33.738169566971976, -11.874769604933249 ], [ 33.739049490641548, -11.876099611407881 ], [ 33.739579487203628, -11.876679597685211 ], [ 33.741919496187847, -11.879949520054254 ], [ 33.742809452694132, -11.880759563702838 ], [ 33.744619466015592, -11.882529444778015 ], [ 33.745489533115517, -11.882989561319164 ], [ 33.747549495013232, -11.884479569776261 ], [ 33.748189502943262, -11.885059556053648 ], [ 33.750419500559531, -11.886729456798946 ], [ 33.751459602478747, -11.887189573340095 ], [ 33.754389454309944, -11.888729571512442 ], [ 33.755209531694561, -11.889249535237809 ], [ 33.756609594457245, -11.890509485424388 ], [ 33.757139590120062, -11.891089471701719 ], [ 33.758889580889502, -11.892689493325406 ], [ 33.759659492291803, -11.893049454168931 ], [ 33.760639570759622, -11.893729595244565 ], [ 33.761469505613263, -11.893939586942338 ], [ 33.762179569831346, -11.894409560053134 ], [ 33.762819578660697, -11.895159581149699 ], [ 33.763399564038707, -11.896029471982501 ], [ 33.764169475441008, -11.896949527898357 ], [ 33.765149554808147, -11.898089609248018 ], [ 33.766979458435287, -11.898669595525348 ], [ 33.767619466365318, -11.89825946869945 ], [ 33.768489533465242, -11.897569470154849 ], [ 33.769249587398576, -11.896989484776839 ], [ 33.770419591890686, -11.896809592488637 ], [ 33.772049537556143, -11.897979596980747 ], [ 33.771579563546084, -11.899889589732709 ], [ 33.770609517914977, -11.90547945541249 ], [ 33.769739450815052, -11.90915950460743 ], [ 33.76956959226294, -11.909909525703995 ], [ 33.768819571166318, -11.913029479826605 ], [ 33.768299607441008, -11.915109507397801 ], [ 33.768009526618414, -11.915969540761637 ], [ 33.767719445795819, -11.917119479580265 ], [ 33.767499597528456, -11.918829513471223 ], [ 33.767679489816658, -11.919639557119808 ], [ 33.767619466365318, -11.921139599312994 ], [ 33.767799534920641, -11.921999457309084 ], [ 33.768099473212146, -11.923669534321505 ], [ 33.768269508031437, -11.924759449688793 ], [ 33.768209485479417, -11.92569957217745 ], [ 33.76833956431949, -11.926549572704573 ], [ 33.768049483496895, -11.92873961344236 ], [ 33.767649565774889, -11.930649606194322 ], [ 33.767009557844858, -11.932089449568423 ], [ 33.764739604249371, -11.933759526580843 ], [ 33.762749522372587, -11.934399535410193 ], [ 33.761699562984518, -11.93485947568422 ], [ 33.760419546225137, -11.935619529617554 ], [ 33.758309594612172, -11.936659455269591 ], [ 33.75761959696689, -11.937299464098942 ], [ 33.756849509297467, -11.938449578285372 ], [ 33.756629484762982, -11.939609549940712 ], [ 33.756169544488955, -11.941219604401169 ], [ 33.756059531322364, -11.94201943894592 ], [ 33.75588949650313, -11.943699549694429 ], [ 33.755479545944354, -11.945079545884312 ], [ 33.754779514562983, -11.946869493532233 ], [ 33.754389454309944, -11.948019607718663 ], [ 33.752519594703585, -11.950389540744652 ], [ 33.75087961620136, -11.952009451774757 ], [ 33.750589535378822, -11.95276950660741 ], [ 33.749369541171461, -11.955299441615864 ], [ 33.748969448081596, -11.956449555802294 ], [ 33.748389461804265, -11.958759465377 ], [ 33.748099557248793, -11.960019592729964 ], [ 33.747459548419499, -11.961759549763372 ], [ 33.747229490148925, -11.962789442578639 ], [ 33.746769549874898, -11.963659509678564 ], [ 33.746249587048851, -11.964519543042456 ], [ 33.744959536553438, -11.965909572968371 ], [ 33.74315955696801, -11.966599570613653 ], [ 33.740349573973731, -11.966909541741927 ], [ 33.739419484321786, -11.966909541741927 ], [ 33.737369556160161, -11.966629493756102 ], [ 33.736489456223467, -11.965929462374731 ], [ 33.735029547175941, -11.965129452462236 ], [ 33.733799519232491, -11.964039536195571 ], [ 33.733329546121695, -11.963459550817561 ], [ 33.732389599900159, -11.962609550290495 ], [ 33.730229482304821, -11.960989462993268 ], [ 33.729639463190722, -11.960419509552651 ], [ 33.727239607022284, -11.95794959799548 ], [ 33.726649588807504, -11.957319446635097 ], [ 33.72290951616128, -11.954789511626586 ], [ 33.722319497047181, -11.954279581637309 ], [ 33.720039510614981, -11.951859483528324 ], [ 33.71745958589122, -11.949959523613074 ], [ 33.716809544225157, -11.949449593623797 ], [ 33.715349458910453, -11.947549458340802 ], [ 33.713069472478196, -11.945479463606318 ], [ 33.712429463648903, -11.944679452794446 ], [ 33.709729493821158, -11.941969449230669 ], [ 33.708679534433031, -11.941049569581935 ], [ 33.706279501997471, -11.9389295851322 ], [ 33.705629460331409, -11.938239586587599 ], [ 33.704809560113176, -11.937439575775727 ], [ 33.70258959623294, -11.935189512485977 ], [ 33.702289481674313, -11.934449525125444 ], [ 33.700529458068104, -11.932489542658232 ], [ 33.700239553512631, -11.931689531846359 ], [ 33.699359453575994, -11.930239479368424 ], [ 33.699179561287792, -11.929379446004589 ], [ 33.698419507354458, -11.927079569266652 ], [ 33.698169558778147, -11.926039467347493 ], [ 33.69787947795561, -11.92454945799102 ], [ 33.697589572500817, -11.923679567158274 ], [ 33.696879508282734, -11.922179524965031 ], [ 33.696759463178751, -11.921259469049232 ], [ 33.695589457787321, -11.919439598258805 ], [ 33.694419453295211, -11.917689608388685 ], [ 33.691729516304179, -11.91499949513053 ], [ 33.688869544493912, -11.912699442125529 ], [ 33.687449591425548, -11.910339542835573 ], [ 33.68637956546462, -11.908149502097785 ], [ 33.68637956546462, -11.90722944618193 ], [ 33.686029462090062, -11.904569608600525 ], [ 33.686099517478794, -11.903829444073551 ], [ 33.68578954635052, -11.901529567335615 ], [ 33.68519952813574, -11.897839485303962 ], [ 33.684959612396256, -11.895359540010702 ], [ 33.684359560445387, -11.89241947817635 ], [ 33.684539452733588, -11.889659485796585 ], [ 33.684409550160638, -11.887879571884696 ], [ 33.684339493872585, -11.885679498310139 ], [ 33.684459539875888, -11.884299501220937 ], [ 33.684169459053351, -11.8832595755689 ], [ 33.686039494926774, -11.883379445305138 ], [ 33.688019543966846, -11.882039581361539 ], [ 33.689069502455652, -11.881009512279149 ], [ 33.689869513267467, -11.879449447533943 ], [ 33.69005961465956, -11.878699602704444 ], [ 33.689409572993441, -11.876859489973413 ], [ 33.689349550441477, -11.875129565776774 ], [ 33.689579608712052, -11.874259498676849 ], [ 33.690509522096818, -11.872019469123131 ], [ 33.692199489414975, -11.869709558649163 ], [ 33.692659605956123, -11.869119540434383 ], [ 33.693759554160124, -11.865959454065489 ], [ 33.694109482166937, -11.865039573517436 ], [ 33.694569598708085, -11.863309473053675 ], [ 33.694629444992927, -11.861519526305074 ], [ 33.694789446975449, -11.858519441918645 ], [ 33.695029538982112, -11.857649551085842 ], [ 33.69547944552005, -11.855119440709586 ], [ 33.696179476901364, -11.8521795551423 ], [ 33.696469557723958, -11.851259498327124 ], [ 33.696819485730714, -11.849359539311251 ], [ 33.697049544001288, -11.848599485377918 ], [ 33.69726956853583, -11.846239585188641 ], [ 33.697439604254384, -11.845489564092077 ], [ 33.69726956853583, -11.844229613006178 ], [ 33.697029477428487, -11.843309557090322 ], [ 33.696739572873014, -11.84145958689038 ], [ 33.696669516584961, -11.840539530974524 ], [ 33.696899574855536, -11.838059585681265 ], [ 33.698479529906422, -11.834939456190909 ], [ 33.698819600444267, -11.834259490483078 ], [ 33.699399585822277, -11.83309951882768 ], [ 33.698399617048722, -11.829579471615261 ], [ 33.697989490222824, -11.828779460803446 ], [ 33.697169589105329, -11.827509476880834 ], [ 33.69656953715446, -11.825719530132176 ], [ 33.695709503790624, -11.823659568234461 ], [ 33.695799450384357, -11.821639563215228 ], [ 33.696439458314387, -11.819909463650788 ], [ 33.697089499980507, -11.819329477373458 ], [ 33.698249471635847, -11.818409596825404 ], [ 33.698949503017218, -11.817829611447337 ], [ 33.699889450138073, -11.817189602618043 ], [ 33.701689605990566, -11.816549594688013 ], [ 33.702509507108118, -11.816089478146864 ], [ 33.703969592422823, -11.815229444783029 ], [ 33.704739503825067, -11.81452958966878 ], [ 33.705419468633636, -11.81394960339145 ], [ 33.706779575417102, -11.813019513739505 ], [ 33.70740955051042, -11.812499550913515 ], [ 33.708739556984995, -11.811699540101642 ], [ 33.709329576099094, -11.811229566990903 ], [ 33.711079566868591, -11.809099549704399 ], [ 33.711359614854416, -11.808169460052511 ], [ 33.712309593912664, -11.808339494871746 ], [ 33.712769534186691, -11.808969470864326 ], [ 33.713349520464078, -11.809489609957495 ], [ 33.713749613553887, -11.810299477338958 ], [ 33.714239476970363, -11.810989475883559 ], [ 33.714649603796204, -11.812079567517969 ], [ 33.714999530903697, -11.814149562252453 ], [ 33.715239446643182, -11.814839560797054 ], [ 33.715419515198505, -11.816289613274989 ], [ 33.715479537750525, -11.817319505190937 ], [ 33.715479537750525, -11.818999440571702 ], [ 33.716179569131839, -11.820719507299373 ], [ 33.716889457982177, -11.822679489766585 ], [ 33.716889457982177, -11.823599545682441 ], [ 33.716839468266926, -11.824809507053089 ], [ 33.716679466284404, -11.825679574152957 ], [ 33.716139612253357, -11.827109560058091 ], [ 33.714349489237577, -11.828449600268812 ], [ 33.713579578734596, -11.828969563094802 ], [ 33.712359583627915, -11.829889442743536 ], [ 33.711769565413192, -11.830589474124906 ], [ 33.710669616309815, -11.831859458946838 ], [ 33.709399456120082, -11.834339579607843 ], [ 33.709039495276556, -11.835549540978491 ], [ 33.708409520183238, -11.836989560619656 ], [ 33.708399486447206, -11.837799604268298 ], [ 33.708179461912664, -11.839049521618108 ], [ 33.708239484464684, -11.841369464928789 ], [ 33.708239484464684, -11.842239532028714 ], [ 33.708189494749433, -11.843789563037831 ], [ 33.708189494749433, -11.844829489589245 ], [ 33.708249518200773, -11.845809568956383 ], [ 33.708429585856777, -11.84730961025025 ], [ 33.708959582418856, -11.848509538784128 ], [ 33.710109520338165, -11.84983954525876 ], [ 33.712059469968608, -11.851039473792639 ], [ 33.713349520464078, -11.851609602601059 ], [ 33.714279610115966, -11.8516694488859 ], [ 33.7157895088788, -11.852069542875086 ], [ 33.716739488836367, -11.85223957769432 ], [ 33.718539468421795, -11.852579471964987 ] ] ] ] } },
{ "type": "Feature", "properties": { "SitRecID": 6670, "Country": "Malawi", "ISO3": "MWI", "NatName": "Kasungu National Park", "IntName": "Kasungu National Park", "SitLat": -12.9215297755, "SitLong": 33.137596021900002, "IbaStatus": "confirmed", "AzeStatus": null, "AddedDate": "2005-05-12", "ChangeDate": null, "Source": "RSPB funded initiative to create polygon boundaries for IBAs in Africa.", "DelTxt": "Digitized from national and continental scale maps of protected areas, lakes and wetlands.", "DelGeom": "3. draft polygon", "Shape_Leng": 2.3889234295600001, "Shape_Area": 0.19496760556000001, "GISArea": 234065.0, "KBA_Qual": "Global/ Regional to be determined", "LegacyKBA": "confirmed", "Trigger Ecosystems": "Wetter miombo woodland\n" }, "geometry": { "type": "MultiPolygon", "coordinates": [ [ [ [ 33.270809461587419, -12.53698944051024 ], [ 33.281359570387906, -12.53682961389552 ], [ 33.291419463237673, -12.534889521733987 ], [ 33.292929538267629, -12.54347947180014 ], [ 33.291979558310004, -12.545089527159917 ], [ 33.292919505430859, -12.546719471926053 ], [ 33.293379445704886, -12.549469607736171 ], [ 33.293359555399206, -12.553389571771277 ], [ 33.293819494773913, -12.55592954051582 ], [ 33.294269578478293, -12.558919591166159 ], [ 33.294489603012835, -12.562379439559436 ], [ 33.294719485016287, -12.564679492564494 ], [ 33.294689561873838, -12.567909458954318 ], [ 33.294689561873838, -12.570209511060057 ], [ 33.294449470766494, -12.572289539530573 ], [ 33.294439613297584, -12.574589592535631 ], [ 33.294419547624102, -12.57689950211028 ], [ 33.294399481051244, -12.579429613385912 ], [ 33.294159565311759, -12.583349577421018 ], [ 33.293909617634824, -12.587259509518731 ], [ 33.293419577951227, -12.590259593005783 ], [ 33.292699479997054, -12.593249468288263 ], [ 33.291989592046093, -12.595549521293322 ], [ 33.291969525473291, -12.598779487683146 ], [ 33.291489518626463, -12.60083944868154 ], [ 33.291009512678897, -12.604069591338543 ], [ 33.290529505832069, -12.606149443541938 ], [ 33.289809584145019, -12.609599610733426 ], [ 33.289559460200962, -12.611439547197278 ], [ 33.289079453354134, -12.615359512131761 ], [ 33.288599447406625, -12.617179558289934 ], [ 33.288119616826918, -12.619729558971926 ], [ 33.28763960998009, -12.622499585087724 ], [ 33.287629577143321, -12.624339522450953 ], [ 33.287149571195812, -12.626629541719922 ], [ 33.286899446352436, -12.628709569291118 ], [ 33.286189557502155, -12.630779564924921 ], [ 33.285469460447302, -12.634239588686 ], [ 33.284979597030826, -12.637689580509686 ], [ 33.284279565649513, -12.639749541508081 ], [ 33.284019584236489, -12.642529601359968 ], [ 33.283059570542775, -12.646899472832331 ], [ 33.283289453445548, -12.649199525837389 ], [ 33.282569531758554, -12.65172945994658 ], [ 33.282089524911669, -12.654029512951638 ], [ 33.28160951806484, -12.657489537612037 ], [ 33.281139544954101, -12.659569565183233 ], [ 33.280639472433734, -12.663019557006919 ], [ 33.279929583583453, -12.665099584578115 ], [ 33.279209486528657, -12.667389603847084 ], [ 33.278719446845059, -12.670379479129622 ], [ 33.278019591730811, -12.672919446974845 ], [ 33.277759610317787, -12.675229533715935 ], [ 33.277509485474411, -12.677299528450419 ], [ 33.277279603470959, -12.679369523184903 ], [ 33.277029479526902, -12.681199602179845 ], [ 33.277259536898157, -12.683059605216556 ], [ 33.276779530950648, -12.68511956711427 ], [ 33.276529582374394, -12.687429476688976 ], [ 33.276519549537625, -12.690419528238579 ], [ 33.27673957407211, -12.693649494628403 ], [ 33.27743960545348, -12.695489607359434 ], [ 33.278129603998082, -12.697349609496825 ], [ 33.279529490493644, -12.700349518515395 ], [ 33.280219489038245, -12.702419513249879 ], [ 33.281849610071504, -12.705879537010958 ], [ 33.283019614563614, -12.707499448940382 ], [ 33.28394952794838, -12.709109503400839 ], [ 33.284889474169972, -12.710739448166976 ], [ 33.286059479561402, -12.712349502627376 ], [ 33.287459542324086, -12.714199472827374 ], [ 33.289089487090223, -12.715589502753289 ], [ 33.291419463237673, -12.718129470598569 ], [ 33.293769505957982, -12.720449589277052 ], [ 33.296119547778972, -12.721829586366255 ], [ 33.298219466555167, -12.723449497396359 ], [ 33.300789533809962, -12.725999498977671 ], [ 33.302199453142293, -12.727619586274841 ], [ 33.303819541338839, -12.730379579553926 ], [ 33.304759487560375, -12.733159463138691 ], [ 33.306859581704373, -12.735699607251036 ], [ 33.309429473591365, -12.738699515370286 ], [ 33.311289476628076, -12.740779542941482 ], [ 33.312469513956955, -12.743089453415507 ], [ 33.312449448283473, -12.745619563791763 ], [ 33.312439590814506, -12.748159531637043 ], [ 33.312429557977794, -12.750689466645497 ], [ 33.312419524241704, -12.752989519650555 ], [ 33.312399458568223, -12.755539521231867 ], [ 33.312389601099255, -12.758309547347665 ], [ 33.312389601099255, -12.760379542082148 ], [ 33.312369534526454, -12.762909477090659 ], [ 33.312359501689684, -12.765679503206457 ], [ 33.312339611384004, -12.767519615937488 ], [ 33.311869462006143, -12.770279608317196 ], [ 33.312099520276718, -12.77234960305168 ], [ 33.311859605436496, -12.774419597786164 ], [ 33.311369565752898, -12.777189448534159 ], [ 33.311129474645611, -12.779489500639897 ], [ 33.310409552958561, -12.782479552189557 ], [ 33.309689455004388, -12.78501952003478 ], [ 33.30920944815756, -12.786849599929042 ], [ 33.307789495089196, -12.788929451233116 ], [ 33.306839516030891, -12.790769563964147 ], [ 33.305659477802692, -12.792599467591288 ], [ 33.304479615841672, -12.794219555787834 ], [ 33.302829605401996, -12.795819576512201 ], [ 33.301879449177306, -12.797439488441569 ], [ 33.3002394715744, -12.799039510065313 ], [ 33.298329478822438, -12.801329530233602 ], [ 33.2966794674835, -12.80294944126365 ], [ 33.295739521261964, -12.804549462887337 ], [ 33.29548957268571, -12.807549547273766 ], [ 33.295009565838825, -12.809379450900906 ], [ 33.295229591272687, -12.811689536742676 ], [ 33.295449615807172, -12.815609500777782 ], [ 33.295439582970403, -12.817919587518929 ], [ 33.295419516397601, -12.820449522527383 ], [ 33.295179601557436, -12.822979456636574 ], [ 33.295409483560888, -12.824829603103638 ], [ 33.295399450724119, -12.827129479841574 ], [ 33.295389593255152, -12.829899505957371 ], [ 33.295609617789694, -12.831969500691855 ], [ 33.295839500692466, -12.833809613422886 ], [ 33.295829466956377, -12.836119522997535 ], [ 33.295579518380123, -12.838419576002593 ], [ 33.295809576650697, -12.840249479629733 ], [ 33.295089479595845, -12.842799480311726 ], [ 33.295549595237674, -12.845799564698098 ], [ 33.295059555554076, -12.848789439980635 ], [ 33.295519495828103, -12.851559466096433 ], [ 33.295749554098677, -12.853399578827464 ], [ 33.295269547251849, -12.855469573561948 ], [ 33.29477950846757, -12.857769450299827 ], [ 33.294539592728086, -12.860539476415681 ], [ 33.293819494773913, -12.862379589146656 ], [ 33.2931194633926, -12.865139582425741 ], [ 33.292629599976124, -12.867679550270964 ], [ 33.292379476032067, -12.870209485279474 ], [ 33.291439528911155, -12.871819539739931 ], [ 33.291429496074443, -12.874119592744989 ], [ 33.291419463237673, -12.875959529208842 ], [ 33.29069954155068, -12.878269615050669 ], [ 33.290689507814591, -12.88125949033315 ], [ 33.291849479469931, -12.884949572364803 ], [ 33.292769536285107, -12.886789509728032 ], [ 33.293709482506642, -12.888639479028711 ], [ 33.294169599047791, -12.890499482065422 ], [ 33.295579518380123, -12.893029593340998 ], [ 33.296269516924724, -12.894879562641677 ], [ 33.297199606576612, -12.897179615646678 ], [ 33.299059609613323, -12.897879470760927 ], [ 33.301659600010566, -12.899269500686842 ], [ 33.303999609894106, -12.899739473797638 ], [ 33.306819449458089, -12.899749507533727 ], [ 33.309399550448973, -12.899759540370439 ], [ 33.311769482575585, -12.899769573207209 ], [ 33.31386957671964, -12.900699486591975 ], [ 33.316929508290229, -12.902099549354659 ], [ 33.320439521766559, -12.903029462739482 ], [ 33.324669457829259, -12.903729494120796 ], [ 33.327729564767651, -12.90397944269705 ], [ 33.329839516380616, -12.904219533804394 ], [ 33.332669565048434, -12.903759593530367 ], [ 33.334549458390825, -12.903299477888538 ], [ 33.337139592218477, -12.903089486190765 ], [ 33.339019485560868, -12.903099519027535 ], [ 33.341599585652432, -12.90403946524907 ], [ 33.343709537265397, -12.905419462338273 ], [ 33.346049546249617, -12.907039549635442 ], [ 33.347449609012301, -12.908889519835441 ], [ 33.349329502354692, -12.911199605677211 ], [ 33.350729565117376, -12.91350951525186 ], [ 33.351189505391403, -12.915809568256918 ], [ 33.352119595043348, -12.918349536102141 ], [ 33.352339443310711, -12.9206495891072 ], [ 33.353049508428114, -12.922499559307198 ], [ 33.353269532962599, -12.924799612312199 ], [ 33.353259500125887, -12.926879463616331 ], [ 33.353019584386345, -12.928949458350758 ], [ 33.352779493279058, -12.930799604817878 ], [ 33.352519511866035, -12.933329538927012 ], [ 33.352519511866035, -12.935399533661496 ], [ 33.352039505918526, -12.938389585211155 ], [ 33.351319584231476, -12.941389493330405 ], [ 33.350359571437139, -12.944609602251319 ], [ 33.349639473482966, -12.947599477533799 ], [ 33.348929584632685, -12.949909563375627 ], [ 33.348209487577833, -12.951969525273341 ], [ 33.347019592780043, -12.955649574468225 ], [ 33.346529553096445, -12.957489510932135 ], [ 33.346059579086329, -12.959809454242873 ], [ 33.345579573138821, -12.962099474411161 ], [ 33.345569540302108, -12.964179501982358 ], [ 33.345329448295445, -12.966249496716841 ], [ 33.344849618615058, -12.969239547367181 ], [ 33.344599493771682, -12.971319575837697 ], [ 33.344119487824173, -12.974079568217462 ], [ 33.343399566137123, -12.976149562951946 ], [ 33.34268950101972, -12.978689531696489 ], [ 33.341269547951356, -12.980749492694883 ], [ 33.34078954200379, -12.982819487429367 ], [ 33.339829529209453, -12.984899515899883 ], [ 33.338879549251828, -12.986969510634367 ], [ 33.337459596183464, -12.989039505368851 ], [ 33.335809584844526, -12.990639526992538 ], [ 33.333689600394791, -12.992699487990933 ], [ 33.330859551726974, -12.994319576187422 ], [ 33.32943959865861, -12.995689539540592 ], [ 33.327559529948417, -12.996599562619679 ], [ 33.325199453492019, -12.998439499083588 ], [ 33.322839554202119, -12.999809462436701 ], [ 33.320259453211236, -13.000489603512335 ], [ 33.318369527032075, -13.000949543786362 ], [ 33.315549511201027, -13.000709452679075 ], [ 33.313429526751293, -13.001159535484135 ], [ 33.311309542301615, -13.000919444376791 ], [ 33.308479493633797, -13.001599585452482 ], [ 33.305889536073266, -13.002969548805595 ], [ 33.303999609894106, -13.004119487624223 ], [ 33.30258951339539, -13.005969456924845 ], [ 33.301869591708339, -13.008029595089681 ], [ 33.30185955887157, -13.010099589824165 ], [ 33.301609610295316, -13.013549580748531 ], [ 33.301839492298768, -13.016319606864329 ], [ 33.301819602892408, -13.019549573254153 ], [ 33.301809569156319, -13.022079508262664 ], [ 33.302039451159771, -13.024169568670629 ], [ 33.302729449704373, -13.026469446307829 ], [ 33.302949474238915, -13.029459496958168 ], [ 33.30316949967272, -13.03128957685243 ], [ 33.303399557943294, -13.033609519263848 ], [ 33.30315946683595, -13.035679513998332 ], [ 33.30314960936704, -13.038679598384704 ], [ 33.302189596572703, -13.04212959020839 ], [ 33.30146949861853, -13.044199584942817 ], [ 33.299819487279592, -13.0462695796773 ], [ 33.297919528263662, -13.048339574411784 ], [ 33.294389448214531, -13.050169478038924 ], [ 33.292499521136051, -13.051549474228807 ], [ 33.289679505305003, -13.052919613849042 ], [ 33.288019461129295, -13.053829460661007 ], [ 33.285659561839338, -13.054969542010724 ], [ 33.283069604278865, -13.056349538200607 ], [ 33.281179501832582, -13.057949559824294 ], [ 33.279049484546135, -13.060249612829296 ], [ 33.276699618092948, -13.061849458185918 ], [ 33.274329508799838, -13.063919452920345 ], [ 33.272679497460899, -13.065289592540637 ], [ 33.27077953844497, -13.067359587275064 ], [ 33.268899468835457, -13.068729550628234 ], [ 33.267709574037667, -13.070569487092087 ], [ 33.266059562698729, -13.071489543007942 ], [ 33.263689454304938, -13.074009445179684 ], [ 33.262039442966, -13.075389441369566 ], [ 33.259909601946617, -13.076999496729343 ], [ 33.258039565173817, -13.077459612371172 ], [ 33.256379520998166, -13.078829575724285 ], [ 33.254019445441088, -13.080429597347973 ], [ 33.252599492372724, -13.082029442704595 ], [ 33.25117953930436, -13.083429505467279 ], [ 33.249989468239391, -13.085249551625452 ], [ 33.248809607177691, -13.08754960463051 ], [ 33.247859450952944, -13.089399574830452 ], [ 33.248789540604889, -13.091929509838963 ], [ 33.250189603367573, -13.094009537410159 ], [ 33.250889458481765, -13.096319446984864 ], [ 33.252519579515024, -13.099779471645263 ], [ 33.253439460063078, -13.101859499216459 ], [ 33.254149524281161, -13.103699611947491 ], [ 33.254129457708359, -13.106699520066741 ], [ 33.254589574249508, -13.109929486456565 ], [ 33.25362956145517, -13.112219506624911 ], [ 33.252449523226971, -13.115209557275193 ], [ 33.251729601539921, -13.117279552009677 ], [ 33.251719568703209, -13.11981952075422 ], [ 33.251709535866439, -13.122349454863411 ], [ 33.251929560400924, -13.124429483333927 ], [ 33.252399533511721, -13.126499478068411 ], [ 33.252379467838239, -13.128349447369033 ], [ 33.252609526108813, -13.130189560100064 ], [ 33.252369610369271, -13.132259554834548 ], [ 33.25234954469579, -13.134799522679771 ], [ 33.252319445286219, -13.138709454777484 ], [ 33.252089562383446, -13.140549567508515 ], [ 33.251589489863136, -13.144009591269594 ], [ 33.250419485371026, -13.146539526278048 ], [ 33.248749583726351, -13.150219575472988 ], [ 33.247799604668046, -13.152989601588786 ], [ 33.24636961786365, -13.154589447844671 ], [ 33.245429495374935, -13.157129591057753 ], [ 33.244469482580598, -13.159189552955468 ], [ 33.243759593730317, -13.161039523155409 ], [ 33.243729494320746, -13.164249599239554 ], [ 33.243029462939433, -13.166789567084834 ], [ 33.243019606369785, -13.169099476659483 ], [ 33.242999539796983, -13.171389496827771 ], [ 33.242059593575448, -13.173709615506311 ], [ 33.241099580781054, -13.175769577404026 ], [ 33.239669593976657, -13.178059596672995 ], [ 33.238729471487943, -13.179679508602419 ], [ 33.237299485582867, -13.182209443610873 ], [ 33.23610959078502, -13.184029489769102 ], [ 33.235159610827452, -13.185649577965592 ], [ 33.233749515227998, -13.187029574155474 ], [ 33.23207961358338, -13.188869510619384 ], [ 33.230669517983927, -13.190469532243071 ], [ 33.228069526687364, -13.192999467251582 ], [ 33.225949542237629, -13.194829547145844 ], [ 33.224049583221756, -13.196439601606301 ], [ 33.222169513612243, -13.197349448418265 ], [ 33.220039496325739, -13.198729445507468 ], [ 33.217449538765266, -13.199869526857128 ], [ 33.214149516087332, -13.20169960585207 ], [ 33.211779583061343, -13.202839510934609 ], [ 33.20989951435115, -13.203749534013753 ], [ 33.207539614161931, -13.204669590828928 ], [ 33.205659545451738, -13.20534955563744 ], [ 33.203059554155175, -13.206719518990553 ], [ 33.200919504031958, -13.207619509232927 ], [ 33.19903961068951, -13.208549598884815 ], [ 33.195739588011634, -13.210149444241438 ], [ 33.193849486464671, -13.210839442785982 ], [ 33.191499443744362, -13.211969490399611 ], [ 33.188899452447799, -13.212889547214786 ], [ 33.185129457558446, -13.214019594828414 ], [ 33.183239530480023, -13.214239443995098 ], [ 33.181359461769773, -13.214459469428903 ], [ 33.178769504209299, -13.21489951849793 ], [ 33.176649519759565, -13.21489951849793 ], [ 33.173829503928516, -13.214439579123223 ], [ 33.170759539521157, -13.214659603657765 ], [ 33.168899536484446, -13.213949539439625 ], [ 33.166539460927424, -13.213249508058311 ], [ 33.16394950336695, -13.21300959231877 ], [ 33.16206961002456, -13.212999559482057 ], [ 33.157819608288321, -13.212529586371261 ], [ 33.155709480408234, -13.212749610905746 ], [ 33.152409458629677, -13.21319951834306 ], [ 33.150529565287286, -13.21386945031486 ], [ 33.148169489730208, -13.214559447960085 ], [ 33.145579532169734, -13.215469471938547 ], [ 33.14344951398391, -13.216379495017634 ], [ 33.141559587804807, -13.217059459826146 ], [ 33.138499480866415, -13.218209574012576 ], [ 33.13637949641668, -13.218879505984376 ], [ 33.13330953290864, -13.220259503073578 ], [ 33.131189548458963, -13.220479527608063 ], [ 33.1285895571624, -13.221849490961176 ], [ 33.126239514442091, -13.222989572310894 ], [ 33.12434958826293, -13.223669537119406 ], [ 33.121749597865687, -13.224589593934581 ], [ 33.120099586526749, -13.225959557287695 ], [ 33.116549616171881, -13.227789460914835 ], [ 33.114899604832942, -13.228709516830691 ], [ 33.11300950238666, -13.230079480183804 ], [ 33.110179453718843, -13.231439586967326 ], [ 33.107599528995138, -13.232589524886635 ], [ 33.104279616011524, -13.233949455402978 ], [ 33.101449567343707, -13.23531959502327 ], [ 33.099559464897425, -13.236239474671947 ], [ 33.09814954556515, -13.237609614292239 ], [ 33.096489500490122, -13.238529494840293 ], [ 33.093889510092879, -13.240129516463981 ], [ 33.091769525643144, -13.241269597813641 ], [ 33.089399592617156, -13.242639561166754 ], [ 33.087749582177537, -13.243789499086063 ], [ 33.085619563991713, -13.244459607324984 ], [ 33.08373949528152, -13.245379487873038 ], [ 33.080909445714383, -13.24675948406292 ], [ 33.079019519535223, -13.247889532575812 ], [ 33.076179613398494, -13.249959527310295 ], [ 33.073579446734129, -13.25201948830869 ], [ 33.072629466776505, -13.254089483043174 ], [ 33.072139603360085, -13.256389536048232 ], [ 33.072369485363538, -13.258929503893455 ], [ 33.073059483908082, -13.261689497172483 ], [ 33.073749482452683, -13.264689581558912 ], [ 33.074439480097965, -13.267689489678162 ], [ 33.074429447261252, -13.269529602409193 ], [ 33.074649471795738, -13.27298945080247 ], [ 33.075339470340339, -13.275759476918267 ], [ 33.074379457546002, -13.278749527568607 ], [ 33.073429477588377, -13.281279462577118 ], [ 33.071289602832962, -13.28426951412672 ], [ 33.069869474396796, -13.286099593121662 ], [ 33.067959481644834, -13.288619495293403 ], [ 33.066539528576413, -13.29022954975386 ], [ 33.064659458966901, -13.291609545943743 ], [ 33.06276953278774, -13.291829571377548 ], [ 33.060409457230719, -13.291359598266808 ], [ 33.057599474236383, -13.290419474878831 ], [ 33.055019550411998, -13.290179560038609 ], [ 33.053119590496749, -13.289949501768035 ], [ 33.05076954777644, -13.289929611462355 ], [ 33.048649563326762, -13.290159493465808 ], [ 33.046529578877028, -13.290139603160128 ], [ 33.044879568437409, -13.291049450871412 ], [ 33.042759583987674, -13.29081956886796 ], [ 33.040409541267366, -13.291259442569185 ], [ 33.038519615088205, -13.291719559110334 ], [ 33.036379564065669, -13.29262958218942 ], [ 33.034489461619387, -13.293309546997932 ], [ 33.032379510905741, -13.294219570077075 ], [ 33.028849606224412, -13.295359475159614 ], [ 33.02695950377813, -13.296039440867446 ], [ 33.024819452755594, -13.297169488481074 ], [ 33.022709502041948, -13.298319603566824 ], [ 33.02033956901596, -13.299009601212106 ], [ 33.017039547237346, -13.30036953172845 ], [ 33.014699537353806, -13.300809581696797 ], [ 33.012319571491105, -13.301499580241398 ], [ 33.010189554204601, -13.302639485323937 ], [ 33.008309484595088, -13.303329482969218 ], [ 33.005709494197845, -13.304449498645397 ], [ 33.003349594008625, -13.306289611376428 ], [ 33.000269596764554, -13.307669607566311 ], [ 32.997679462936901, -13.309039570919424 ], [ 32.995319563647001, -13.310399501435825 ], [ 32.992479481243095, -13.312699553541506 ], [ 32.990349463956647, -13.313839459523365 ], [ 32.988459537777487, -13.314979540873082 ], [ 32.986089604751498, -13.317039501871477 ], [ 32.983249523246968, -13.319099463769192 ], [ 32.980659564787118, -13.321159601034708 ], [ 32.978299489230096, -13.322529564387821 ], [ 32.976169471943649, -13.324129586011566 ], [ 32.974039454657145, -13.325509583100711 ], [ 32.972369553012527, -13.326649488183307 ], [ 32.970489483403014, -13.327789569532968 ], [ 32.968839472963339, -13.32916956572285 ], [ 32.967169571318721, -13.330549561912733 ], [ 32.964579613758247, -13.331679610425624 ], [ 32.962919569582539, -13.332599490973678 ], [ 32.961039499972969, -13.333499481216052 ], [ 32.95889944984981, -13.335339593047763 ], [ 32.957019556507362, -13.335789500485021 ], [ 32.955359512331654, -13.336709556400876 ], [ 32.952059489653777, -13.337839604913768 ], [ 32.950169563474617, -13.338759485461821 ], [ 32.948049579024882, -13.339429593700743 ], [ 32.94616950941537, -13.340109558509255 ], [ 32.944269550399497, -13.340799557053856 ], [ 32.941199585992138, -13.341929604667484 ], [ 32.939319517281945, -13.342379512104742 ], [ 32.93435945042836, -13.343739441721823 ], [ 32.926929472017548, -13.345389453060761 ], [ 32.925689587504507, -13.345599444758534 ], [ 32.933499593331646, -13.324399601160621 ], [ 32.932369544818698, -13.31956961314711 ], [ 32.938839510435116, -13.303069501556195 ], [ 32.938209535341855, -13.294779489781604 ], [ 32.940359442933982, -13.290829601704729 ], [ 32.941069507152065, -13.289519485535777 ], [ 32.945429522054837, -13.272999483639239 ], [ 32.953319617006798, -13.262249592244814 ], [ 32.955159553470651, -13.25973954844136 ], [ 32.958459575249265, -13.258849591035755 ], [ 32.967609445019946, -13.260069585243116 ], [ 32.969739462306393, -13.257789598810916 ], [ 32.970489483403014, -13.25550961237866 ], [ 32.973589547219888, -13.246089552091121 ], [ 32.978789528913694, -13.241069462685516 ], [ 32.981949615282588, -13.228439502580954 ], [ 32.991379533039094, -13.223239520887148 ], [ 33.001499448440825, -13.221239581541397 ], [ 33.013999505972492, -13.214209520852648 ], [ 33.016599497269056, -13.211009477605273 ], [ 33.016029544727758, -13.209339575960598 ], [ 33.01384953682674, -13.2029495241012 ], [ 33.010589471027345, -13.199239550864547 ], [ 33.006469548131179, -13.185409486858305 ], [ 33.001429568419894, -13.178259555533998 ], [ 32.995559478487166, -13.169919554044156 ], [ 32.980639499113636, -13.156929456828948 ], [ 32.974559593750314, -13.123769584198897 ], [ 32.974429514910241, -13.110199501605678 ], [ 32.978269566087647, -13.105139455321535 ], [ 32.978939498059447, -13.104259531652019 ], [ 32.979379548027794, -13.102039567771783 ], [ 32.980159492266807, -13.098059580285337 ], [ 32.97963952944076, -13.075749578480213 ], [ 32.982349533004594, -13.072709538114623 ], [ 32.98866952947526, -13.065639519648073 ], [ 32.991479512469596, -13.06250953268875 ], [ 32.996229586726088, -13.054949475437923 ], [ 32.995379586199022, -13.043449563846252 ], [ 32.987939574951497, -13.034419563811753 ], [ 32.987059475014803, -13.027059464522608 ], [ 32.988159599485982, -13.026119518301073 ], [ 32.991549567858328, -13.023179456466721 ], [ 32.993419604631129, -13.018649583011779 ], [ 32.998959480595602, -13.005179479849062 ], [ 32.999209604539658, -13.004619560144533 ], [ 33.00723945953348, -12.997779599948558 ], [ 33.008169549185425, -12.996019576342349 ], [ 33.012239482366283, -12.988389463702731 ], [ 33.011129500426136, -12.980339542136107 ], [ 33.012429583758319, -12.963329501455291 ], [ 33.015429491877626, -12.952989560619699 ], [ 33.01748945377534, -12.945889443642841 ], [ 33.017339484629588, -12.935539469970536 ], [ 33.018949539089988, -12.93153959217841 ], [ 33.021779588657125, -12.924499497753573 ], [ 33.024989488474148, -12.916509599638289 ], [ 33.025979600678056, -12.910769588545634 ], [ 33.022049602906918, -12.903149508742786 ], [ 33.020239589585458, -12.893939440153019 ], [ 33.015609560432893, -12.88722955969638 ], [ 33.000429598747019, -12.879759448139964 ], [ 32.980179558839609, -12.859589496458057 ], [ 32.970839587676892, -12.854459571052303 ], [ 32.97009959941704, -12.853869551938203 ], [ 32.960809617969574, -12.846559443263629 ], [ 32.957329527635636, -12.842619588023524 ], [ 32.955999520261685, -12.833639577704275 ], [ 32.958069514996168, -12.779399554945485 ], [ 32.960369568001227, -12.756179529161898 ], [ 32.963709546658322, -12.748839497344875 ], [ 32.964279499199563, -12.748429546786099 ], [ 32.974789475753767, -12.740649464101466 ], [ 32.975629618811922, -12.739759507595181 ], [ 32.991339576160556, -12.723069470879352 ], [ 33.006259556433406, -12.702259510368037 ], [ 33.008439563435161, -12.695149536821646 ], [ 33.011459538127212, -12.66779955440586 ], [ 33.013559456004145, -12.661879475657202 ], [ 33.015049465360562, -12.657709562146522 ], [ 33.019539558204087, -12.652689472740917 ], [ 33.026109503251007, -12.651819582807434 ], [ 33.031159515799061, -12.642989540734675 ], [ 33.035819468993338, -12.634839465269067 ], [ 33.040119460444771, -12.627319540264523 ], [ 33.05616948833125, -12.611569449770229 ], [ 33.056529449174775, -12.611469470339728 ], [ 33.065559449209275, -12.608879512779254 ], [ 33.074299544688301, -12.60089947213288 ], [ 33.08321953155621, -12.597749594867878 ], [ 33.08605961396006, -12.593859553975165 ], [ 33.090729599991107, -12.595729589848645 ], [ 33.099539574591745, -12.607989556272969 ], [ 33.106539536770242, -12.61217953545713 ], [ 33.115219608797986, -12.611319501193975 ], [ 33.129129586561248, -12.598779487683146 ], [ 33.134109542821193, -12.597659472906287 ], [ 33.137109451839763, -12.596989540934544 ], [ 33.152579493448911, -12.595499531578071 ], [ 33.168699577623443, -12.601359587774709 ], [ 33.178469565917794, -12.611549559464549 ], [ 33.178659491042708, -12.617299603393917 ], [ 33.176119523197485, -12.627459475674243 ], [ 33.174079451605451, -12.635669574591134 ], [ 33.175669616659548, -12.641659534260043 ], [ 33.181059523478268, -12.641929548509836 ], [ 33.188589481319582, -12.638069607026694 ], [ 33.193069541326338, -12.633039484784376 ], [ 33.198849509297474, -12.611469470339728 ], [ 33.201619535413272, -12.608789567084784 ], [ 33.206869506822329, -12.603699597658249 ], [ 33.210069549170385, -12.602059443788278 ], [ 33.217449538765266, -12.598249491121067 ], [ 33.22307953669133, -12.59783954056229 ], [ 33.232249473034813, -12.592839517729487 ], [ 33.238409467522956, -12.582539533772433 ], [ 33.262979565454657, -12.552579528122692 ], [ 33.262259468399805, -12.543809509501216 ], [ 33.262119532090765, -12.541989463342986 ], [ 33.270809461587419, -12.53698944051024 ] ] ] ] } },
{ "type": "Feature", "properties": { "SitRecID": 6673, "Country": "Malawi", "ISO3": "MWI", "NatName": "Dzalanyama Forest Reserve", "IntName": "Dzalanyama Forest Reserve", "SitLat": -14.3704829815, "SitLong": 33.610606208500002, "IbaStatus": "confirmed", "AzeStatus": null, "AddedDate": "2005-05-12", "ChangeDate": null, "Source": "RSPB funded initiative to create polygon boundaries for IBAs in Africa.", "DelTxt": "Digitized from national and continental scale maps of protected areas, lakes and wetlands.", "DelGeom": "3. draft polygon", "Shape_Leng": 2.1545794093700001, "Shape_Area": 0.08137705292, "GISArea": 97113.0, "KBA_Qual": "Global/ Regional to be determined", "LegacyKBA": "confirmed", "Trigger Ecosystems": "Linthipe Catchment Rivers and Linthipe Wetlands" }, "geometry": { "type": "MultiPolygon", "coordinates": [ [ [ [ 33.294399481051244, -14.14102960293377 ], [ 33.301599577458603, -14.124309466808427 ], [ 33.301619467764283, -14.124059518232116 ], [ 33.310539455531512, -14.129869585612823 ], [ 33.314069535580643, -14.133799583384018 ], [ 33.315719546919581, -14.135889468424182 ], [ 33.317599615629831, -14.137499522884639 ], [ 33.319479508972222, -14.139569517619123 ], [ 33.322779531650099, -14.142819550581748 ], [ 33.324419509253005, -14.14466951988237 ], [ 33.326069520591943, -14.146519490082369 ], [ 33.327479616191397, -14.149269449625365 ], [ 33.327939556465424, -14.151129452662076 ], [ 33.328169614735998, -14.153429505667134 ], [ 33.329339442960986, -14.155269442130987 ], [ 33.330279566348963, -14.157819442812979 ], [ 33.331689485681295, -14.159889613814585 ], [ 33.333329464183464, -14.162439615395897 ], [ 33.335209532893657, -14.164279551859806 ], [ 33.337099459072817, -14.166359579431003 ], [ 33.33897952868233, -14.167519551086343 ], [ 33.340389448913982, -14.168909581012315 ], [ 33.3420394593536, -14.170749517476224 ], [ 33.343929561799882, -14.172149580238909 ], [ 33.345569540302108, -14.173529576428791 ], [ 33.347229584477816, -14.174689548084132 ], [ 33.348629470973378, -14.176079578010047 ], [ 33.350279482312317, -14.177469607936018 ], [ 33.35168957791177, -14.179079486129353 ], [ 33.354519451211729, -14.181169547436639 ], [ 33.355929546811183, -14.182549543626465 ], [ 33.35758959098689, -14.183479457011288 ], [ 33.359939457440078, -14.185089511471745 ], [ 33.362059618156877, -14.186489574234429 ], [ 33.363709453228751, -14.187639513053057 ], [ 33.366069528785772, -14.188569602704945 ], [ 33.368189513235507, -14.189969489200507 ], [ 33.37078950363275, -14.191129460855905 ], [ 33.372909488082485, -14.192279575042335 ], [ 33.37551951221576, -14.19321952216319 ], [ 33.377409614662042, -14.194149610915758 ], [ 33.379519566275007, -14.194379492919211 ], [ 33.382599563519079, -14.194159468384726 ], [ 33.385199553916323, -14.193239587836672 ], [ 33.388279551160394, -14.191639566212984 ], [ 33.390639451349671, -14.190959601404415 ], [ 33.392769468636118, -14.19003954548856 ], [ 33.394899485922565, -14.189139555246243 ], [ 33.396799445837814, -14.188449556701642 ], [ 33.400589507299969, -14.187079593348528 ], [ 33.402719525485736, -14.186619477706699 ], [ 33.405559606990323, -14.185939511998811 ], [ 33.407919507179543, -14.185249514353586 ], [ 33.410289615573333, -14.184569548645698 ], [ 33.412659548599322, -14.184119465840638 ], [ 33.415249506159853, -14.183439501032126 ], [ 33.417849496557096, -14.182759535324237 ], [ 33.421639558918571, -14.181379539134355 ], [ 33.423769576205018, -14.180689540589754 ], [ 33.42637960033835, -14.180249490621463 ], [ 33.428519475093765, -14.179099552702155 ], [ 33.431109608921361, -14.178189529623069 ], [ 33.43300956793729, -14.177269472807893 ], [ 33.435599525497764, -14.176579474263292 ], [ 33.43820954963104, -14.176129567725297 ], [ 33.441049455767825, -14.175449602916785 ], [ 33.443179473054272, -14.174999519212406 ], [ 33.445069575500554, -14.174539578938379 ], [ 33.446959501679714, -14.17408949613332 ], [ 33.449089519865481, -14.17408949613332 ], [ 33.451929601370068, -14.173169615585266 ], [ 33.455709454627709, -14.172729566516239 ], [ 33.457839471914156, -14.172509541082434 ], [ 33.460209580307946, -14.172749455922599 ], [ 33.462329564757681, -14.172979514193173 ], [ 33.465159614324818, -14.174599602389719 ], [ 33.467039507667209, -14.175519482937716 ], [ 33.468929609214172, -14.1769195457004 ], [ 33.471529600510735, -14.178769515001079 ], [ 33.474109525234439, -14.18129945000959 ], [ 33.476229509684174, -14.182919537306759 ], [ 33.478829500081417, -14.185249514353586 ], [ 33.480479511420356, -14.187079593348528 ], [ 33.482359581029868, -14.18892956354847 ], [ 33.484009591469544, -14.190319592575065 ], [ 33.485659602808482, -14.19192947166772 ], [ 33.487299581310708, -14.194469615780122 ], [ 33.487999612692022, -14.196319585080744 ], [ 33.489179473753779, -14.200009491744595 ], [ 33.489639590294928, -14.201849604475626 ], [ 33.489869472298381, -14.204389572320849 ], [ 33.489859614829413, -14.206459567055333 ], [ 33.490089497732185, -14.208999534900556 ], [ 33.489609490885357, -14.211529469909067 ], [ 33.489359542309103, -14.214059581184699 ], [ 33.489589600579677, -14.215909551384641 ], [ 33.491239611918616, -14.217299580411236 ], [ 33.49382956947909, -14.218679577500438 ], [ 33.497609598104532, -14.219379608881809 ], [ 33.501159568459343, -14.219159583447947 ], [ 33.503049494638503, -14.219399499187489 ], [ 33.504939597084785, -14.218249560368861 ], [ 33.506839557000035, -14.217339537289774 ], [ 33.508749549751997, -14.216189598471146 ], [ 33.510869534201674, -14.215039484284716 ], [ 33.512999551488178, -14.213889545466088 ], [ 33.514659595663886, -14.212979522387002 ], [ 33.51607954873225, -14.211589493360407 ], [ 33.518199533181985, -14.209769446302857 ], [ 33.520579499044686, -14.208619508383549 ], [ 33.522249576057163, -14.207009453923092 ], [ 33.525089482193891, -14.205869547941234 ], [ 33.527679616021487, -14.206099606211808 ], [ 33.530039516210763, -14.206799462225376 ], [ 33.532639506608007, -14.209109548067147 ], [ 33.533569596259895, -14.210959517367769 ], [ 33.534979516491546, -14.213039545838342 ], [ 33.538069546572387, -14.213059611511824 ], [ 33.540889562403436, -14.213039545838342 ], [ 33.544689481334558, -14.211899464488624 ], [ 33.546589616617553, -14.21098961677734 ], [ 33.548709601067287, -14.209379562316883 ], [ 33.55060956098248, -14.208699597508371 ], [ 33.553919615597806, -14.207089543047914 ], [ 33.556279515787082, -14.206169486232739 ], [ 33.558419565910299, -14.204569464609051 ], [ 33.560549584096066, -14.202499469874567 ], [ 33.561979570001199, -14.201119473684741 ], [ 33.564109587287703, -14.199049478950258 ], [ 33.566479520313635, -14.197439600756923 ], [ 33.569079511610198, -14.195609520862661 ], [ 33.572629481965066, -14.194009499238973 ], [ 33.574999590358857, -14.193779440968399 ], [ 33.576879483701248, -14.193779440968399 ], [ 33.579019534723784, -14.19424959034626 ], [ 33.581139519173519, -14.19424959034626 ], [ 33.583979600678106, -14.194729597193088 ], [ 33.58656955823858, -14.196579566493767 ], [ 33.58845948531706, -14.19795956358297 ], [ 33.590809527137992, -14.199569441776248 ], [ 33.592699454216472, -14.201189529972794 ], [ 33.595289587144805, -14.202349500728815 ], [ 33.597889578441368, -14.204669444039553 ], [ 33.599779504620471, -14.205579467118639 ], [ 33.601429515959467, -14.206739615041158 ], [ 33.602839611558863, -14.208129468699951 ], [ 33.605439602855427, -14.209519498625923 ], [ 33.608749482102951, -14.210909527652518 ], [ 33.610629550813144, -14.21228952474172 ], [ 33.612039471044795, -14.215059550857518 ], [ 33.614639462341358, -14.217829576973372 ], [ 33.616039525104043, -14.219889537971767 ], [ 33.617689535543661, -14.221979599279052 ], [ 33.619119522348115, -14.22359951120842 ], [ 33.620749467114251, -14.226829477598244 ], [ 33.620979525384826, -14.229829561984673 ], [ 33.622149529876936, -14.233519467749204 ], [ 33.62237958814751, -14.236739577569381 ], [ 33.62307961952888, -14.239509603685235 ], [ 33.621889548463969, -14.242719503502258 ], [ 33.61997955571195, -14.246639467537364 ], [ 33.618559602643586, -14.248479580268395 ], [ 33.617129616738453, -14.251239573547423 ], [ 33.616179460513763, -14.253079510011332 ], [ 33.615459538826713, -14.255609445019843 ], [ 33.613559579810783, -14.25952958532207 ], [ 33.612139450475297, -14.262049487493812 ], [ 33.611189470517729, -14.263899457693753 ], [ 33.610469548830679, -14.265969452428237 ], [ 33.60927947776571, -14.268729444808002 ], [ 33.607849491860634, -14.271949554628179 ], [ 33.606899511903009, -14.274489522473459 ], [ 33.605459493161106, -14.277479573123742 ], [ 33.604279454932964, -14.280239566402827 ], [ 33.603789591516488, -14.282309561137311 ], [ 33.602609553288289, -14.285309469256561 ], [ 33.601659574230041, -14.288069462535645 ], [ 33.600229587425588, -14.291049480349216 ], [ 33.59973954864131, -14.293359566190986 ], [ 33.599269574631194, -14.295439593762183 ], [ 33.598549477576398, -14.297279531125412 ], [ 33.598299529000087, -14.299349525859895 ], [ 33.598999560381458, -14.302569458513631 ], [ 33.599229618652032, -14.305339484629485 ], [ 33.599449466919395, -14.307399446527199 ], [ 33.599689558926059, -14.309949447209192 ], [ 33.599919616297313, -14.313179589866138 ], [ 33.60037955657134, -14.317089521064474 ], [ 33.60154956106345, -14.320779603995504 ], [ 33.602729599291649, -14.322409548761641 ], [ 33.603659512676415, -14.324929450034062 ], [ 33.60507946574478, -14.327009478504579 ], [ 33.608149605519941, -14.329089506075775 ], [ 33.610039532598421, -14.329779504620376 ], [ 33.613339554376978, -14.331169533647028 ], [ 33.615709487402967, -14.331859532191629 ], [ 33.619009509181581, -14.333039570419771 ], [ 33.621609500478144, -14.334879506883681 ], [ 33.624449582881994, -14.337189592725451 ], [ 33.6260895604849, -14.339499502300157 ], [ 33.626799449335181, -14.341339615031188 ], [ 33.628679518045374, -14.343419467234582 ], [ 33.630099471113738, -14.345729553076353 ], [ 33.631279509341937, -14.347569489540263 ], [ 33.631969506987218, -14.349409602271294 ], [ 33.632679572104621, -14.351719512745262 ], [ 33.632909454108074, -14.354249447753773 ], [ 33.632899596639106, -14.357709471514852 ], [ 33.632889563802394, -14.359559441714794 ], [ 33.633359536913133, -14.362549492365133 ], [ 33.632879530066305, -14.364389605096164 ], [ 33.632159608379254, -14.367609538649219 ], [ 33.632149575542542, -14.369689566220472 ], [ 33.632139542705772, -14.371519469847613 ], [ 33.631899451598485, -14.373359582578644 ], [ 33.632369600976347, -14.375209552778585 ], [ 33.632369600976347, -14.377519462353234 ], [ 33.63212950896974, -14.379589457087718 ], [ 33.632579592674119, -14.382129601200063 ], [ 33.632349534403545, -14.383969537663972 ], [ 33.632579592674119, -14.385819507863971 ], [ 33.632809474677572, -14.388119560868972 ], [ 33.633049565784859, -14.389959497332882 ], [ 33.633269590319401, -14.392499465178105 ], [ 33.633499473222173, -14.39525945845719 ], [ 33.633489615753206, -14.39756954429896 ], [ 33.633949556027233, -14.4005595949493 ], [ 33.634419529138029, -14.402869505423268 ], [ 33.635829449369623, -14.406549554618209 ], [ 33.636519447014905, -14.409089522463432 ], [ 33.637709518079873, -14.41139960830526 ], [ 33.63911961457859, -14.414159601584288 ], [ 33.640769449650406, -14.416009571784286 ], [ 33.641939454142573, -14.417639516550423 ], [ 33.643829556588798, -14.420389476093419 ], [ 33.645719482767959, -14.422929443938642 ], [ 33.646419514149329, -14.425239529780413 ], [ 33.648069525488268, -14.427089499980411 ], [ 33.649719535927886, -14.429159494714838 ], [ 33.650899574156085, -14.431009464914837 ], [ 33.652079611484908, -14.433079459649321 ], [ 33.653959504827355, -14.435379511755002 ], [ 33.655379457895719, -14.43769945506574 ], [ 33.656779520658404, -14.440919563986654 ], [ 33.657269560342002, -14.443689590102451 ], [ 33.658909538844171, -14.446689499121021 ], [ 33.659129563378713, -14.449679549771361 ], [ 33.659829594760026, -14.452449575887158 ], [ 33.660299567870823, -14.454519570621642 ], [ 33.660299567870823, -14.457049505630152 ], [ 33.66074947530808, -14.460059446586172 ], [ 33.661459539526163, -14.463739496680375 ], [ 33.661689597796737, -14.465579608512087 ], [ 33.66261951118156, -14.469039456905364 ], [ 33.662849569452135, -14.471349543646454 ], [ 33.663329575399644, -14.473189480110364 ], [ 33.664509613627843, -14.475719590486676 ], [ 33.665679618119952, -14.478029500960645 ], [ 33.667089538351547, -14.480339586802415 ], [ 33.668739548791223, -14.482879554647695 ], [ 33.669919587019365, -14.484489609108152 ], [ 33.671809513198525, -14.486329546471325 ], [ 33.67392949764826, -14.487029577852695 ], [ 33.67629960694137, -14.487949457501429 ], [ 33.679129479342066, -14.488649488882743 ], [ 33.68221951032217, -14.48980946053814 ], [ 33.685999538947613, -14.49097946503025 ], [ 33.688839444185078, -14.491659606105884 ], [ 33.692389590807011, -14.492369494956165 ], [ 33.694269484149402, -14.492829611497314 ], [ 33.697109566553308, -14.493049459764734 ], [ 33.700669570644209, -14.49329958460811 ], [ 33.702799587930713, -14.493539499448275 ], [ 33.705869552338015, -14.493079559174248 ], [ 33.709419522692883, -14.492859534639763 ], [ 33.712029546826159, -14.491949511560676 ], [ 33.714389446116115, -14.491249480179306 ], [ 33.716999470249391, -14.490569514471474 ], [ 33.719369578643182, -14.489879516826193 ], [ 33.72173951166917, -14.488269462365736 ], [ 33.724109444695159, -14.486429525002507 ], [ 33.725769488870867, -14.485509469086708 ], [ 33.727909538994084, -14.482979534078197 ], [ 33.729559550333022, -14.48136947961774 ], [ 33.730749445130812, -14.479759601424405 ], [ 33.732649581313183, -14.476779582711515 ], [ 33.734079567218316, -14.474699555140319 ], [ 33.735739611394024, -14.471709504489979 ], [ 33.737159564462388, -14.46986956712675 ], [ 33.738119577256725, -14.46825951266635 ], [ 33.739299615484924, -14.465959459661292 ], [ 33.740499543119483, -14.463879608357217 ], [ 33.741439489341019, -14.46226955389676 ], [ 33.742399503034676, -14.459509560617676 ], [ 33.743119600089528, -14.456749567338591 ], [ 33.743599606936357, -14.454219456962335 ], [ 33.744319528623407, -14.451219548843085 ], [ 33.744079612883866, -14.449149554108601 ], [ 33.744799534570916, -14.446379527093427 ], [ 33.744799534570916, -14.443849592984293 ], [ 33.744809568307005, -14.441779598249809 ], [ 33.744819601143718, -14.438319573589411 ], [ 33.744819601143718, -14.435559580310326 ], [ 33.744829458612685, -14.433709611009704 ], [ 33.744829458612685, -14.431869498278672 ], [ 33.744839491449397, -14.429799503544189 ], [ 33.745079582556741, -14.42633947888379 ], [ 33.745319497396963, -14.424269484149306 ], [ 33.745329531132995, -14.422199489414879 ], [ 33.745569445973217, -14.418739464754424 ], [ 33.74510950569919, -14.415749590371263 ], [ 33.746059485656815, -14.412519447714317 ], [ 33.746069518493528, -14.409759454435232 ], [ 33.7467896164477, -14.40653952178144 ], [ 33.74750953813475, -14.403769495665642 ], [ 33.749169582310401, -14.400769587546392 ], [ 33.750359477108248, -14.397549477726159 ], [ 33.752029555019988, -14.393409488257248 ], [ 33.752979534078293, -14.391109611519312 ], [ 33.753929514035917, -14.388809558514254 ], [ 33.755119585100829, -14.386739563779827 ], [ 33.75582947395111, -14.384889594479148 ], [ 33.757479484390728, -14.382129601200063 ], [ 33.75938947714269, -14.379369607921035 ], [ 33.760579548207659, -14.377539528926093 ], [ 33.761989468439253, -14.376149499000121 ], [ 33.763419454344387, -14.374309562536212 ], [ 33.765549471630891, -14.37200950953121 ], [ 33.768629468874963, -14.3694795745227 ], [ 33.770289513949933, -14.36785948722553 ], [ 33.77242956407315, -14.365789492491047 ], [ 33.774799497099139, -14.364419529137933 ], [ 33.776459541274846, -14.363499472322758 ], [ 33.77858955856135, -14.361889594129423 ], [ 33.780719576747117, -14.361209453053789 ], [ 33.78331956714436, -14.360519454509188 ], [ 33.785929591277693, -14.359599573961134 ], [ 33.78805960856414, -14.359609607697166 ], [ 33.790419508753359, -14.359609607697166 ], [ 33.792549526039863, -14.360759545616474 ], [ 33.794199537378802, -14.361919517271872 ], [ 33.79584954781842, -14.363299513461754 ], [ 33.800099550453922, -14.363769487471814 ], [ 33.802709573687935, -14.364689543387669 ], [ 33.805069473877154, -14.365609600202845 ], [ 33.807199491163658, -14.367459569503467 ], [ 33.81026945557096, -14.369779512814205 ], [ 33.813099504238778, -14.372299590353748 ], [ 33.8154595797958, -14.374379442557199 ], [ 33.81687953286422, -14.375999529854369 ], [ 33.818529544203159, -14.377379526943571 ], [ 33.820889443493058, -14.379689612785342 ], [ 33.82278957967543, -14.38038946789959 ], [ 33.824899530389075, -14.382459462634074 ], [ 33.826799490304268, -14.383609576820447 ], [ 33.828919474754002, -14.384999606746419 ], [ 33.831999471998074, -14.385229488749872 ], [ 33.833879540708267, -14.385929520131185 ], [ 33.835769466887427, -14.38615957840176 ], [ 33.83837949102076, -14.38615957840176 ], [ 33.840269593467042, -14.38685960978313 ], [ 33.843579472714566, -14.387549608327731 ], [ 33.846179464011129, -14.389169519357779 ], [ 33.848309481297576, -14.390089576172954 ], [ 33.850679590590687, -14.391469572362837 ], [ 33.852559483033758, -14.392629544018178 ], [ 33.854919558590836, -14.39400954020806 ], [ 33.857759464727565, -14.395399570134032 ], [ 33.860599547131471, -14.396549508952603 ], [ 33.862489473310575, -14.397019482063399 ], [ 33.86413948464957, -14.397949571715344 ], [ 33.866269501936017, -14.397949571715344 ], [ 33.868629577493039, -14.398869451364021 ], [ 33.87170957473711, -14.400019566449771 ], [ 33.874309566033673, -14.400949479834594 ], [ 33.877619445281255, -14.401409595476423 ], [ 33.879759496303791, -14.401649511215908 ], [ 33.882829459811774, -14.401649511215908 ], [ 33.885189535368795, -14.402349542597278 ], [ 33.887079462447275, -14.403269598513134 ], [ 33.889209479733779, -14.404189479061188 ], [ 33.891099582180004, -14.405119568713076 ], [ 33.892749593519, -14.406729446906411 ], [ 33.894639519698103, -14.408799441640895 ], [ 33.896069505603236, -14.410409496101295 ], [ 33.897959608049518, -14.412489524571868 ], [ 33.898889521434342, -14.414109611869037 ], [ 33.900309474502706, -14.416639546877548 ], [ 33.901019538720789, -14.419409572993345 ], [ 33.902169477539417, -14.421939508001856 ], [ 33.901949452105555, -14.423779444465765 ], [ 33.902419601483473, -14.426089530307536 ], [ 33.902649483486925, -14.428849523586621 ], [ 33.902399535809991, -14.431159609428391 ], [ 33.901929561799875, -14.432999545892301 ], [ 33.901689470692588, -14.435989597441903 ], [ 33.900969549005538, -14.438979472724441 ], [ 33.900259484787455, -14.442909469596316 ], [ 33.899779478839946, -14.446129579416493 ], [ 33.899539563100404, -14.448659514425003 ], [ 33.899299471993118, -14.451199482270226 ], [ 33.898579550306067, -14.453949441813222 ], [ 33.898579550306067, -14.456939493362881 ], [ 33.898809608576641, -14.459719552315448 ], [ 33.898569517469298, -14.461789547049932 ], [ 33.899039490580094, -14.464089600054933 ], [ 33.898559483733266, -14.46708950817424 ], [ 33.899519496527603, -14.478569530359493 ], [ 33.899689532246157, -14.479959559386089 ], [ 33.879939564859058, -14.491069587891104 ], [ 33.879439491439427, -14.50342953374593 ], [ 33.879139554047242, -14.511059471017745 ], [ 33.873949605190205, -14.510799488705402 ], [ 33.86524946658966, -14.504099465717729 ], [ 33.855809515996441, -14.504059508839191 ], [ 33.848709574387385, -14.508819616831829 ], [ 33.84491951292523, -14.511359584677052 ], [ 33.816439482895873, -14.539029570158505 ], [ 33.813629500800857, -14.541759464028019 ], [ 33.804659523318378, -14.543329562509257 ], [ 33.802069565757904, -14.540969486952235 ], [ 33.791739482391279, -14.531549602032442 ], [ 33.768899484024018, -14.522239554911494 ], [ 33.742839552103703, -14.496379581852182 ], [ 33.730509530290647, -14.488709512334083 ], [ 33.729439505229038, -14.488039580362283 ], [ 33.720219579170305, -14.490749583026798 ], [ 33.711329515444845, -14.497729478632493 ], [ 33.710039464949375, -14.498729448305369 ], [ 33.706139566587751, -14.521689491776556 ], [ 33.700889595178751, -14.534069504204183 ], [ 33.702469550229637, -14.547859612231264 ], [ 33.709719460984388, -14.564079499569232 ], [ 33.712469596794506, -14.570209570914926 ], [ 33.713189518481556, -14.571809591639294 ], [ 33.707029523094093, -14.576379598239839 ], [ 33.704649557231335, -14.580959461409975 ], [ 33.69066952407934, -14.591679605029697 ], [ 33.680449452979929, -14.604949573963609 ], [ 33.679189501894029, -14.604179487193505 ], [ 33.644929504792856, -14.583169567821244 ], [ 33.63861954115896, -14.572129596503657 ], [ 33.637679594937424, -14.57048944263363 ], [ 33.631339531893957, -14.56333951130938 ], [ 33.627389467549961, -14.555039465798643 ], [ 33.627799594375858, -14.55307948423075 ], [ 33.629809566558322, -14.543569477349479 ], [ 33.629879446579253, -14.531619482053429 ], [ 33.618919563487111, -14.508129442020106 ], [ 33.616099547656063, -14.504799497099043 ], [ 33.613059506391153, -14.501219602702463 ], [ 33.604889540619865, -14.49337949746581 ], [ 33.595699537703581, -14.484569522865115 ], [ 33.586049595412533, -14.479459486865778 ], [ 33.573089597606895, -14.478009610654965 ], [ 33.564869465853235, -14.471079528497398 ], [ 33.564389459006406, -14.470029570008592 ], [ 33.557179506029456, -14.45447961374316 ], [ 33.553889516188292, -14.451709587627306 ], [ 33.54478946076506, -14.435569614046415 ], [ 33.536819452955456, -14.427249501962876 ], [ 33.526439555241325, -14.421339456050987 ], [ 33.524599618777415, -14.420289496662917 ], [ 33.514929609913622, -14.419079535292269 ], [ 33.480589523687627, -14.40347959021085 ], [ 33.474259494380192, -14.397469564868459 ], [ 33.464239557509643, -14.377649541193307 ], [ 33.448309575626467, -14.361469609834558 ], [ 33.446759543718031, -14.345379449701795 ], [ 33.44305960421741, -14.337639500162766 ], [ 33.438379585349651, -14.327859479031702 ], [ 33.424129537048543, -14.308009531314781 ], [ 33.419479617590355, -14.296949493424336 ], [ 33.419039567622008, -14.289829486141798 ], [ 33.414159590792508, -14.280149444441236 ], [ 33.405499584438303, -14.270209596695508 ], [ 33.396679576101633, -14.249929457378528 ], [ 33.381929455280215, -14.234209466293805 ], [ 33.380649613888636, -14.229319455728273 ], [ 33.379399520271704, -14.224549491166044 ], [ 33.379219451716381, -14.215809571954139 ], [ 33.374769491119196, -14.210959517367769 ], [ 33.364869600251893, -14.211819550731661 ], [ 33.354939610874396, -14.217039598998269 ], [ 33.347169561026476, -14.216069553367163 ], [ 33.345299525152996, -14.213529584622563 ], [ 33.342009536211151, -14.212359580130453 ], [ 33.337109492808906, -14.204739500327605 ], [ 33.334349499529822, -14.193919553544504 ], [ 33.328779524155777, -14.181939458838883 ], [ 33.314999448965466, -14.162999535100425 ], [ 33.306759602273871, -14.161569548295972 ], [ 33.304789586969889, -14.155239518988537 ], [ 33.303539493353014, -14.151209541786898 ], [ 33.295789510977215, -14.146329564058078 ], [ 33.294399481051244, -14.14102960293377 ] ] ] ] } },
{ "type": "Feature", "properties": { "SitRecID": 6674, "Country": "Malawi", "ISO3": "MWI", "NatName": "Namizimu Forest Reserve", "IntName": "Namizimu Forest Reserve", "SitLat": -14.1350895712, "SitLong": 35.294853981099997, "IbaStatus": "confirmed", "AzeStatus": null, "AddedDate": "2005-05-12", "ChangeDate": null, "Source": "RSPB funded initiative to create polygon boundaries for IBAs in Africa.", "DelTxt": "Digitized from national and continental scale maps of protected areas, lakes and wetlands.", "DelGeom": "3. draft polygon", "Shape_Leng": 1.38039147012, "Shape_Area": 0.08772517737, "GISArea": 104796.0, "KBA_Qual": "Global/ Regional to be determined", "LegacyKBA": "confirmed", "Trigger Ecosystems": null }, "geometry": { "type": "MultiPolygon", "coordinates": [ [ [ [ 35.330769488720989, -14.420889548613729 ], [ 35.328839605663347, -14.405879446379288 ], [ 35.328779583111327, -14.389119529642528 ], [ 35.312039556680247, -14.359909545089408 ], [ 35.294359583128312, -14.327159447650331 ], [ 35.27576958739661, -14.296169549185322 ], [ 35.258089613844675, -14.263419450846925 ], [ 35.231989550577339, -14.204159514050275 ], [ 35.204939506453115, -14.139589584191924 ], [ 35.194579499944041, -14.091889582438228 ], [ 35.186159584697123, -14.064489611206568 ], [ 35.174959610497694, -14.037949497071565 ], [ 35.154559601444475, -14.015779606943283 ], [ 35.139679578050163, -13.989229459971568 ], [ 35.138649508967717, -13.966279449337094 ], [ 35.140319586879457, -13.925699455765198 ], [ 35.141999521360901, -13.886009594067446 ], [ 35.1483895732203, -13.869279601372455 ], [ 35.152959579820788, -13.858719459735255 ], [ 35.162159615573842, -13.851709464719988 ], [ 35.1704594848174, -13.850869497029635 ], [ 35.188029445202801, -13.85891959396406 ], [ 35.217659589418588, -13.879379450201441 ], [ 35.240829449219746, -13.902449506839218 ], [ 35.292729462994373, -13.951279556206487 ], [ 35.34930949473744, -14.015129565277164 ], [ 35.393829519816563, -14.063909449561379 ], [ 35.398499505847553, -14.078049484695896 ], [ 35.403319460125033, -14.125729596143913 ], [ 35.422449485255584, -14.279359466466133 ], [ 35.423719469178195, -14.357899573806264 ], [ 35.421939556165626, -14.37376953313742 ], [ 35.405459511147569, -14.404549616171778 ], [ 35.395379551725, -14.423029599636266 ], [ 35.376059600570159, -14.435269499487788 ], [ 35.358509530490494, -14.434289596387714 ], [ 35.330769488720989, -14.420889548613729 ] ] ] ] } },
{ "type": "Feature", "properties": { "SitRecID": 6675, "Country": "Malawi", "ISO3": "MWI", "NatName": "Mangochi Mountain Forest Reserve", "IntName": "Mangochi Mountain Forest Reserve", "SitLat": -14.5257290611, "SitLong": 35.4717148589, "IbaStatus": "confirmed", "AzeStatus": null, "AddedDate": "2005-05-12", "ChangeDate": null, "Source": "RSPB funded initiative to create polygon boundaries for IBAs in Africa.", "DelTxt": "Digitized from national and continental scale maps of protected areas, lakes and wetlands.", "DelGeom": "3. draft polygon", "Shape_Leng": 1.1338397551399999, "Shape_Area": 0.03642623131, "GISArea": 43441.0, "KBA_Qual": "Global/ Regional to be determined", "LegacyKBA": "confirmed", "Trigger Ecosystems": null }, "geometry": { "type": "MultiPolygon", "coordinates": [ [ [ [ 35.414959484292808, -14.66131961490828 ], [ 35.384769596639615, -14.622989508359069 ], [ 35.362239569400685, -14.594369542020729 ], [ 35.362079567418164, -14.59316961438617 ], [ 35.361889466026071, -14.589139460917352 ], [ 35.362299591952649, -14.58850948582409 ], [ 35.364569545548136, -14.586519580214429 ], [ 35.361019575193268, -14.576989507659619 ], [ 35.369949595797266, -14.571519510816699 ], [ 35.370459525786544, -14.557659523668065 ], [ 35.370789563487619, -14.545129542094628 ], [ 35.391449553953805, -14.550199444948362 ], [ 35.405189495998513, -14.553519534199097 ], [ 35.40595958366788, -14.553699601855101 ], [ 35.406469513657157, -14.550319490951722 ], [ 35.407159511302439, -14.546699464308801 ], [ 35.408449561797909, -14.54222961340588 ], [ 35.408919534908648, -14.537809575951144 ], [ 35.409099603463972, -14.536949542587251 ], [ 35.409229506036922, -14.536139498938667 ], [ 35.409979527133544, -14.532069564858489 ], [ 35.410059616258309, -14.531149508942633 ], [ 35.410499489959534, -14.528909478489595 ], [ 35.410629568799607, -14.527719583691805 ], [ 35.410769505108647, -14.52562952328384 ], [ 35.410789571681448, -14.524029501660152 ], [ 35.410799604518161, -14.523279480563531 ], [ 35.410579579084356, -14.521319498096318 ], [ 35.410419577101834, -14.520399442180462 ], [ 35.410219618240831, -14.517219465505889 ], [ 35.40718961071201, -14.513689560824503 ], [ 35.406699571028412, -14.514489571636375 ], [ 35.405719492560593, -14.517289520894622 ], [ 35.403849455787793, -14.520899514700773 ], [ 35.403769542930092, -14.52250956916123 ], [ 35.40369948754136, -14.523949588802452 ], [ 35.403559551232377, -14.525269562440315 ], [ 35.403489495843587, -14.526929606616022 ], [ 35.402309457615445, -14.527089608598487 ], [ 35.401179585369619, -14.527309457765227 ], [ 35.3989395558159, -14.526649558630197 ], [ 35.396599545932361, -14.525649588957322 ], [ 35.394359516378643, -14.524869468451186 ], [ 35.393049575577493, -14.525199506152262 ], [ 35.391579456526756, -14.524769489020628 ], [ 35.390049491191121, -14.523959445372043 ], [ 35.388989498966282, -14.523939555066363 ], [ 35.387859450453334, -14.524329615319459 ], [ 35.387209585054336, -14.524669510489446 ], [ 35.386319452280929, -14.525069603579311 ], [ 35.385309449771341, -14.52504953700651 ], [ 35.384379536386575, -14.524639586447734 ], [ 35.3833795667137, -14.523419592240316 ], [ 35.382509500513095, -14.522939586292807 ], [ 35.381679565659454, -14.52316946829626 ], [ 35.380849456337387, -14.523389492830802 ], [ 35.380079544935086, -14.523379459994032 ], [ 35.379499558657756, -14.522899453147204 ], [ 35.378979595831709, -14.521759548064665 ], [ 35.378649558130633, -14.519679520493412 ], [ 35.378779460703583, -14.518589604226804 ], [ 35.378959529258907, -14.517779560578219 ], [ 35.38091951172612, -14.516719568353324 ], [ 35.383649581862755, -14.516119516402512 ], [ 35.386309594812019, -14.515329538427409 ], [ 35.388989498966282, -14.513999531952777 ], [ 35.391239562256033, -14.513209553977674 ], [ 35.393309556990516, -14.512779537745416 ], [ 35.394029478677567, -14.512499489759591 ], [ 35.396819571366166, -14.511389507819501 ], [ 35.397879563591061, -14.510829588114973 ], [ 35.40019950600248, -14.51003961103919 ], [ 35.400909571119882, -14.509649550786094 ], [ 35.402099465917672, -14.509249457696285 ], [ 35.40309961095835, -14.50880958309574 ], [ 35.405129473446493, -14.507569523214897 ], [ 35.405789547949325, -14.506659499236434 ], [ 35.407299447611479, -14.503969562245459 ], [ 35.407249457896228, -14.502469520052273 ], [ 35.406919596462274, -14.50050953848438 ], [ 35.407129588159989, -14.498219518316091 ], [ 35.407839477010327, -14.497709588326813 ], [ 35.40849955151316, -14.497249472684985 ], [ 35.410579579084356, -14.495789562738082 ], [ 35.411859596743056, -14.492689498921209 ], [ 35.411979466479238, -14.491899521845426 ], [ 35.412229590423294, -14.490859596193388 ], [ 35.412419516447585, -14.489819494274172 ], [ 35.412869599252645, -14.487529474105884 ], [ 35.41264957381884, -14.485329576798506 ], [ 35.412359492996245, -14.484529565986634 ], [ 35.411729517902984, -14.482969501241428 ], [ 35.412449615857156, -14.48245957125215 ], [ 35.41316953754415, -14.481609570725084 ], [ 35.413829612047039, -14.48005953881659 ], [ 35.414199605727276, -14.478279449536899 ], [ 35.414339542036259, -14.476739450465232 ], [ 35.414469620876332, -14.475869559632429 ], [ 35.414309618893867, -14.473969600616556 ], [ 35.413939448047131, -14.47051960879287 ], [ 35.413079590950417, -14.468319535218313 ], [ 35.412729487575859, -14.467509491569729 ], [ 35.411809607027806, -14.465949603091644 ], [ 35.410629568799607, -14.465299561425581 ], [ 35.410649459105286, -14.464099456624581 ], [ 35.410599469390036, -14.463109520687794 ], [ 35.410439467407571, -14.462079451605348 ], [ 35.410449501143603, -14.46104955879008 ], [ 35.410639602535696, -14.459949610586023 ], [ 35.411089509073634, -14.456909569321112 ], [ 35.41147956932673, -14.454099587226096 ], [ 35.411599615330033, -14.453289543577512 ], [ 35.411909586458307, -14.451399616499032 ], [ 35.413119547828899, -14.449399501785535 ], [ 35.414199605727276, -14.447859503613131 ], [ 35.414809515147056, -14.446939446798012 ], [ 35.416059608763987, -14.445929444288367 ], [ 35.417369549565137, -14.4448995514731 ], [ 35.418199483519402, -14.444519524956092 ], [ 35.418969571188825, -14.443829526411491 ], [ 35.419569446872515, -14.442799457329045 ], [ 35.420959476798487, -14.440859541434634 ], [ 35.421729563568533, -14.439839506088276 ], [ 35.422099558148147, -14.438809613273008 ], [ 35.422289483273062, -14.437779544190562 ], [ 35.423189473515436, -14.43697953337869 ], [ 35.423789525466304, -14.43651959310472 ], [ 35.425139598513738, -14.436659529413703 ], [ 35.426299570169078, -14.437649465350489 ], [ 35.426709520727854, -14.43834949673186 ], [ 35.42711947128663, -14.439159540380444 ], [ 35.427399519272456, -14.439849538925046 ], [ 35.427749446379892, -14.440709572288881 ], [ 35.428379597740275, -14.442099602214796 ], [ 35.430379537086026, -14.442459563058321 ], [ 35.43132951704365, -14.442659521919381 ], [ 35.432869515215998, -14.44243949648552 ], [ 35.433879517725586, -14.441879576780991 ], [ 35.434709451679907, -14.441539506243146 ], [ 35.436359463018846, -14.441619595367968 ], [ 35.437589490962296, -14.442319451381536 ], [ 35.439119456297931, -14.442569575325592 ], [ 35.440189481359539, -14.442579608162362 ], [ 35.445859612431207, -14.442129525357245 ], [ 35.446689546385528, -14.44196952337478 ], [ 35.450009459369085, -14.44079951888267 ], [ 35.450019492205854, -14.439699569779293 ], [ 35.450099581330676, -14.438319573589411 ], [ 35.450109614167388, -14.437469573062288 ], [ 35.450179494188376, -14.435849485765118 ], [ 35.450499498153363, -14.433959558686638 ], [ 35.450689600444775, -14.432349504226181 ], [ 35.452409490905325, -14.432199535080429 ], [ 35.452999510019424, -14.431339501716593 ], [ 35.453449592824484, -14.428869590159422 ], [ 35.45574946956242, -14.428729477583261 ], [ 35.459009535361815, -14.427729508809762 ], [ 35.459149471670855, -14.425829548894512 ], [ 35.45929961618441, -14.423249448802949 ], [ 35.460029571607492, -14.42037944325665 ], [ 35.457509493168629, -14.419549509302385 ], [ 35.453349613393982, -14.417029607130644 ], [ 35.454009512529012, -14.41553959777417 ], [ 35.454429495924558, -14.414789576677549 ], [ 35.454979559059439, -14.413529450223905 ], [ 35.455769536135222, -14.411709579433477 ], [ 35.457099543509173, -14.40907948962672 ], [ 35.457639572008702, -14.408339501366868 ], [ 35.459359463368571, -14.407429478287725 ], [ 35.460319476162965, -14.406469465493387 ], [ 35.460569601006341, -14.405029445852222 ], [ 35.461109454138068, -14.40433944820694 ], [ 35.461879540908114, -14.403959597057735 ], [ 35.463189481709264, -14.402879538260038 ], [ 35.463729511108113, -14.402079527448166 ], [ 35.464279573343674, -14.400759553810303 ], [ 35.46468952390245, -14.399849530731217 ], [ 35.465119541034028, -14.399039487082632 ], [ 35.466019530377082, -14.397959604552057 ], [ 35.466619582327894, -14.397399508580406 ], [ 35.467399527466284, -14.396769533487145 ], [ 35.468459519691123, -14.395799487856038 ], [ 35.469299486482157, -14.394949487328915 ], [ 35.470729472387291, -14.393699569079786 ], [ 35.474779516161789, -14.396279493803547 ], [ 35.476019576941951, -14.395829587265609 ], [ 35.477029579451596, -14.395389537297262 ], [ 35.479519557581568, -14.393909560777558 ], [ 35.481129612042025, -14.392789546000699 ], [ 35.483299586207011, -14.394539536770139 ], [ 35.484839585278678, -14.393579523975802 ], [ 35.48610956920129, -14.392329605726673 ], [ 35.487769613376997, -14.390619571835714 ], [ 35.488419478775995, -14.389759538471878 ], [ 35.489319469018312, -14.388849515392792 ], [ 35.490149579239755, -14.388179583420992 ], [ 35.491919459415556, -14.38743959516114 ], [ 35.493829452167518, -14.387059568644133 ], [ 35.496429619731202, -14.386479582366803 ], [ 35.497259553685524, -14.386189501544209 ], [ 35.499509616975274, -14.38556955928766 ], [ 35.500279527478256, -14.385409557305195 ], [ 35.502229477108756, -14.384979540173617 ], [ 35.503229446781575, -14.384809505354326 ], [ 35.505729457748316, -14.383519454858913 ], [ 35.50660955768501, -14.38381956851822 ], [ 35.508549473579421, -14.38498957390965 ], [ 35.509909580362887, -14.38506948676735 ], [ 35.510909549136443, -14.38512950931937 ], [ 35.513139546752711, -14.386359537262763 ], [ 35.51554961202504, -14.387309516321068 ], [ 35.516609604249879, -14.387619487449342 ], [ 35.520499468875414, -14.388059537417689 ], [ 35.523619598365826, -14.388329552566745 ], [ 35.526509494217862, -14.388579500243679 ], [ 35.529749494343719, -14.389429500770802 ], [ 35.533459466681109, -14.390329491013176 ], [ 35.538389609492924, -14.392169603744151 ], [ 35.539509448901981, -14.392869458858399 ], [ 35.545479518265211, -14.397479597705228 ], [ 35.552039605843163, -14.402669546562265 ], [ 35.552679614672513, -14.403369577943636 ], [ 35.557819572915037, -14.407799471968019 ], [ 35.561209541287326, -14.405479529556601 ], [ 35.561619491846102, -14.406109504649862 ], [ 35.563309460063579, -14.407799471968019 ], [ 35.564939581096837, -14.409829510723284 ], [ 35.566229455325129, -14.411289596037989 ], [ 35.566749594418297, -14.411969560846501 ], [ 35.568259493181131, -14.414349526709259 ], [ 35.569529477103742, -14.416499610568508 ], [ 35.572039521806516, -14.419239537274791 ], [ 35.573779478839924, -14.422059553105839 ], [ 35.576749463816782, -14.426059607165087 ], [ 35.576969489250587, -14.427619495643171 ], [ 35.576809487268065, -14.430089584366783 ], [ 35.576739607247134, -14.43243945081997 ], [ 35.576549504955722, -14.43352954245438 ], [ 35.576069499008213, -14.434789493540222 ], [ 35.575709538164688, -14.435479491185504 ], [ 35.57533954448445, -14.436279501997376 ], [ 35.574499576794096, -14.438049558440298 ], [ 35.574129583113802, -14.438859602988259 ], [ 35.573519497426901, -14.440859541434634 ], [ 35.573279582586736, -14.441719574798469 ], [ 35.572599617778167, -14.444309532359 ], [ 35.573349462607666, -14.446269514826213 ], [ 35.573809578249495, -14.447249594193352 ], [ 35.572619508083903, -14.44780951389788 ], [ 35.572659464063065, -14.44964945036179 ], [ 35.571929509539302, -14.451129602249296 ], [ 35.571989532091266, -14.451889480814827 ], [ 35.572029488969804, -14.452919548997954 ], [ 35.572249513504289, -14.454649473194593 ], [ 35.57235952577156, -14.455399494291157 ], [ 35.572409515486811, -14.456209537939799 ], [ 35.572679530635867, -14.458389545840816 ], [ 35.572729520351118, -14.459309601756672 ], [ 35.572569518368653, -14.463109520687794 ], [ 35.572329602629111, -14.469139612602987 ], [ 35.571149565300232, -14.474309494887223 ], [ 35.570829560435925, -14.477069488166308 ], [ 35.570799461026354, -14.47947955343858 ], [ 35.569429497673241, -14.48072947078839 ], [ 35.567299480386737, -14.481509591294582 ], [ 35.563319492900348, -14.482899444953375 ], [ 35.563069544324037, -14.484279441143258 ], [ 35.563059511487324, -14.485199497958433 ], [ 35.563109501202575, -14.486409459329025 ], [ 35.563219513469846, -14.487159480425646 ], [ 35.563609573722886, -14.48922947516013 ], [ 35.563719585990157, -14.490209554527269 ], [ 35.563869555135909, -14.491939478723907 ], [ 35.563849489462427, -14.493089592910337 ], [ 35.563839455726338, -14.495159587644821 ], [ 35.563769575705408, -14.496009588171887 ], [ 35.562989455199272, -14.498079582906371 ], [ 35.562739507522281, -14.498889450287834 ], [ 35.562119565265789, -14.501929491552744 ], [ 35.561809594137515, -14.502719468628527 ], [ 35.560889537322339, -14.505879554997421 ], [ 35.560029503958503, -14.508979442547172 ], [ 35.559459551417206, -14.512239508346568 ], [ 35.558649507768621, -14.515969547256759 ], [ 35.55742951266194, -14.519999524458456 ], [ 35.555989493920038, -14.521859527495167 ], [ 35.554619530566924, -14.523529604507587 ], [ 35.553779562876571, -14.524549464486142 ], [ 35.552389533849976, -14.527009519473722 ], [ 35.552199607825685, -14.527869552837558 ], [ 35.550779478490199, -14.528999601350449 ], [ 35.549539593977158, -14.528409582236407 ], [ 35.54784945039188, -14.527589504851733 ], [ 35.546779601597393, -14.52665959146691 ], [ 35.543189498096922, -14.5268495174912 ], [ 35.543079485829651, -14.530179463311526 ], [ 35.542879526968647, -14.538119547079361 ], [ 35.539799529724576, -14.538369495655672 ], [ 35.539709583130787, -14.542109567402576 ], [ 35.540339559123424, -14.543269539057917 ], [ 35.541949613583824, -14.546839575985587 ], [ 35.541639466188485, -14.548739535900836 ], [ 35.54069951996695, -14.549019583886661 ], [ 35.538629525232466, -14.548759601574318 ], [ 35.536439484494679, -14.54890957072007 ], [ 35.534319500044944, -14.548949527598552 ], [ 35.532139493043246, -14.548629523633565 ], [ 35.529719570302007, -14.548149516786737 ], [ 35.527359494744928, -14.548119593644287 ], [ 35.526339459398571, -14.549029616723374 ], [ 35.525859452551742, -14.549599569264672 ], [ 35.524489489198629, -14.550909510065765 ], [ 35.523889613514882, -14.551479462607062 ], [ 35.522929600720545, -14.55249949795342 ], [ 35.522269525318393, -14.553529567035866 ], [ 35.521839509086135, -14.556049468308288 ], [ 35.521749562492346, -14.558119463042715 ], [ 35.521689539940382, -14.558879517875425 ], [ 35.521129620235854, -14.560649574318347 ], [ 35.520769484024527, -14.561679467133672 ], [ 35.519919483497404, -14.56333951130938 ], [ 35.519389486935324, -14.564189511836446 ], [ 35.517879588172491, -14.565999525157906 ], [ 35.517219512770339, -14.567039450809943 ], [ 35.516669450534778, -14.569049599259529 ], [ 35.517059510787817, -14.571239463730194 ], [ 35.516979597930174, -14.573539515835932 ], [ 35.515899539132477, -14.574909479189046 ], [ 35.515479555736988, -14.575529597712716 ], [ 35.515099528320604, -14.577489580179929 ], [ 35.515179617445426, -14.58059950056645 ], [ 35.51484958064367, -14.583979612369149 ], [ 35.511129574570248, -14.594529544902514 ], [ 35.507839585628403, -14.603339519503152 ], [ 35.504559453256206, -14.611529552746617 ], [ 35.502369588785541, -14.617369542370454 ], [ 35.502239509945468, -14.619209479733684 ], [ 35.501979528532445, -14.621909449561429 ], [ 35.502069475126234, -14.628869454861388 ], [ 35.502519557931294, -14.635949506164707 ], [ 35.50289958534762, -14.639629555359647 ], [ 35.50356951731942, -14.642689486030918 ], [ 35.503849564405925, -14.643839600217348 ], [ 35.504559453256206, -14.649659524167646 ], [ 35.506149617410983, -14.660889597776645 ], [ 35.50064952205787, -14.666409584334815 ], [ 35.490209601791719, -14.670089457262577 ], [ 35.489589483268105, -14.667149571695347 ], [ 35.489589483268105, -14.666399550598726 ], [ 35.489429481285583, -14.665709552953444 ], [ 35.488829605601893, -14.661499507196481 ], [ 35.48872944990427, -14.66068946354784 ], [ 35.487959538501968, -14.653959516518398 ], [ 35.487429542839209, -14.648149449137748 ], [ 35.48805951793247, -14.645399489594695 ], [ 35.489339535591171, -14.641499591233128 ], [ 35.49030958122222, -14.639549466234826 ], [ 35.490669542065746, -14.638639443155739 ], [ 35.490989546030789, -14.637259446066537 ], [ 35.491849580293945, -14.634109568801534 ], [ 35.492039505418916, -14.632669550059632 ], [ 35.493569470754551, -14.627969464619071 ], [ 35.492919605355553, -14.627459534629793 ], [ 35.491339474037545, -14.626509555571488 ], [ 35.488569447921748, -14.625259461055236 ], [ 35.486529552596835, -14.623529537757918 ], [ 35.484539470720051, -14.621089548443877 ], [ 35.482439552843118, -14.619169522855145 ], [ 35.481279581187778, -14.617369542370454 ], [ 35.48086945436188, -14.616729534440424 ], [ 35.479359555599046, -14.614869531403713 ], [ 35.477049469757276, -14.614389524556884 ], [ 35.475069596984383, -14.6123994426801 ], [ 35.473429619381477, -14.610599463094673 ], [ 35.470919574678703, -14.608389532051206 ], [ 35.470219543297333, -14.607399596114419 ], [ 35.460609556985503, -14.605739551938711 ], [ 35.454089601653834, -14.617459488964187 ], [ 35.455659523868007, -14.620069513097519 ], [ 35.456579579783806, -14.622269586672019 ], [ 35.45691947495385, -14.623069597483891 ], [ 35.457899553421726, -14.6254995530619 ], [ 35.4581296116923, -14.626249574158464 ], [ 35.459269516774839, -14.62964957536758 ], [ 35.460139583874764, -14.631729602938776 ], [ 35.460419455593467, -14.63270950603885 ], [ 35.460759526131255, -14.633349514868144 ], [ 35.461399534960606, -14.635079615331961 ], [ 35.461919497786653, -14.636069551268747 ], [ 35.462959599705812, -14.638379461742716 ], [ 35.463479562531859, -14.639309550495341 ], [ 35.464399619347034, -14.641449601517877 ], [ 35.464809569006434, -14.642659562888468 ], [ 35.46652946036636, -14.64698947748235 ], [ 35.466999609744221, -14.64756946375968 ], [ 35.468149548562849, -14.650339489875535 ], [ 35.4681995382781, -14.651089510972099 ], [ 35.468519542243143, -14.654089595358471 ], [ 35.468569531958394, -14.654889605271023 ], [ 35.469389608443748, -14.660879564939933 ], [ 35.471799498348219, -14.683279513338846 ], [ 35.434879487398462, -14.686609459159172 ], [ 35.414959484292808, -14.66131961490828 ] ] ] ] } },
{ "type": "Feature", "properties": { "SitRecID": 6677, "Country": "Malawi", "ISO3": "MWI", "NatName": "Liwonde Hills Forest Reserve", "IntName": "Liwonde Hills Forest Reserve", "SitLat": -15.117116405899999, "SitLong": 35.427099715799997, "IbaStatus": "confirmed", "AzeStatus": null, "AddedDate": "2005-05-12", "ChangeDate": null, "Source": "RSPB funded initiative to create polygon boundaries for IBAs in Africa.", "DelTxt": "Digitized from national and continental scale maps of protected areas, lakes and wetlands.", "DelGeom": "3. draft polygon", "Shape_Leng": 0.96026983076000005, "Shape_Area": 0.02824402726, "GISArea": 33593.0, "KBA_Qual": "Global/ Regional to be determined", "LegacyKBA": "confirmed", "Trigger Ecosystems": null }, "geometry": { "type": "MultiPolygon", "coordinates": [ [ [ [ 35.43650960843172, -15.032709588876401 ], [ 35.459449585330162, -15.021109520687787 ], [ 35.479329456189475, -15.00565954475212 ], [ 35.493859551577088, -14.994849455437986 ], [ 35.503799574690674, -14.993299598897352 ], [ 35.5083894715969, -14.993289566060582 ], [ 35.511469468840971, -15.006419599584831 ], [ 35.506119518001412, -15.014909570220425 ], [ 35.480139499838117, -15.033459609972965 ], [ 35.462539616310323, -15.045049468158368 ], [ 35.451839538364084, -15.05894958845272 ], [ 35.451859604936885, -15.071299500571456 ], [ 35.449579618504629, -15.089059563248213 ], [ 35.452649582012668, -15.098319445286108 ], [ 35.466429480935858, -15.102939616969707 ], [ 35.492429565671955, -15.097529467311006 ], [ 35.530679583096344, -15.090559605441399 ], [ 35.546749502187822, -15.092079537040945 ], [ 35.568179580323431, -15.099799597173615 ], [ 35.580429513011666, -15.111369565053337 ], [ 35.587329495759661, -15.123719477172074 ], [ 35.587349562332463, -15.134529567385584 ], [ 35.578939504554569, -15.148429512312077 ], [ 35.559839577934213, -15.166209464395195 ], [ 35.530769529690076, -15.176259499776052 ], [ 35.505529498887313, -15.178589475923502 ], [ 35.455019515038657, -15.171659570033057 ], [ 35.400689545686021, -15.15701946237823 ], [ 35.378509446453847, -15.163209556275945 ], [ 35.353259559081437, -15.167849441998101 ], [ 35.340249571560548, -15.164769444754029 ], [ 35.317299560926074, -15.168639596240325 ], [ 35.290519531950906, -15.167889575143704 ], [ 35.284399494341244, -15.161709514082759 ], [ 35.269849507748631, -15.153229576283877 ], [ 35.262949525000636, -15.140879487898019 ], [ 35.260639615425987, -15.123129458957294 ], [ 35.265209445759353, -15.109989568863455 ], [ 35.275149468872939, -15.103819540639222 ], [ 35.287389544991584, -15.099179478650001 ], [ 35.311099609559392, -15.092219473349985 ], [ 35.335579586428821, -15.085259468049969 ], [ 35.358529597063296, -15.081379459994025 ], [ 35.382989506460603, -15.067489548803565 ], [ 35.408989591196701, -15.052019506295153 ], [ 35.429639548826174, -15.045049468158368 ], [ 35.431929568994462, -15.041199559511995 ], [ 35.43650960843172, -15.032709588876401 ] ] ] ] } },
{ "type": "Feature", "properties": { "SitRecID": 6678, "Country": "Malawi", "ISO3": "MWI", "NatName": "Lake Chilwa and flood-plain", "IntName": "Lake Chilwa and flood-plain", "SitLat": -15.332362768, "SitLong": 35.680999440699999, "IbaStatus": "confirmed", "AzeStatus": null, "AddedDate": "2005-05-12", "ChangeDate": null, "Source": "RSPB funded initiative to create polygon boundaries for IBAs in Africa.", "DelTxt": "Digitized from national and continental scale maps of protected areas, lakes and wetlands.", "DelGeom": "3. draft polygon", "Shape_Leng": 1.5658649303700001, "Shape_Area": 0.14804003526000001, "GISArea": 175902.0, "KBA_Qual": "Global", "LegacyKBA": "confirmed", "Trigger Ecosystems": null }, "geometry": { "type": "MultiPolygon", "coordinates": [ [ [ [ 35.816969538413503, -15.099449492899737 ], [ 35.787039455906211, -15.167089564331889 ], [ 35.855329568105162, -15.427449490301683 ], [ 35.845419469033345, -15.520309525064476 ], [ 35.836429601245129, -15.530409550160584 ], [ 35.828449560598813, -15.545559588704009 ], [ 35.804459448045122, -15.560709450980312 ], [ 35.769469495520866, -15.583939508701292 ], [ 35.735479512669428, -15.596069572552665 ], [ 35.707469456650131, -15.603149447588862 ], [ 35.675469555675534, -15.603179546998433 ], [ 35.659449450931447, -15.595099526921558 ], [ 35.630409501197562, -15.559789570432258 ], [ 35.623389473345583, -15.544649565624923 ], [ 35.580349600153966, -15.515409481662175 ], [ 35.537289485021745, -15.468999530403948 ], [ 35.521259522808805, -15.447819576212453 ], [ 35.515249497466414, -15.43267957140506 ], [ 35.504229591822252, -15.42359958165531 ], [ 35.481209524899725, -15.409479612194275 ], [ 35.466179532359604, -15.386279477615744 ], [ 35.46215958889394, -15.368109464380211 ], [ 35.468129481990047, -15.337829454765483 ], [ 35.487079614832396, -15.286339567816754 ], [ 35.500049470107001, -15.249999542245007 ], [ 35.516029617972549, -15.227789519870385 ], [ 35.535019531426258, -15.210619476307727 ], [ 35.570999596154479, -15.188399596464137 ], [ 35.589989509608245, -15.169209548781623 ], [ 35.599959455864223, -15.145989522998036 ], [ 35.618939512748341, -15.11872948807536 ], [ 35.656919515922993, -15.086419615972432 ], [ 35.690889608468694, -15.055099503539225 ], [ 35.714879544755263, -15.038949496222244 ], [ 35.73187955259931, -15.032879447428513 ], [ 35.768879476406767, -15.027809544574779 ], [ 35.808909584010166, -15.038889473670224 ], [ 35.818929520880715, -15.057049453169668 ], [ 35.820949525899948, -15.075219465505882 ], [ 35.82096959157343, -15.092389508169219 ], [ 35.815979602476716, -15.106509477630254 ], [ 35.816969538413503, -15.099449492899737 ] ] ] ] } },
{ "type": "Feature", "properties": { "SitRecID": 6679, "Country": "Malawi", "ISO3": "MWI", "NatName": "Soche Mountain Forest Reserve", "IntName": "Soche Mountain Forest Reserve", "SitLat": -15.841684736, "SitLong": 35.022852561599997, "IbaStatus": "confirmed", "AzeStatus": null, "AddedDate": "2007-03-25", "ChangeDate": null, "Source": "IBA directory description", "DelTxt": null, "DelGeom": "3. draft polygon", "Shape_Leng": 0.07849702223, "Shape_Area": 0.000386714, "GISArea": 458.0, "KBA_Qual": "Global/ Regional to be determined", "LegacyKBA": "confirmed", "Trigger Ecosystems": null }, "geometry": { "type": "MultiPolygon", "coordinates": [ [ [ [ 35.010569464309356, -15.844319501243945 ], [ 35.012519589307658, -15.841489452576127 ], [ 35.013299533546672, -15.839529470108914 ], [ 35.014069444948973, -15.837499608520091 ], [ 35.014259546341066, -15.835369590334267 ], [ 35.014739553187894, -15.833429499072054 ], [ 35.014539594326891, -15.831939489715637 ], [ 35.015699565982231, -15.830079486678926 ], [ 35.017439523015639, -15.828879559044367 ], [ 35.019369582340403, -15.829059451332569 ], [ 35.020909580512807, -15.829899594390724 ], [ 35.022349600153973, -15.830649615487346 ], [ 35.02396951208334, -15.832039469146139 ], [ 35.026249498515597, -15.833609566728057 ], [ 35.028549551520655, -15.835449504091287 ], [ 35.0305795893766, -15.836189491451819 ], [ 35.032489582128562, -15.837849535627527 ], [ 35.034029580300967, -15.839789451521938 ], [ 35.034409607717294, -15.84116944861114 ], [ 35.035299564223578, -15.841369582839945 ], [ 35.036209588201984, -15.842309529960801 ], [ 35.036519559330259, -15.843719449293133 ], [ 35.036339490774935, -15.844649538945021 ], [ 35.036359556448417, -15.845689464597058 ], [ 35.035879550500908, -15.846609521412233 ], [ 35.03539954365408, -15.847539611064178 ], [ 35.034909503970482, -15.848469524448944 ], [ 35.034139593467501, -15.849299458403209 ], [ 35.033149480364273, -15.849189446135995 ], [ 35.032159544427486, -15.848789528413931 ], [ 35.031199531633149, -15.848979454438222 ], [ 35.030529599661349, -15.849629496104342 ], [ 35.02995947085293, -15.850479496631408 ], [ 35.028999458058593, -15.850849490311703 ], [ 35.027939465833754, -15.850849490311703 ], [ 35.02697945303936, -15.850849490311703 ], [ 35.025819481384019, -15.850849490311703 ], [ 35.024759489159123, -15.850859523148415 ], [ 35.023799476364786, -15.850859523148415 ], [ 35.022839463570449, -15.850769577454003 ], [ 35.021869593307144, -15.850389550037676 ], [ 35.020909580512807, -15.850389550037676 ], [ 35.019849588287912, -15.850489529468177 ], [ 35.019079501517808, -15.851059482009418 ], [ 35.018109454987382, -15.851169494276689 ], [ 35.017249597890668, -15.850789467759682 ], [ 35.016089449968206, -15.850329527485655 ], [ 35.015019601173719, -15.849869587211629 ], [ 35.014249513504296, -15.849129598951777 ], [ 35.013479602101995, -15.848579536716215 ], [ 35.012509556470889, -15.848019617011687 ], [ 35.011539509940462, -15.847769493067631 ], [ 35.010749532864679, -15.847229463668782 ], [ 35.009969587726346, -15.84648947540893 ], [ 35.009779486334253, -15.845649508617896 ], [ 35.010169546587349, -15.845269481201569 ], [ 35.010569464309356, -15.844319501243945 ] ] ] ] } },
{ "type": "Feature", "properties": { "SitRecID": 6681, "Country": "Malawi", "ISO3": "MWI", "NatName": "Thyolo tea estates", "IntName": "Thyolo tea estates", "SitLat": -16.024297062199999, "SitLong": 35.106759497399999, "IbaStatus": "confirmed", "AzeStatus": null, "AddedDate": "2008-12-08", "ChangeDate": null, "Source": "IBA directory description", "DelTxt": "Digitised from Google Earth imagery based on interpretation of IBA directory, moderately confident - complex site of several polygons", "DelGeom": "3. draft polygon", "Shape_Leng": 0.52680167529, "Shape_Area": 0.00027833301, "GISArea": 330.0, "KBA_Qual": "Global/ Regional to be determined", "LegacyKBA": "confirmed", "Trigger Ecosystems": null }, "geometry": { "type": "MultiPolygon", "coordinates": [ [ [ [ 35.102240483811329, -16.027476544307035 ], [ 35.102740557230959, -16.026322557639901 ], [ 35.103070594032715, -16.026599613581254 ], [ 35.103303468979959, -16.02637149155106 ], [ 35.103818502621834, -16.026042509654076 ], [ 35.104477522219952, -16.025670579733401 ], [ 35.105010509927126, -16.02549649616634 ], [ 35.105527480708702, -16.025261509610914 ], [ 35.105935495027154, -16.025089537651979 ], [ 35.106591521681423, -16.024962451755698 ], [ 35.107205478949766, -16.024981461625089 ], [ 35.107852528571414, -16.025053454153522 ], [ 35.108667501404113, -16.025179484245768 ], [ 35.1096394832756, -16.025347582824622 ], [ 35.110443541935979, -16.02544650645109 ], [ 35.110767595548168, -16.025437529418411 ], [ 35.110951535684876, -16.025400565483665 ], [ 35.111051515115378, -16.025303578097578 ], [ 35.111080558720857, -16.025048524969407 ], [ 35.111027576961135, -16.024777454915579 ], [ 35.110921612542427, -16.024647551443309 ], [ 35.110598615633648, -16.024564470274015 ], [ 35.109455542239516, -16.024289526840164 ], [ 35.109031510096145, -16.024153463911205 ], [ 35.108877493101886, -16.024139558593731 ], [ 35.108683518329769, -16.024158568463122 ], [ 35.108475462872377, -16.024164553451328 ], [ 35.108460501750812, -16.024002614329163 ], [ 35.108534605887428, -16.023795615575125 ], [ 35.108469478783491, -16.023643533921927 ], [ 35.108194535349583, -16.023254529472922 ], [ 35.108142609393951, -16.023201547713199 ], [ 35.107972574574717, -16.023151557997949 ], [ 35.107481478187708, -16.023236575407566 ], [ 35.106839534017354, -16.023458537081751 ], [ 35.106338581060697, -16.023605513283769 ], [ 35.105929510038891, -16.023697572385004 ], [ 35.10569346767943, -16.023821489969748 ], [ 35.105480483937242, -16.023785581839093 ], [ 35.105440527058704, -16.023638605637075 ], [ 35.105542618996708, -16.023556580271929 ], [ 35.105834459792561, -16.023453608796956 ], [ 35.106155520460959, -16.023266499449335 ], [ 35.107358616407055, -16.022820464492781 ], [ 35.108208616934178, -16.022453462856959 ], [ 35.108435506893159, -16.022400481097293 ], [ 35.108599557623563, -16.022262481028633 ], [ 35.108646554395023, -16.021900583944728 ], [ 35.108926602380848, -16.021542559341583 ], [ 35.109321590918739, -16.021290499157146 ], [ 35.109716580355951, -16.021219563332124 ], [ 35.109829584667636, -16.021108494361499 ], [ 35.109841553744786, -16.020919448773498 ], [ 35.109663597696908, -16.020779513363777 ], [ 35.109696513783149, -16.020560544633383 ], [ 35.111487516335842, -16.01940655706693 ], [ 35.111622524360087, -16.019413597859227 ], [ 35.111812449485001, -16.019467460055182 ], [ 35.112019449138302, -16.019590498102957 ], [ 35.112149527978374, -16.019779543690959 ], [ 35.11227450226653, -16.0202695833745 ], [ 35.112222576310899, -16.020747477713883 ], [ 35.112409509391398, -16.021200552563414 ], [ 35.112514593373817, -16.021677567365771 ], [ 35.11267758740081, -16.021832464796375 ], [ 35.11317854035741, -16.022180455663431 ], [ 35.113532517112048, -16.02281148746016 ], [ 35.113765567427038, -16.023456600841428 ], [ 35.114007594774705, -16.023970578679211 ], [ 35.114039454157535, -16.024008599317369 ], [ 35.114417545333481, -16.024088512175069 ], [ 35.114515588523659, -16.02426259574213 ], [ 35.115059489503892, -16.024741546784924 ], [ 35.11559846309865, -16.025093586399862 ], [ 35.11606949201348, -16.025273478688064 ], [ 35.116421532527738, -16.025432601133616 ], [ 35.117080551226536, -16.025373458118565 ], [ 35.117791495880908, -16.025293545260865 ], [ 35.118363560929652, -16.025156601895617 ], [ 35.119024515868773, -16.024817587161863 ], [ 35.119602565006403, -16.024410453279756 ], [ 35.120729445207758, -16.023803535904392 ], [ 35.121054553724719, -16.023689474889295 ], [ 35.12158947857165, -16.024465547546924 ], [ 35.121534560571547, -16.024676595048788 ], [ 35.120319494649038, -16.025203598667076 ], [ 35.119422496451079, -16.025629567050828 ], [ 35.119237499610961, -16.02533754998791 ], [ 35.118521450404671, -16.025491567881488 ], [ 35.118452450819973, -16.02562252625853 ], [ 35.118400524864398, -16.026187550514976 ], [ 35.118228552905464, -16.026702585056228 ], [ 35.118384507039423, -16.026865579083164 ], [ 35.118822620767389, -16.027299468695503 ], [ 35.119032612465162, -16.027465455666174 ], [ 35.119178532863032, -16.027420570502898 ], [ 35.119320580780254, -16.02724261445502 ], [ 35.11951349884896, -16.027145450801868 ], [ 35.119673500831425, -16.02722747616707 ], [ 35.119679485819688, -16.027537447295288 ], [ 35.119662587558423, -16.027621585167992 ], [ 35.119359481854644, -16.02794546161374 ], [ 35.119262494468614, -16.028310527009182 ], [ 35.119569473552417, -16.028846507660148 ], [ 35.119425489394871, -16.029051571073126 ], [ 35.119125551103366, -16.029309616245769 ], [ 35.119199478972803, -16.02966359300035 ], [ 35.119273584008738, -16.029945576327236 ], [ 35.119186454091619, -16.029962474588501 ], [ 35.118792521357818, -16.030099594220871 ], [ 35.11812646186678, -16.030412557393561 ], [ 35.117511447895083, -16.030857535646703 ], [ 35.117232456612612, -16.031106604685988 ], [ 35.116780612934974, -16.031428544891412 ], [ 35.116749457721369, -16.0315345084108 ], [ 35.11725058604577, -16.032291570299662 ], [ 35.117247594001299, -16.032771577146548 ], [ 35.117245481493853, -16.033160581595496 ], [ 35.117249530241679, -16.033538496504377 ], [ 35.11719056349375, -16.033768553875632 ], [ 35.117261499318772, -16.03396358445184 ], [ 35.117399499387432, -16.034112496894181 ], [ 35.11737661703728, -16.034251552766875 ], [ 35.117232456612612, -16.03424856072246 ], [ 35.117039538543906, -16.034128514719157 ], [ 35.116791526208033, -16.034090494980319 ], [ 35.116565516685284, -16.034416483933569 ], [ 35.116209604589642, -16.03496460992875 ], [ 35.115990459592069, -16.035581560140827 ], [ 35.115893472206039, -16.036097474218991 ], [ 35.115886607680864, -16.036112611607678 ], [ 35.115770610425386, -16.036531539199132 ], [ 35.115610608442864, -16.036558470297109 ], [ 35.115607616398449, -16.036212591038179 ], [ 35.115612544683245, -16.035927614767559 ], [ 35.115641588288725, -16.035641582692847 ], [ 35.115783459938768, -16.034930461771353 ], [ 35.116124586280705, -16.034366494218261 ], [ 35.116623602996924, -16.033798477917401 ], [ 35.116849612519673, -16.033370573293269 ], [ 35.116840460119192, -16.033259504322643 ], [ 35.116722526623334, -16.033173606476737 ], [ 35.116512534925619, -16.033419506305108 ], [ 35.116323489337617, -16.033508572462608 ], [ 35.116390552681935, -16.033222540387897 ], [ 35.116572557477582, -16.032831599698511 ], [ 35.116490532112437, -16.032280481658859 ], [ 35.116281596218755, -16.031898518002151 ], [ 35.115962472690001, -16.032167476447853 ], [ 35.115211571157147, -16.032602598131348 ], [ 35.114696536615952, -16.033150547859464 ], [ 35.114463486300906, -16.033849523436686 ], [ 35.114471582897295, -16.034230606657104 ], [ 35.114849497806119, -16.034155445817134 ], [ 35.115408537074359, -16.033882614890729 ], [ 35.115613600487336, -16.034001604190621 ], [ 35.115119512955232, -16.03435751718564 ], [ 35.11498661743849, -16.034340442657253 ], [ 35.114700585363778, -16.034693538975603 ], [ 35.114237476778158, -16.035233568374451 ], [ 35.113681605821512, -16.035831507817761 ], [ 35.113063599805344, -16.036711607754455 ], [ 35.112616509044699, -16.037242483853504 ], [ 35.11243151220458, -16.03740547877976 ], [ 35.112352478883849, -16.03722857853603 ], [ 35.112327484026196, -16.036936561473112 ], [ 35.112306537916425, -16.036700519113595 ], [ 35.112267461474232, -16.036586458098498 ], [ 35.112125588924869, -16.036544564979636 ], [ 35.111958546150049, -16.036413606602594 ], [ 35.111877576588938, -16.036259588709015 ], [ 35.111736585375183, -16.036109443296141 ], [ 35.111512511193496, -16.036029530438441 ], [ 35.111367471231858, -16.036192525364697 ], [ 35.111442455804763, -16.036473452887492 ], [ 35.111698564737026, -16.036886571757861 ], [ 35.11180259291541, -16.037336479195119 ], [ 35.111700500977406, -16.037663523952403 ], [ 35.111504590864229, -16.037636592854426 ], [ 35.111165576130475, -16.037433465681829 ], [ 35.110966497705761, -16.03710149174043 ], [ 35.110780620429352, -16.036754556677408 ], [ 35.110673600206553, -16.036535587946958 ], [ 35.110554610906604, -16.036622541596955 ], [ 35.110379471535452, -16.036925471932932 ], [ 35.110343563404797, -16.03727944868757 ], [ 35.11046448894507, -16.03763060786622 ], [ 35.110516590268503, -16.03796645428838 ], [ 35.110506557431734, -16.037999545742423 ], [ 35.110412562989438, -16.038320606410821 ], [ 35.11010945638634, -16.038593613604348 ], [ 35.109871477786498, -16.03877156965217 ], [ 35.109839617504406, -16.038793572465352 ], [ 35.109556577474109, -16.03880254949803 ], [ 35.10931155808197, -16.038737597761894 ], [ 35.109257519618893, -16.038710490396795 ], [ 35.109228476912733, -16.038459486016393 ], [ 35.109141522363416, -16.038245445570794 ], [ 35.109256463814802, -16.038036510576433 ], [ 35.109273537443869, -16.037788498240559 ], [ 35.109448501447218, -16.037578506542786 ], [ 35.109467511316666, -16.037342463284006 ], [ 35.109643532023426, -16.03709145890366 ], [ 35.109667470177669, -16.036933569428641 ], [ 35.109663597696908, -16.036866505185003 ], [ 35.109796493213651, -16.036655457683196 ], [ 35.109838561700315, -16.036596490935267 ], [ 35.109895592207863, -16.036409557854768 ], [ 35.109827472160191, -16.03622561681874 ], [ 35.109632618750425, -16.03621452727856 ], [ 35.109265617114602, -16.036318555456944 ], [ 35.108893510926862, -16.036415541943654 ], [ 35.108590580590885, -16.036358512335426 ], [ 35.108345560299426, -16.036246562928511 ], [ 35.108450468014723, -16.036079520153692 ], [ 35.108765543694915, -16.036013512613465 ], [ 35.109208586607053, -16.036002599340463 ], [ 35.109513453183354, -16.035909485334457 ], [ 35.109531582616512, -16.035669569594916 ], [ 35.109292548212579, -16.035414516466687 ], [ 35.109223547728618, -16.035398498641769 ], [ 35.108949484730999, -16.03506353265584 ], [ 35.108942620205823, -16.03479756715393 ], [ 35.109167573924424, -16.034731559613761 ], [ 35.1094324836223, -16.034839459373529 ], [ 35.109652509056104, -16.034893497836606 ], [ 35.109863556557968, -16.034755497767947 ], [ 35.109965472228794, -16.034536529037553 ], [ 35.110015461944045, -16.034448519583464 ], [ 35.110150469068969, -16.034300486678092 ], [ 35.110375599054692, -16.034384448283618 ], [ 35.110697539260059, -16.03445256743197 ], [ 35.110928477067603, -16.034672592865832 ], [ 35.110972482693967, -16.03472047007358 ], [ 35.111148502501464, -16.034726455061787 ], [ 35.11142855048729, -16.03448161103745 ], [ 35.111502478356726, -16.034382512043237 ], [ 35.111409539718522, -16.03422955085307 ], [ 35.111021591972928, -16.033780523852045 ], [ 35.110702467544911, -16.033289603732158 ], [ 35.110694547215644, -16.032992482117322 ], [ 35.110578549960167, -16.032661564879277 ], [ 35.11067958519476, -16.032481496323953 ], [ 35.111420452991581, -16.031905558794449 ], [ 35.112012584613126, -16.03134845576659 ], [ 35.112921550988858, -16.030498455239467 ], [ 35.11312045404577, -16.03020749398064 ], [ 35.113072576838022, -16.029856510169736 ], [ 35.112828613249974, -16.029656552208053 ], [ 35.112693605225729, -16.029602513744976 ], [ 35.112566519329448, -16.029766564475324 ], [ 35.112275558070621, -16.030042563713323 ], [ 35.111862615467373, -16.030298496378464 ], [ 35.111546483083771, -16.03065757768502 ], [ 35.111313609035903, -16.031031443846018 ], [ 35.11083853137319, -16.031441570671916 ], [ 35.110359581229716, -16.031853456571696 ], [ 35.110113505134223, -16.032130512513106 ], [ 35.10996353598847, -16.032164484403381 ], [ 35.109739462706102, -16.032019443542424 ], [ 35.109645468263807, -16.031951499761874 ], [ 35.109503595714443, -16.031763510877283 ], [ 35.109400447972348, -16.03168958210847 ], [ 35.10921650693632, -16.031537501354535 ], [ 35.109054568713418, -16.031594531862083 ], [ 35.108985569128777, -16.031635544544713 ], [ 35.10885953903653, -16.031821597188923 ], [ 35.108620503733334, -16.032282593267041 ], [ 35.108304547616854, -16.032904471763914 ], [ 35.108024499631028, -16.033220604147516 ], [ 35.107683549556214, -16.033359483753145 ], [ 35.107607509179275, -16.033365468741351 ], [ 35.107306514184359, -16.033286611687743 ], [ 35.107135598928778, -16.032938443654189 ], [ 35.107196501917088, -16.032577603273751 ], [ 35.107162530026812, -16.032370603620393 ], [ 35.107146512201837, -16.032358458276178 ], [ 35.106897620328994, -16.032113614251841 ], [ 35.106702589752786, -16.032254606364972 ], [ 35.106662457506445, -16.032319558101108 ], [ 35.106443488776051, -16.03228347370333 ], [ 35.106134573451868, -16.032344552958705 ], [ 35.105956617404047, -16.032197575857367 ], [ 35.106008543359621, -16.031883555981267 ], [ 35.105812456979379, -16.031735523975215 ], [ 35.105474498949036, -16.031271534953305 ], [ 35.105090599051948, -16.030778503225292 ], [ 35.105062612149879, -16.030460610868431 ], [ 35.105418524245522, -16.030246570422833 ], [ 35.10573359992577, -16.02989945909269 ], [ 35.105768452252335, -16.029574526842907 ], [ 35.105534521500999, -16.029277580595817 ], [ 35.105037617292282, -16.029168448764835 ], [ 35.104512549914318, -16.029036609951561 ], [ 35.104420491712347, -16.029018479619083 ], [ 35.104064578717384, -16.029023584171 ], [ 35.103821495565626, -16.028719598030989 ], [ 35.103292555706958, -16.028220581314713 ], [ 35.102797586839188, -16.027889487809546 ], [ 35.102240483811329, -16.027476544307035 ] ] ], [ [ [ 35.091914449192529, -16.002109603875056 ], [ 35.091981512536847, -16.001927599079409 ], [ 35.092194497178355, -16.001902604221755 ], [ 35.092408536724633, -16.001784495358152 ], [ 35.092484578000949, -16.001582600256768 ], [ 35.092827464316088, -16.001428582363133 ], [ 35.092940469527093, -16.001154519365514 ], [ 35.093071604171257, -16.001208557828647 ], [ 35.093490531762654, -16.001122483715619 ], [ 35.093808599487318, -16.000808464738839 ], [ 35.094310609147328, -16.000455544687611 ], [ 35.095018560857966, -16.000112481205974 ], [ 35.095148463430917, -16.000007573490677 ], [ 35.09512857312518, -15.999601495412662 ], [ 35.094932487644257, -15.999199466082473 ], [ 35.094658600014441, -15.998952509550634 ], [ 35.0943935140495, -15.998952509550634 ], [ 35.093775508033332, -15.99893860423316 ], [ 35.093581534160535, -15.998722452179379 ], [ 35.09353752943349, -15.998674574072311 ], [ 35.093442478287784, -15.998459477822621 ], [ 35.093601600733336, -15.998231532059492 ], [ 35.093943607511505, -15.998058504296466 ], [ 35.094048515226859, -15.997843584313898 ], [ 35.094155535449659, -15.997639576705069 ], [ 35.094298463803113, -15.997675484835725 ], [ 35.09449050143553, -15.997964509854228 ], [ 35.095049540703769, -15.998307572436488 ], [ 35.095511592585979, -15.998578467122513 ], [ 35.095677579556707, -15.998758535677837 ], [ 35.096048453673234, -15.999046504892249 ], [ 35.096319524626438, -15.999384462922592 ], [ 35.096647449820011, -15.999732454688967 ], [ 35.096838607915458, -15.999850563552627 ], [ 35.097784539125257, -15.999903545312293 ], [ 35.097907577172975, -15.999989443158256 ], [ 35.098028502713305, -16.000071468523402 ], [ 35.098118448407718, -15.999989443158256 ], [ 35.098353611230209, -15.999799518033285 ], [ 35.098757576800779, -15.999704466887579 ], [ 35.099058570896375, -15.999464552047414 ], [ 35.099336506374698, -15.999184504061589 ], [ 35.099457608182149, -15.998937548429069 ], [ 35.099495452553128, -15.998780538491019 ], [ 35.099805599948525, -15.998657500443244 ], [ 35.100162568747578, -15.998291554611512 ], [ 35.100435575041786, -15.997855553391048 ], [ 35.10067760328883, -15.997368506651242 ], [ 35.100578503395241, -15.997028611481198 ], [ 35.100255507385782, -15.996730610329337 ], [ 35.100405475632272, -15.996570607447552 ], [ 35.100702597247107, -15.996670586878054 ], [ 35.100947617538566, -15.996765461756581 ], [ 35.101457547527843, -15.996742579406487 ], [ 35.101816451667958, -15.996686604702973 ], [ 35.10204351789406, -15.996870545739057 ], [ 35.10221249690926, -15.997268527220683 ], [ 35.102480574918673, -15.997306546959521 ], [ 35.102841592465552, -15.997314468188108 ], [ 35.1030584486885, -15.997376603247574 ], [ 35.103279529926397, -15.997480455158836 ], [ 35.10367944764846, -15.997354600434392 ], [ 35.104128474649428, -15.997253565199856 ], [ 35.104468545187274, -15.997306546959521 ], [ 35.104664455300451, -15.99755244678795 ], [ 35.104751585217514, -15.997971550646525 ], [ 35.104874446998167, -15.998142465902049 ], [ 35.105181601449772, -15.998282577578834 ], [ 35.105253593978205, -15.998281521774743 ], [ 35.105430494221991, -15.998350521359441 ], [ 35.105573597943248, -15.998579523825924 ], [ 35.105339491824168, -15.998796556315995 ], [ 35.105328578551109, -15.999024502079067 ], [ 35.105651574560568, -15.999097550411591 ], [ 35.105959609448462, -15.999080476782524 ], [ 35.106003615074826, -15.999040519904042 ], [ 35.106161504549846, -15.998785466775814 ], [ 35.106408461081685, -15.998600469935695 ], [ 35.106515481304484, -15.998885446206316 ], [ 35.106421485962869, -15.99928448349209 ], [ 35.106506504271806, -15.999486554860596 ], [ 35.106828620744295, -15.999510493014782 ], [ 35.107233466751154, -15.999247519557343 ], [ 35.107530588365989, -15.998914489811796 ], [ 35.107779480238889, -15.999164613755852 ], [ 35.107775607758128, -15.999668558756923 ], [ 35.107595539202805, -15.99980444631808 ], [ 35.107544493683463, -15.999810607573409 ], [ 35.107186469080318, -15.99983348992356 ], [ 35.107167459210928, -15.999889463727698 ], [ 35.107089481694288, -16.000166519669108 ], [ 35.107429552232077, -16.000687538299189 ], [ 35.107853584375448, -16.001072494000368 ], [ 35.108309476800969, -16.001519584760956 ], [ 35.108708513187366, -16.001691556719948 ], [ 35.108746533825524, -16.001697540808834 ], [ 35.109038550888442, -16.001692612523982 ], [ 35.109489514129848, -16.00178150241436 ], [ 35.109679615521884, -16.001663568918502 ], [ 35.110062458715561, -16.002312554780531 ], [ 35.110273507116688, -16.002805586508543 ], [ 35.110553555102513, -16.00306961666945 ], [ 35.110971602257678, -16.003141609197883 ], [ 35.111513567896907, -16.003087570734749 ], [ 35.111877576588938, -16.002950451102379 ], [ 35.112044620263077, -16.002787457075442 ], [ 35.112300552928218, -16.002781472087236 ], [ 35.112562470581622, -16.002908558882837 ], [ 35.112855544347951, -16.00293161750011 ], [ 35.113086482155495, -16.002805586508543 ], [ 35.11297259740752, -16.002678500612262 ], [ 35.11317854035741, -16.002334557593713 ], [ 35.11291257395618, -16.002097458530841 ], [ 35.112844454807771, -16.002022473957936 ], [ 35.112898492371585, -16.00189045887754 ], [ 35.113104612487916, -16.001820578856609 ], [ 35.113317596230161, -16.002009448177432 ], [ 35.113629503598759, -16.002279463326545 ], [ 35.11389846204446, -16.002186524688341 ], [ 35.114013578863648, -16.001960515165592 ], [ 35.113850584836655, -16.001452521416695 ], [ 35.113695511138985, -16.001114563386352 ], [ 35.113522483375959, -16.00070056407975 ], [ 35.113487455681593, -16.000323529607158 ], [ 35.113485519441213, -15.999882599202522 ], [ 35.113510514298866, -15.999489546905011 ], [ 35.113350512316345, -15.999182567821208 ], [ 35.113177484553319, -15.998982608960205 ], [ 35.113301578405185, -15.998794443808492 ], [ 35.113593595468103, -15.998800605063821 ], [ 35.113841607804034, -15.998979616915733 ], [ 35.113910607388675, -15.99937161340921 ], [ 35.113844599848449, -15.999914458585351 ], [ 35.113837559056151, -15.999965505004013 ], [ 35.113918528617262, -16.000419460289834 ], [ 35.114078530599784, -16.000788574433102 ], [ 35.114098597172585, -16.000883448412367 ], [ 35.114398534564771, -16.001182507166902 ], [ 35.114226563505156, -16.001454457657076 ], [ 35.11419347205117, -16.001537538826312 ], [ 35.114260535395431, -16.001935520307995 ], [ 35.114403463748886, -16.001992550815544 ], [ 35.1147535671235, -16.00196755595789 ], [ 35.114904592073344, -16.001865464019886 ], [ 35.115099446382374, -16.001610587158837 ], [ 35.115365588151406, -16.001536483022221 ], [ 35.11559846309865, -16.00154651585899 ], [ 35.115910546734369, -16.001671490147089 ], [ 35.11602055900164, -16.001479452514673 ], [ 35.116000492428839, -16.001101537605848 ], [ 35.115955607265505, -16.00059160761657 ], [ 35.11578451574286, -16.000249600838345 ], [ 35.115752480092908, -16.000145573559337 ], [ 35.115526470570217, -15.999847571508155 ], [ 35.115512565252743, -15.999835602431062 ], [ 35.115141514869094, -15.999619449477962 ], [ 35.115060546207303, -15.999590582139604 ], [ 35.114854602358037, -15.999406465735774 ], [ 35.114841577476852, -15.999366508857236 ], [ 35.114815525915844, -15.999128530257394 ], [ 35.115078500272602, -15.999120609028864 ], [ 35.115355555314693, -15.999234493776839 ], [ 35.115626450000718, -15.999449590026529 ], [ 35.115822536381017, -15.99955044989332 ], [ 35.11592357161561, -15.999590582139604 ], [ 35.116185489268958, -15.999648493083441 ], [ 35.116338450459182, -15.999806558825583 ], [ 35.116333522174386, -16.000389537147385 ], [ 35.116318561052822, -16.000519615987457 ], [ 35.116403578462439, -16.001098545561376 ], [ 35.116434557408923, -16.001239536775131 ], [ 35.116368549868753, -16.001821459292842 ], [ 35.116150461574591, -16.002164521875159 ], [ 35.115753536796319, -16.002336493834093 ], [ 35.115455534745195, -16.002689589253123 ], [ 35.115408537074359, -16.002350575418689 ], [ 35.115346578282015, -16.002299529000027 ], [ 35.114871500619302, -16.002292488207729 ], [ 35.114295563089797, -16.002223488623031 ], [ 35.114109510445587, -16.00231061854015 ], [ 35.113776480700096, -16.002688533449032 ], [ 35.113371458426116, -16.003261478934064 ], [ 35.113195614885797, -16.003409510940116 ], [ 35.112886523294492, -16.003345615907392 ], [ 35.112593450427426, -16.003333470563177 ], [ 35.112186491913121, -16.003268519726362 ], [ 35.111709478010027, -16.003441546590068 ], [ 35.111560564668366, -16.003491536305319 ], [ 35.111205533009013, -16.003617567296828 ], [ 35.111082494961238, -16.003642562154482 ], [ 35.110931470011394, -16.003812596973717 ], [ 35.110918620498012, -16.00383759183137 ], [ 35.110694547215644, -16.004073458823029 ], [ 35.11051254241994, -16.004293483357515 ], [ 35.110505501627642, -16.004498546770492 ], [ 35.110526447737413, -16.004770497260608 ], [ 35.110475577585873, -16.005125529819281 ], [ 35.1104525189686, -16.005330593232259 ], [ 35.110285476193837, -16.005274443160999 ], [ 35.110181448914773, -16.004986473946587 ], [ 35.109976561768974, -16.004782467237021 ], [ 35.109631562047014, -16.004781586800732 ], [ 35.10909646183228, -16.005064450563907 ], [ 35.109033446336525, -16.00510458370951 ], [ 35.108673485493, -16.005296445074862 ], [ 35.108596564679772, -16.005307534614985 ], [ 35.108446595534019, -16.005401529057281 ], [ 35.10835858607993, -16.005639508556442 ], [ 35.1082795527592, -16.00580355838747 ], [ 35.108136449037943, -16.005818520408354 ], [ 35.108192599109202, -16.005348547297558 ], [ 35.108519468498741, -16.005011468804184 ], [ 35.109121456689934, -16.004752543195252 ], [ 35.109873589394681, -16.004448557055241 ], [ 35.11030747900702, -16.004172557817242 ], [ 35.11035553248189, -16.003937571261872 ], [ 35.110281603713076, -16.003621615145391 ], [ 35.110267522128481, -16.003573561670464 ], [ 35.11011860968614, -16.003394549818552 ], [ 35.110036584320937, -16.003201455482724 ], [ 35.109821488071248, -16.003159563263182 ], [ 35.109525598527625, -16.002995512532834 ], [ 35.109335497135532, -16.002752604748878 ], [ 35.10918746423016, -16.002431544080423 ], [ 35.10895054143441, -16.00221451159041 ], [ 35.108814477606131, -16.002260452557778 ], [ 35.10852756509513, -16.002413590015124 ], [ 35.108287473987787, -16.002236514403592 ], [ 35.108026612138474, -16.002057501652359 ], [ 35.107893541253986, -16.001755451752672 ], [ 35.10764060063326, -16.001580487749266 ], [ 35.107304578843298, -16.00154651585899 ], [ 35.106974541142222, -16.001708454081836 ], [ 35.106718607577704, -16.001741546435198 ], [ 35.106545580714055, -16.001896443865746 ], [ 35.106412508930191, -16.002134598732709 ], [ 35.106208502220625, -16.002222609086118 ], [ 35.106136509692249, -16.00231061854015 ], [ 35.106020512436771, -16.002610556831712 ], [ 35.106002558371415, -16.002802594464129 ], [ 35.105826538563974, -16.003051486336972 ], [ 35.105752610694481, -16.003207616738052 ], [ 35.105744513198772, -16.00356053678928 ], [ 35.105729552077207, -16.003592572439231 ], [ 35.105491572578046, -16.004017484119572 ], [ 35.10500452583824, -16.004507523803113 ], [ 35.104513605718353, -16.005019566299893 ], [ 35.104137450782787, -16.005344498549732 ], [ 35.103825543414132, -16.005666615022221 ], [ 35.103601470131821, -16.005819576212446 ], [ 35.103511524437351, -16.005814471660472 ], [ 35.103523493514444, -16.005695482360579 ], [ 35.103675575167699, -16.005494467695485 ], [ 35.10385353121552, -16.005292572594101 ], [ 35.104138507486198, -16.004940532979163 ], [ 35.104328608878234, -16.004691464839198 ], [ 35.104578557454488, -16.004353506808854 ], [ 35.10487655860635, -16.004064481790351 ], [ 35.105099576084626, -16.003725467056597 ], [ 35.105240568197701, -16.003272567574868 ], [ 35.105311504022723, -16.002967525630766 ], [ 35.105255530218585, -16.002740459404606 ], [ 35.105008573686803, -16.002652449051254 ], [ 35.104679592689081, -16.002710536262214 ], [ 35.104252568501295, -16.002964532686974 ], [ 35.103748447233102, -16.003176460625127 ], [ 35.103378453552864, -16.003313580257498 ], [ 35.103003530688454, -16.003438554545596 ], [ 35.102719610221868, -16.00359151573582 ], [ 35.102643569844929, -16.003604541516324 ], [ 35.102375491835517, -16.003634464658774 ], [ 35.102298571022288, -16.003670549056551 ], [ 35.102062527763508, -16.003761551454375 ], [ 35.10183845448114, -16.004036493988963 ], [ 35.101778607296922, -16.004101445725098 ], [ 35.101522498364659, -16.004353506808854 ], [ 35.101216575984267, -16.004491505978194 ], [ 35.101152504684421, -16.004748495346746 ], [ 35.10104249241715, -16.005123593578958 ], [ 35.10091452608458, -16.005200514392186 ], [ 35.100836548567941, -16.005217588021196 ], [ 35.100673554540947, -16.005321616199581 ], [ 35.100546467745346, -16.005457503760738 ], [ 35.100288598839825, -16.005760610363836 ], [ 35.100036537756068, -16.005961448761809 ], [ 35.099861574651982, -16.006129547340663 ], [ 35.099838516034765, -16.006139581076752 ], [ 35.099671472360626, -16.006190450328972 ], [ 35.099454616137677, -16.006151550153845 ], [ 35.099408498903131, -16.006125499492157 ], [ 35.099236527843516, -16.006093463842262 ], [ 35.098871462448074, -16.006090470898471 ], [ 35.098655485762094, -16.006082550569204 ], [ 35.098433524087909, -16.006220549738543 ], [ 35.09827757085327, -16.006264555364908 ], [ 35.098227581138019, -16.006258570376701 ], [ 35.098151540761023, -16.006190450328972 ], [ 35.098054553374993, -16.005949479684716 ], [ 35.097933451567599, -16.005677528295223 ], [ 35.097787531169672, -16.005494467695485 ], [ 35.097612567166266, -16.005294508834481 ], [ 35.097448516435918, -16.005169534546326 ], [ 35.097392542631781, -16.005163550457439 ], [ 35.097362618590012, -16.005023614148456 ], [ 35.097764472552399, -16.005019566299893 ], [ 35.098147492013197, -16.005048609006053 ], [ 35.098334601360818, -16.005185552371302 ], [ 35.098682592227874, -16.005394488264983 ], [ 35.098948558629104, -16.005483554422426 ], [ 35.09923247909569, -16.005528615852882 ], [ 35.099586454951009, -16.005481618182102 ], [ 35.099808591992996, -16.005438492992027 ], [ 35.099943600017184, -16.005378470440007 ], [ 35.099991477224933, -16.005180447819384 ], [ 35.100082479622813, -16.004914482317474 ], [ 35.100100609055914, -16.004532518660767 ], [ 35.100103601999706, -16.004315486170697 ], [ 35.100025449115265, -16.004275529292215 ], [ 35.099840452275089, -16.004217442980575 ], [ 35.09978148552716, -16.0040144920751 ], [ 35.099662495327948, -16.003769471783642 ], [ 35.099431557520404, -16.003705576750917 ], [ 35.099395473122627, -16.003694487210794 ], [ 35.09909254278665, -16.003655587035666 ], [ 35.098976545531229, -16.003457564415044 ], [ 35.098950494869484, -16.003274503815248 ], [ 35.099150453730488, -16.003264470978479 ], [ 35.099522559918285, -16.003318508542293 ], [ 35.099743464889059, -16.003256549749949 ], [ 35.099971586919253, -16.003242468165354 ], [ 35.100174537824728, -16.00332555023391 ], [ 35.100437511282166, -16.003415495928323 ], [ 35.100752586962358, -16.003563528833752 ], [ 35.101107619521088, -16.003708568795389 ], [ 35.10132553244739, -16.003663508264253 ], [ 35.101551541970139, -16.003524452391503 ], [ 35.101796561362278, -16.003262534738155 ], [ 35.101862568902504, -16.003101476052223 ], [ 35.101745515842936, -16.002893596861952 ], [ 35.101638495620136, -16.00263748792969 ], [ 35.101747452083316, -16.002459531881868 ], [ 35.102076609348103, -16.002512513641534 ], [ 35.10237953968408, -16.002707543318422 ], [ 35.102742493471339, -16.002889548114126 ], [ 35.10298856866757, -16.002889548114126 ], [ 35.103341488718797, -16.002782527891327 ], [ 35.103932563636931, -16.002582569929586 ], [ 35.104347618747681, -16.002425559991536 ], [ 35.104853499989076, -16.00226256506528 ], [ 35.105328578551109, -16.00218458844796 ], [ 35.105598592800845, -16.001945553144708 ], [ 35.106012592107504, -16.001562533683909 ], [ 35.106241593674667, -16.001338460401598 ], [ 35.106409516885719, -16.001162616861222 ], [ 35.106437503787845, -16.000955617207921 ], [ 35.106387514072594, -16.000705492364546 ], [ 35.106491542250922, -16.000335498684251 ], [ 35.106570575571652, -16.000086606811408 ], [ 35.106503511328015, -16.000032568348331 ], [ 35.105831467748089, -16.00004858617325 ], [ 35.105635556735592, -15.999866581377603 ], [ 35.10528158088033, -15.999725589264472 ], [ 35.10489750561544, -15.999655533875739 ], [ 35.104846459196779, -15.999649548887533 ], [ 35.104557610445397, -15.999621561985464 ], [ 35.104494595848962, -15.99962754607435 ], [ 35.104258552590181, -15.999675599549221 ], [ 35.104105591399957, -15.999587590095189 ], [ 35.104106471836246, -15.999350491032317 ], [ 35.103939604429229, -15.999116560280982 ], [ 35.103699513321942, -15.999002499265885 ], [ 35.103765520862169, -15.998819614933211 ], [ 35.104016525242514, -15.998656444639153 ], [ 35.104213492059046, -15.998480600199514 ], [ 35.104231446124402, -15.998309508676812 ], [ 35.10414854032291, -15.998082443350029 ], [ 35.103957558494585, -15.99800358629642 ], [ 35.10380354150027, -15.998076458361822 ], [ 35.103563450392983, -15.998208473442276 ], [ 35.103319486804935, -15.998195447661715 ], [ 35.102868523563586, -15.998036502382661 ], [ 35.102249460844007, -15.997985455963999 ], [ 35.101879467163712, -15.998020484557685 ], [ 35.101375522162641, -15.998231532059492 ], [ 35.100952545823361, -15.998394526985805 ], [ 35.100653487968145, -15.998652572158448 ], [ 35.100122611869097, -15.999070443046492 ], [ 35.099924589248474, -15.999334473207341 ], [ 35.099677457348832, -15.999576500555008 ], [ 35.099347595914878, -15.999855491837423 ], [ 35.099177561095644, -16.000061611953811 ], [ 35.098959471902162, -16.000375455562789 ], [ 35.098590534025959, -16.000785581489367 ], [ 35.098210507508952, -16.001185499211374 ], [ 35.0980425842979, -16.00137753684379 ], [ 35.097936619879135, -16.001409572493742 ], [ 35.0978644519829, -16.001240593478542 ], [ 35.097846497917601, -16.000829587115732 ], [ 35.097691600486996, -16.000625579506845 ], [ 35.097451509379709, -16.000557459459117 ], [ 35.097227611465144, -16.00059160761657 ], [ 35.097024484292547, -16.000841556192825 ], [ 35.096805515562153, -16.001190603763291 ], [ 35.096543597908749, -16.001585592301183 ], [ 35.096280448184189, -16.001837477117817 ], [ 35.096096507148161, -16.002115588863262 ], [ 35.095916614859959, -16.002109603875056 ], [ 35.095797449292888, -16.001856486987265 ], [ 35.095847615275261, -16.001626604983812 ], [ 35.096100555895987, -16.001369615615204 ], [ 35.096382540122192, -16.001086575584964 ], [ 35.096598515908852, -16.000655502649295 ], [ 35.096488503641581, -16.000542498337609 ], [ 35.096079609786216, -16.000497613174275 ], [ 35.095491526912497, -16.000556579922204 ], [ 35.094938471733144, -16.000803535554667 ], [ 35.094348453518364, -16.001213486113443 ], [ 35.094314481628089, -16.001235488926625 ], [ 35.093947479992266, -16.001527505989543 ], [ 35.093395480617005, -16.001976532990568 ], [ 35.093065619183051, -16.002354447899393 ], [ 35.092891535615934, -16.002167514818893 ], [ 35.092701610490963, -16.002018601477232 ], [ 35.09267960767778, -16.002018601477232 ], [ 35.092494610837662, -16.002053453803796 ], [ 35.092345522128198, -16.002143575765388 ], [ 35.092316478522719, -16.00217349890778 ], [ 35.092163517332494, -16.002257460513363 ], [ 35.091914449192529, -16.002109603875056 ] ] ], [ [ [ 35.098250463488171, -16.020737443977794 ], [ 35.098457463141472, -16.020717554571434 ], [ 35.098734518183505, -16.020682525977747 ], [ 35.098870582011784, -16.020695551758251 ], [ 35.099117537644304, -16.020791482440927 ], [ 35.099376463253236, -16.020757510550652 ], [ 35.099683617704841, -16.020579554502774 ], [ 35.099907515619407, -16.020367450297556 ], [ 35.100064525557457, -16.020313588101544 ], [ 35.100128596857303, -16.020251453042079 ], [ 35.100140565934396, -16.020244588516903 ], [ 35.100126484349801, -16.02012559921701 ], [ 35.100041466940183, -16.019998512421353 ], [ 35.100022456171473, -16.019855584067898 ], [ 35.099916492652085, -16.019711599910352 ], [ 35.09974452069315, -16.01956356700498 ], [ 35.099576598381361, -16.019417470339931 ], [ 35.099537521939112, -16.01933650167814 ], [ 35.099456552378058, -16.01925852506082 ], [ 35.099431557520404, -16.01924145053249 ], [ 35.099279475867149, -16.019059445736787 ], [ 35.099272611341974, -16.019048532463785 ], [ 35.099161543270668, -16.018867584371492 ], [ 35.099148517490164, -16.01883361248116 ], [ 35.099132499665188, -16.01862960577165 ], [ 35.099125458872891, -16.018402539545491 ], [ 35.099070540872788, -16.018272460705475 ], [ 35.098938525792391, -16.018210501913074 ], [ 35.098819536492442, -16.01811844371116 ], [ 35.098755465192596, -16.017954568348614 ], [ 35.098921451264005, -16.017794566366092 ], [ 35.099131619228899, -16.017885568763916 ], [ 35.099368542024649, -16.01824447380335 ], [ 35.099497565060631, -16.018712510673765 ], [ 35.099505486289218, -16.018777462409901 ], [ 35.099615498556489, -16.019114540003955 ], [ 35.099844500123652, -16.019286511962889 ], [ 35.100092512459526, -16.01956356700498 ], [ 35.100325562774572, -16.019840446679211 ], [ 35.100654544671556, -16.019906454219438 ], [ 35.10096345909642, -16.019918599563653 ], [ 35.101438536759133, -16.019984607103879 ], [ 35.101999513167073, -16.01998847958464 ], [ 35.102453468452836, -16.019825484658327 ], [ 35.102794594794773, -16.019696462521665 ], [ 35.102945619744617, -16.019554589972302 ], [ 35.103062497436383, -16.019339493722612 ], [ 35.102972550842594, -16.019046596223404 ], [ 35.102886477628886, -16.018735569291039 ], [ 35.102975543786386, -16.018586480581575 ], [ 35.103178494691804, -16.018621508275942 ], [ 35.103309453068846, -16.018847517798633 ], [ 35.103337616238036, -16.018906484546562 ], [ 35.103488465820078, -16.019214519434456 ], [ 35.103687544244849, -16.01939458798978 ], [ 35.104093446055742, -16.019437536912733 ], [ 35.104534551828181, -16.019209591149661 ], [ 35.104962456452256, -16.018715502718237 ], [ 35.105104505268741, -16.01831558589555 ], [ 35.104913523440416, -16.017930453927249 ], [ 35.104746480665597, -16.017685609902912 ], [ 35.104559546685778, -16.017454495828247 ], [ 35.104297453664628, -16.01718254533813 ], [ 35.104065459153674, -16.016943510034935 ], [ 35.104280555403363, -16.016747599921757 ], [ 35.105361493737973, -16.016745487414255 ], [ 35.105483475981657, -16.016857612189028 ], [ 35.105500549610724, -16.017138540611143 ], [ 35.105528537412113, -16.01758844714908 ], [ 35.105649462952385, -16.01784244447316 ], [ 35.105768452252335, -16.018154527209617 ], [ 35.105963481929223, -16.018422606118349 ], [ 35.106255498992141, -16.01839356251287 ], [ 35.106530618693171, -16.018376488883803 ], [ 35.106881602504018, -16.018270524465095 ], [ 35.107170451255399, -16.018215606465048 ], [ 35.107879459669391, -16.01813745358055 ], [ 35.1081725325364, -16.017976571161796 ], [ 35.108228507239858, -16.017749505834956 ], [ 35.108413504079977, -16.017667480469811 ], [ 35.108551504148636, -16.017512583039206 ], [ 35.108614518745071, -16.017026591204171 ], [ 35.108727523956134, -16.016863597177235 ], [ 35.10897958414057, -16.016804454162184 ], [ 35.109372461070279, -16.016615584841304 ], [ 35.109594598112267, -16.016309486193791 ], [ 35.10985457952529, -16.015967479415622 ], [ 35.110276499161159, -16.015421465927886 ], [ 35.110472585541459, -16.015203553001527 ], [ 35.110738551942688, -16.014808564463635 ], [ 35.110780620429352, -16.01449947287233 ], [ 35.110610585610118, -16.014228578186305 ], [ 35.11030659857073, -16.013959443473482 ], [ 35.110150469068969, -16.013807538087349 ], [ 35.109924459546221, -16.013614444650841 ], [ 35.109623465450625, -16.013420470778044 ], [ 35.109306453530053, -16.013376466051 ], [ 35.109097517636371, -16.013194461255353 ], [ 35.108692495362448, -16.013026538044244 ], [ 35.108349609047252, -16.01292356656927 ], [ 35.108109517939965, -16.012680482518192 ], [ 35.107664538787503, -16.012699493286959 ], [ 35.107187524884409, -16.012677490473777 ], [ 35.10711148450747, -16.012668513441099 ], [ 35.106789544302103, -16.012535617924357 ], [ 35.106665449550917, -16.012203468615155 ], [ 35.106758564456243, -16.012050507424931 ], [ 35.107050581519161, -16.012038537448518 ], [ 35.107648520962528, -16.012184458745708 ], [ 35.107840559494264, -16.012207517362981 ], [ 35.107914487363757, -16.012130596549753 ], [ 35.10782753371376, -16.01190159408327 ], [ 35.107736531315936, -16.011524559610677 ], [ 35.107705551470076, -16.011236591295585 ], [ 35.107710480654191, -16.011211596437988 ], [ 35.107878579233102, -16.01098558691524 ], [ 35.10811250998438, -16.010965520342438 ], [ 35.108193479545491, -16.011216524722784 ], [ 35.108415616587479, -16.011634571877948 ], [ 35.108748470065905, -16.011757609925724 ], [ 35.108664508460322, -16.012010550546449 ], [ 35.108609590460276, -16.012074445579174 ], [ 35.108607477952773, -16.012442503918351 ], [ 35.108891574686481, -16.01280756931385 ], [ 35.109201545814756, -16.012994502394349 ], [ 35.109583508572086, -16.013133558267043 ], [ 35.110096606872958, -16.013374529810676 ], [ 35.11043456580262, -16.013571495727888 ], [ 35.110892568936947, -16.01399746411164 ], [ 35.111212573801311, -16.014217488646125 ], [ 35.111543491039356, -16.014358480759256 ], [ 35.111904507686916, -16.014337534649485 ], [ 35.112095489515298, -16.014410582981952 ], [ 35.112317451189483, -16.014559495424351 ], [ 35.112230496640166, -16.014716505362401 ], [ 35.112211486770775, -16.014717562065812 ], [ 35.111964531138256, -16.014672500635356 ], [ 35.11179150337523, -16.014677605187273 ], [ 35.111392466089512, -16.01477459257336 ], [ 35.111327514353377, -16.014802579475429 ], [ 35.111049578874997, -16.014966453938655 ], [ 35.110776572580789, -16.0153065244765 ], [ 35.110372606110957, -16.015962551130769 ], [ 35.110014581507755, -16.016449597870576 ], [ 35.109984482098241, -16.016500468022116 ], [ 35.109603575144945, -16.016975545684829 ], [ 35.10932352715912, -16.017402569872672 ], [ 35.109071466974683, -16.017733488010037 ], [ 35.10891956158855, -16.018102601253986 ], [ 35.108978528336479, -16.018460450489329 ], [ 35.109123568298116, -16.018778518213992 ], [ 35.109000531149661, -16.018870576415907 ], [ 35.108736500988755, -16.018815482148739 ], [ 35.108659580175527, -16.018795591843059 ], [ 35.108379532189701, -16.01870951862935 ], [ 35.108102477147668, -16.018843469950127 ], [ 35.107928568948353, -16.01903357134222 ], [ 35.107679500808388, -16.019305521832337 ], [ 35.1074844711315, -16.019169458903377 ], [ 35.107230473807363, -16.019092538090092 ], [ 35.106881602504018, -16.019343542470438 ], [ 35.106521465393371, -16.019432608627937 ], [ 35.106248458199843, -16.019579584829955 ], [ 35.10615657626505, -16.019914550815827 ], [ 35.106002558371415, -16.020497529137629 ], [ 35.105802600409731, -16.021009571634352 ], [ 35.105766516011954, -16.021065545438546 ], [ 35.105793447109932, -16.02133256764381 ], [ 35.105542618996708, -16.021531470700779 ], [ 35.105340547628202, -16.021661549540852 ], [ 35.105036561488191, -16.021572483383352 ], [ 35.10489556937506, -16.021464582724263 ], [ 35.104802454469734, -16.021336616391693 ], [ 35.104906482648119, -16.021112543109325 ], [ 35.105416588005198, -16.02056652872227 ], [ 35.105578526228044, -16.020185445501852 ], [ 35.105603521085698, -16.019974574267167 ], [ 35.105484531785748, -16.01987758688108 ], [ 35.105217509580427, -16.019881459361841 ], [ 35.104841530911983, -16.019953451890274 ], [ 35.10369652127747, -16.019970525519284 ], [ 35.103125512032818, -16.02005448712481 ], [ 35.102480574918673, -16.020462501443262 ], [ 35.102460509245134, -16.020657531120094 ], [ 35.102339583704861, -16.02094057115039 ], [ 35.102170603790398, -16.021092476536523 ], [ 35.102147545173125, -16.021269553047375 ], [ 35.102237491766857, -16.02149045801815 ], [ 35.10218345330378, -16.021661549540852 ], [ 35.101922592353787, -16.021762584775445 ], [ 35.101682501246501, -16.02203154322109 ], [ 35.10159149884862, -16.022442549583957 ], [ 35.10157248807991, -16.022675599898946 ], [ 35.10172949801796, -16.022996484300279 ], [ 35.101991591938486, -16.023246609143655 ], [ 35.10182050041584, -16.023486523983877 ], [ 35.101791456810361, -16.023662543791318 ], [ 35.101824549163666, -16.02398149195227 ], [ 35.101764525712326, -16.02426259574213 ], [ 35.101902525780986, -16.024613579553034 ], [ 35.101957620048154, -16.024898556722974 ], [ 35.102001449407396, -16.025225601480258 ], [ 35.102164619701512, -16.025524483068409 ], [ 35.102185565811283, -16.025586618127875 ], [ 35.102082594336309, -16.025853464965394 ], [ 35.10181856417546, -16.02624158897811 ], [ 35.101675460454203, -16.026395605972368 ], [ 35.101531475397337, -16.026390501420451 ], [ 35.101390483284206, -16.026210609132249 ], [ 35.101270614447344, -16.026221522405308 ], [ 35.101036507428944, -16.026540470566204 ], [ 35.100789551796424, -16.026706457536932 ], [ 35.100730585048495, -16.026731452394586 ], [ 35.100476587724415, -16.026762607608191 ], [ 35.100191611453738, -16.026570569975775 ], [ 35.100095504503997, -16.026341567509292 ], [ 35.100216606311392, -16.026185614274652 ], [ 35.100483453148911, -16.025732538525801 ], [ 35.100837605271295, -16.025471501308687 ], [ 35.101010456767199, -16.025291609020485 ], [ 35.100971556592128, -16.025096578444277 ], [ 35.100746602873471, -16.02505961450953 ], [ 35.100418501412776, -16.024778510719671 ], [ 35.100238609124574, -16.024577496054576 ], [ 35.100003446302082, -16.024424534864352 ], [ 35.099879528717338, -16.024416613635765 ], [ 35.099736600363883, -16.024548452449096 ], [ 35.099474506443357, -16.02461956454124 ], [ 35.09918160894415, -16.024560597793311 ], [ 35.099142532501901, -16.024332475763117 ], [ 35.099237583647607, -16.023938543029317 ], [ 35.099322601057224, -16.023599529194883 ], [ 35.099191466413117, -16.023356445143804 ], [ 35.098999604148446, -16.023249601188127 ], [ 35.098942574540217, -16.023147510149442 ], [ 35.098905609706151, -16.02304647401553 ], [ 35.098999604148446, -16.022892457021214 ], [ 35.099193578920563, -16.022509612928275 ], [ 35.099444583300908, -16.022263537732044 ], [ 35.099864566696453, -16.02209156577311 ], [ 35.100266596026643, -16.022016581200205 ], [ 35.100621452318194, -16.021949517855944 ], [ 35.100900619867787, -16.021829471852584 ], [ 35.101172571257223, -16.021663485781175 ], [ 35.101309514622471, -16.02145261364717 ], [ 35.10130845881838, -16.021434483314692 ], [ 35.101300537589793, -16.021263568059169 ], [ 35.101304586337619, -16.021222555376596 ], [ 35.101407557812593, -16.021058504646248 ], [ 35.101584458056323, -16.020879492794336 ], [ 35.101619485750746, -16.020830558883119 ], [ 35.101657506388847, -16.020703472986838 ], [ 35.101654513445112, -16.020644506238909 ], [ 35.10180747463528, -16.020465493487677 ], [ 35.101683557050592, -16.020452467707173 ], [ 35.101352463545425, -16.020399485947451 ], [ 35.100991446897808, -16.020342455439902 ], [ 35.100947617538566, -16.02032045352604 ], [ 35.100850454784734, -16.020372554849473 ], [ 35.100838484808264, -16.020384523926566 ], [ 35.100718615072083, -16.020454580214675 ], [ 35.100655600475648, -16.020439618193791 ], [ 35.100566534318148, -16.020383468122532 ], [ 35.100422550160602, -16.020335590914726 ], [ 35.100306552905124, -16.020471478475883 ], [ 35.10013651718657, -16.020603493556337 ], [ 35.100077550438641, -16.020635529206288 ], [ 35.09978148552716, -16.020759446790976 ], [ 35.099728502868174, -16.020797467429134 ], [ 35.099430501716313, -16.021039494776801 ], [ 35.099402513914924, -16.021070473723341 ], [ 35.099245504876194, -16.021269553047375 ], [ 35.099120530588095, -16.021233468649598 ], [ 35.099103456059709, -16.021040550580892 ], [ 35.099041497267365, -16.020912584248322 ], [ 35.098832561373683, -16.020867522817866 ], [ 35.098614473079522, -16.020852561696302 ], [ 35.098399552197634, -16.02084358466368 ], [ 35.098299572767132, -16.020806444461812 ], [ 35.098250463488171, -16.020737443977794 ] ] ], [ [ [ 35.093769523045125, -16.05143145289918 ], [ 35.094070517140722, -16.051736495742659 ], [ 35.094505462557095, -16.052076566280448 ], [ 35.09487457670042, -16.052091528301332 ], [ 35.095161489211421, -16.051599552377411 ], [ 35.095692541577591, -16.050185584297253 ], [ 35.09550349598959, -16.049948485234381 ], [ 35.095708559402567, -16.049494529948561 ], [ 35.096039476640613, -16.048922464899817 ], [ 35.096495544433878, -16.047996599363501 ], [ 35.096922568621721, -16.046806529197909 ], [ 35.097300483530546, -16.046223550876107 ], [ 35.097884518555759, -16.045741607788898 ], [ 35.097733492706595, -16.045320568589318 ], [ 35.098057545419465, -16.045034535615287 ], [ 35.098687521412046, -16.045201578390106 ], [ 35.098960527706254, -16.04490058429451 ], [ 35.099186538128265, -16.044357562851189 ], [ 35.099199563009449, -16.0440625537438 ], [ 35.098721493302321, -16.043944443980877 ], [ 35.098598455254546, -16.043929482859312 ], [ 35.098206458761126, -16.043680590087092 ], [ 35.097871492775198, -16.043432577751219 ], [ 35.09790546466553, -16.043102540949462 ], [ 35.098467495978184, -16.042777607800303 ], [ 35.098596519014166, -16.042413598208952 ], [ 35.098484570506571, -16.042033571691945 ], [ 35.098508508660814, -16.041546524052819 ], [ 35.098519598200937, -16.041245529957223 ], [ 35.098722549106412, -16.041195540241915 ], [ 35.098744551919594, -16.040999453861673 ], [ 35.09865161328139, -16.040631572688881 ], [ 35.09861148013573, -16.040568557193126 ], [ 35.098317526832432, -16.040498501804393 ], [ 35.098243598962995, -16.040350468898964 ], [ 35.098393568108747, -16.040345539714849 ], [ 35.098648444969797, -16.04034659641826 ], [ 35.098686464708635, -16.040161599578084 ], [ 35.098844531350096, -16.039809559063826 ], [ 35.098885544032669, -16.04002254370539 ], [ 35.098882551088934, -16.040611506116079 ], [ 35.098883607792345, -16.040689482733399 ], [ 35.098953486913956, -16.041492486489005 ], [ 35.098980594279055, -16.041897507863666 ], [ 35.09920061971286, -16.041947497578917 ], [ 35.099374527012856, -16.042106443757348 ], [ 35.099539458179493, -16.042386491743173 ], [ 35.099672529064037, -16.042693469927656 ], [ 35.099656511239061, -16.042953452239999 ], [ 35.099632572185499, -16.043367450647281 ], [ 35.099749449877265, -16.043499465727734 ], [ 35.099874599533166, -16.043264479172308 ], [ 35.100093568263617, -16.043146545676507 ], [ 35.100275573059321, -16.043122606622944 ], [ 35.100649615487441, -16.042831469996315 ], [ 35.100953602526772, -16.042393532535471 ], [ 35.101357568097342, -16.041863535973334 ], [ 35.101792513513715, -16.041577503898623 ], [ 35.102373555595193, -16.041361527212644 ], [ 35.102701480788767, -16.041078487182403 ], [ 35.102893518421183, -16.040624531896583 ], [ 35.103030461786432, -16.039997548847737 ], [ 35.103135545768851, -16.039294524522631 ], [ 35.103200496605666, -16.039041583901906 ], [ 35.103424570787354, -16.038845497521663 ], [ 35.103552537119924, -16.038487472918519 ], [ 35.103746510992721, -16.038194576318574 ], [ 35.103900527987037, -16.038356514541476 ], [ 35.104102599355542, -16.038642546616188 ], [ 35.104584541543431, -16.038888446444616 ], [ 35.104633475454591, -16.039209507113014 ], [ 35.104345507139499, -16.039727533698681 ], [ 35.104330545118614, -16.039765554336839 ], [ 35.103937492821103, -16.040357509691262 ], [ 35.10350061116435, -16.041005615117001 ], [ 35.103506595253236, -16.041460450839111 ], [ 35.103483536635963, -16.04164544767923 ], [ 35.10358844525058, -16.041820587050381 ], [ 35.103932563636931, -16.041973548240605 ], [ 35.104001564120949, -16.041994495249696 ], [ 35.104289532436042, -16.042090602199494 ], [ 35.104679592689081, -16.042129502374564 ], [ 35.104963513155667, -16.042276479475902 ], [ 35.105429613785702, -16.042390539591679 ], [ 35.105488580533631, -16.042403565372183 ], [ 35.105856462605743, -16.042456547131906 ], [ 35.106323619039813, -16.042541565440843 ], [ 35.106693612720107, -16.042403565372183 ], [ 35.106830556984676, -16.042456547131906 ], [ 35.106875617515811, -16.04273747555402 ], [ 35.10701256088106, -16.042860513601795 ], [ 35.107267614009231, -16.04299147197878 ], [ 35.107201606469005, -16.043128591611151 ], [ 35.10676560524854, -16.043159571457011 ], [ 35.106429583458578, -16.04300150481555 ], [ 35.106167489538052, -16.043029492616938 ], [ 35.105901523136822, -16.043177525522367 ], [ 35.105634500931501, -16.043151473961302 ], [ 35.105413595960727, -16.042964540880803 ], [ 35.105050466805665, -16.04281457173505 ], [ 35.104531559783709, -16.042829533755935 ], [ 35.104169486432681, -16.042728498521342 ], [ 35.103799492752444, -16.042498616517889 ], [ 35.103326527597233, -16.042249548377924 ], [ 35.10269355956018, -16.042215576487592 ], [ 35.10219260660358, -16.042324532051452 ], [ 35.101398580779914, -16.042880579275277 ], [ 35.101240515037773, -16.043174532578576 ], [ 35.101131558574593, -16.043606485950534 ], [ 35.100947617538566, -16.043695552107977 ], [ 35.100529570383401, -16.043903607565369 ], [ 35.100316585741894, -16.044183479284072 ], [ 35.100111522328916, -16.044658556946786 ], [ 35.099855589663775, -16.044766457605874 ], [ 35.099549491016262, -16.044819615632719 ], [ 35.099340555122581, -16.045180456013213 ], [ 35.099150453730488, -16.045684577281349 ], [ 35.099408498903131, -16.045938574605486 ], [ 35.099951520346451, -16.046097520783917 ], [ 35.100543475700874, -16.046231471205374 ], [ 35.10104055617677, -16.046251537778176 ], [ 35.101506480539683, -16.046224606680198 ], [ 35.101738475050638, -16.046265443095649 ], [ 35.101790577273391, -16.046304519537898 ], [ 35.102068512751714, -16.046469450704535 ], [ 35.102372498891782, -16.046389537846835 ], [ 35.102768544133085, -16.046316489514311 ], [ 35.103044543371027, -16.046374575825951 ], [ 35.10300845897325, -16.046609562381377 ], [ 35.102686518767882, -16.0467185188445 ], [ 35.102444491420215, -16.046774493548014 ], [ 35.102171484226687, -16.046588616271606 ], [ 35.10205355073083, -16.046653567108365 ], [ 35.102039469146234, -16.046955617907372 ], [ 35.102088578425196, -16.047059469818635 ], [ 35.102281496493902, -16.047215599320396 ], [ 35.102435514387537, -16.047443545083468 ], [ 35.102291530229991, -16.047719544321467 ], [ 35.102044573698151, -16.047843462805531 ], [ 35.101953571300328, -16.047659521769447 ], [ 35.101705559863774, -16.047243586222464 ], [ 35.101313563370297, -16.046898587399824 ], [ 35.100762620698447, -16.046604457829403 ], [ 35.100664577508269, -16.046576470927334 ], [ 35.100239489560863, -16.046436534618351 ], [ 35.100140565934396, -16.046423509737167 ], [ 35.099633452621788, -16.046323530306609 ], [ 35.099532592754997, -16.046328458591461 ], [ 35.09912352263251, -16.04612057940119 ], [ 35.09880950275641, -16.046032569047782 ], [ 35.098402545141425, -16.046423509737167 ], [ 35.097981505042469, -16.046645470512033 ], [ 35.097785594929292, -16.046914605224799 ], [ 35.097701457056644, -16.047252563255142 ], [ 35.097408560456756, -16.0477735827846 ], [ 35.097077466951589, -16.04827453484188 ], [ 35.097058456182879, -16.048706488213838 ], [ 35.097236588497822, -16.048915600374585 ], [ 35.097855474950279, -16.049181565876495 ], [ 35.098164565642264, -16.049325550034041 ], [ 35.098195545488068, -16.049581483598558 ], [ 35.097928523282803, -16.049743598088526 ], [ 35.097489529118548, -16.049505443221562 ], [ 35.097123584186136, -16.049192479149553 ], [ 35.096808508505887, -16.049122599128623 ], [ 35.09646755753181, -16.049749582177412 ], [ 35.096404542036055, -16.049845513759408 ], [ 35.096426544849237, -16.050035615151501 ], [ 35.096565600721931, -16.050390471443052 ], [ 35.095995471913568, -16.050743566862081 ], [ 35.095737603008047, -16.051576493760138 ], [ 35.095390491677904, -16.052402555233698 ], [ 35.094860495115825, -16.052665529590456 ], [ 35.094480467699498, -16.053187604024686 ], [ 35.094465506577933, -16.052872528344437 ], [ 35.094117514811501, -16.052479476046926 ], [ 35.093777620540834, -16.051826617704194 ], [ 35.093769523045125, -16.05143145289918 ] ] ], [ [ [ 35.097647594860689, -16.031702607888974 ], [ 35.097878533567496, -16.031243548051236 ], [ 35.098090461505649, -16.031321524668556 ], [ 35.098343578393497, -16.031450547704594 ], [ 35.098504460812251, -16.031627447049004 ], [ 35.098666574402955, -16.031977551322882 ], [ 35.098884487329258, -16.032194583812952 ], [ 35.099032520234687, -16.032420593335644 ], [ 35.099342491362961, -16.032819454354296 ], [ 35.099548610579973, -16.033192617245447 ], [ 35.099803487441022, -16.033360539557236 ], [ 35.099989540984609, -16.033363532500971 ], [ 35.100253571145458, -16.032990545876942 ], [ 35.100448600822347, -16.032627592989002 ], [ 35.100458458291257, -16.032314453549134 ], [ 35.100345453080251, -16.03198459211518 ], [ 35.100265540222551, -16.031646457817715 ], [ 35.100090576219145, -16.031475542562191 ], [ 35.099561460093355, -16.031196550380457 ], [ 35.099019494454183, -16.030858592350114 ], [ 35.098465559737861, -16.03047346038187 ], [ 35.098319463072812, -16.030256604158922 ], [ 35.098347450874201, -16.02991248487325 ], [ 35.098570467453158, -16.029530521216543 ], [ 35.09890649014244, -16.029213509295971 ], [ 35.099331578089902, -16.029483524445027 ], [ 35.099696467218223, -16.029551468225634 ], [ 35.100137573889981, -16.029354501409045 ], [ 35.100396498599594, -16.028927477221259 ], [ 35.100606491196686, -16.028582478398619 ], [ 35.100765612742862, -16.028377591252763 ], [ 35.101002535538612, -16.028184496916936 ], [ 35.101234530049567, -16.028066563421135 ], [ 35.101425511877949, -16.028034527771183 ], [ 35.101513521331981, -16.028130458453859 ], [ 35.101522498364659, -16.028340451050951 ], [ 35.101590618412388, -16.028579485454827 ], [ 35.101447513791754, -16.028856541396237 ], [ 35.101315499610678, -16.029248537889657 ], [ 35.101189468619111, -16.029684539110121 ], [ 35.101098466221288, -16.030122476570966 ], [ 35.101153560488456, -16.030476452426285 ], [ 35.101256532862749, -16.03063047031992 ], [ 35.101443465943248, -16.030872497667588 ], [ 35.101493455658499, -16.031091466398038 ], [ 35.101663490477733, -16.031244603855328 ], [ 35.101914494858079, -16.031260445413182 ], [ 35.102068512751714, -16.031135472024346 ], [ 35.102217601461177, -16.031086538113186 ], [ 35.102324445416855, -16.031168563478388 ], [ 35.102283609001404, -16.031407598781641 ], [ 35.102088578425196, -16.031634487841302 ], [ 35.102108468730876, -16.03174045226001 ], [ 35.102247524603627, -16.031895525957736 ], [ 35.102322509176531, -16.032235596495525 ], [ 35.10213258405156, -16.032364443264385 ], [ 35.102058479015625, -16.032398590522462 ], [ 35.101873482175506, -16.032410560498931 ], [ 35.101607516673596, -16.032591508591224 ], [ 35.101476557397234, -16.032964495215253 ], [ 35.101284519764818, -16.033369516589858 ], [ 35.101134550619065, -16.033923452205499 ], [ 35.100932480149879, -16.034321609054984 ], [ 35.100992502701899, -16.034490588070128 ], [ 35.101407557812593, -16.034673472402801 ], [ 35.101782479777683, -16.034938559267061 ], [ 35.102045454134441, -16.034861462186711 ], [ 35.102143497324619, -16.035029560765565 ], [ 35.10219260660358, -16.035287606837528 ], [ 35.102392565464584, -16.035435463475835 ], [ 35.102558552435312, -16.035537554514462 ], [ 35.102625615779573, -16.035685587419891 ], [ 35.102631600767836, -16.035696500692893 ], [ 35.1027535821122, -16.035798592630897 ], [ 35.102800579782979, -16.035826579532966 ], [ 35.102997545700248, -16.035928495203848 ], [ 35.103100518074484, -16.036102578770965 ], [ 35.103437595668538, -16.036271557786108 ], [ 35.103732605675248, -16.036226497254972 ], [ 35.104056482120995, -16.036041499515534 ], [ 35.104116504673016, -16.036074591868896 ], [ 35.104073555750062, -16.036280534818786 ], [ 35.103801605259946, -16.036509537285269 ], [ 35.103582460262373, -16.036921599452228 ], [ 35.10344058861233, -16.037015594793843 ], [ 35.103172509703597, -16.037389460954842 ], [ 35.103064609943829, -16.037167499280599 ], [ 35.102918513278837, -16.036977574155685 ], [ 35.102676485931113, -16.03680648263304 ], [ 35.102453468452836, -16.036701574917686 ], [ 35.102376547639608, -16.036689605840593 ], [ 35.102131527348149, -16.036517457614536 ], [ 35.102121494511437, -16.036270501982017 ], [ 35.102074496840601, -16.036237585895833 ], [ 35.101935617234972, -16.036121588640356 ], [ 35.101846551077529, -16.036081456394072 ], [ 35.101686549095007, -16.036081456394072 ], [ 35.101609452913976, -16.036075471405809 ], [ 35.101550486166047, -16.036075471405809 ], [ 35.101276598536231, -16.035952609625213 ], [ 35.101109555761468, -16.035602506250598 ], [ 35.101077520111517, -16.035269476505107 ], [ 35.100876505446422, -16.034949472540063 ], [ 35.100829507775643, -16.034909515661582 ], [ 35.100591529175801, -16.034756554471358 ], [ 35.100543475700874, -16.034733495854084 ], [ 35.100270468507347, -16.034673472402801 ], [ 35.100145494219248, -16.034628588138787 ], [ 35.099813521177111, -16.034392544880006 ], [ 35.099712485043199, -16.034319496547482 ], [ 35.09947855519124, -16.034045609816985 ], [ 35.099419588443311, -16.033999492582495 ], [ 35.099202555953241, -16.033980481813728 ], [ 35.099098527774913, -16.033989458846406 ], [ 35.098825520581386, -16.034106512805295 ], [ 35.098774475062044, -16.034113553597592 ], [ 35.098506572420433, -16.034003540431002 ], [ 35.09859247026634, -16.033506460854426 ], [ 35.098498475824044, -16.033235566168401 ], [ 35.098061594167291, -16.033061481701964 ], [ 35.097655516089276, -16.032899543479118 ], [ 35.097808477279443, -16.032363562828095 ], [ 35.097832592600128, -16.032045495103489 ], [ 35.097647594860689, -16.031702607888974 ] ] ], [ [ [ 35.089587465089494, -16.013895548440757 ], [ 35.089658577181638, -16.013786591977578 ], [ 35.089899548725271, -16.013746459731294 ], [ 35.090197550776395, -16.013669538918066 ], [ 35.090636544041331, -16.013616557158343 ], [ 35.090699559537086, -16.013614444650841 ], [ 35.090782464439258, -16.013481549134156 ], [ 35.090759582089106, -16.013225616468958 ], [ 35.090631615756536, -16.013094481824851 ], [ 35.090367585595629, -16.013043611673311 ], [ 35.090145448553642, -16.012950497667305 ], [ 35.090233458007731, -16.012838548260333 ], [ 35.090439578124062, -16.012843477444505 ], [ 35.090498544871991, -16.012850518236803 ], [ 35.090738459712213, -16.012863543117987 ], [ 35.09119558330957, -16.012784510696576 ], [ 35.0914615497108, -16.012752475046625 ], [ 35.091956517679193, -16.012493549437693 ], [ 35.092379494018473, -16.012449544710648 ], [ 35.09261254433352, -16.012225471428337 ], [ 35.09289558436376, -16.011775563991023 ], [ 35.093043617269188, -16.011518574622471 ], [ 35.093147469180394, -16.011302598835812 ], [ 35.09311261685383, -16.011151572986648 ], [ 35.093168591557287, -16.011022550849987 ], [ 35.093296557889914, -16.011048601511732 ], [ 35.093490531762654, -16.01122444595137 ], [ 35.093887456540926, -16.011312455405459 ], [ 35.09455052398755, -16.01162647528156 ], [ 35.094853454323527, -16.011728566320244 ], [ 35.095178562840431, -16.011727510516153 ], [ 35.095593617951181, -16.011693538625877 ], [ 35.096019586334876, -16.0116574542281 ], [ 35.096373563089514, -16.011675584560521 ], [ 35.096828574179426, -16.011665551723809 ], [ 35.097028533040429, -16.011557475696918 ], [ 35.097447460631827, -16.011487595675931 ], [ 35.097851602469518, -16.011405570310785 ], [ 35.098021461921007, -16.011211596437988 ], [ 35.098287603689982, -16.010935597199989 ], [ 35.098501467868516, -16.010641467629569 ], [ 35.098715508314115, -16.01045647078945 ], [ 35.098832561373683, -16.010207578017287 ], [ 35.098755465192596, -16.010082603729131 ], [ 35.098610600598818, -16.009886518248152 ], [ 35.098440564880207, -16.009682510639323 ], [ 35.098409585933723, -16.009670541562173 ], [ 35.098096446493855, -16.009575490416523 ], [ 35.097713602400859, -16.009484488018643 ], [ 35.097439539403297, -16.00950349878741 ], [ 35.097169525153504, -16.00950156254703 ], [ 35.096888596731389, -16.009434498303392 ], [ 35.096596579668471, -16.009336455113271 ], [ 35.09654747038951, -16.009340503861097 ], [ 35.09620159113058, -16.009275552124961 ], [ 35.096152481851618, -16.009280481309133 ], [ 35.095794457248473, -16.009151458273152 ], [ 35.095431504360477, -16.009002545830754 ], [ 35.095211478926672, -16.008861553717679 ], [ 35.095117484484376, -16.008702607539249 ], [ 35.094838492302642, -16.008740451910285 ], [ 35.094794487575598, -16.008744500658111 ], [ 35.094514615856895, -16.008727602396903 ], [ 35.094225590838391, -16.008516554895039 ], [ 35.094037601953801, -16.008458467684079 ], [ 35.093956457024944, -16.008433472826482 ], [ 35.093824617312293, -16.008329445547417 ], [ 35.093684505635451, -16.008157473588483 ], [ 35.093461488157232, -16.008058550861392 ], [ 35.093390552332153, -16.00803654804821 ], [ 35.093151517028957, -16.008014545235028 ], [ 35.093016509904032, -16.008035492244119 ], [ 35.092737518621618, -16.007991486617755 ], [ 35.092686472202956, -16.007981453781042 ], [ 35.092480529253066, -16.007800505688749 ], [ 35.092413465908749, -16.007777447071476 ], [ 35.092173550169264, -16.007628533729815 ], [ 35.092159468584669, -16.007629589533906 ], [ 35.091959510622985, -16.007557597904793 ], [ 35.091928530777125, -16.007420478272422 ], [ 35.09208254777144, -16.007351478687724 ], [ 35.09223955770949, -16.007256603809196 ], [ 35.092269481751259, -16.007252555061314 ], [ 35.092386534810771, -16.007298496028739 ], [ 35.092417513757312, -16.007342501655103 ], [ 35.092599518553016, -16.007428574868811 ], [ 35.092832568868005, -16.007496518649361 ], [ 35.093040448957595, -16.007477508779971 ], [ 35.09325255316287, -16.007532603047139 ], [ 35.093553547258466, -16.007637510762493 ], [ 35.093829546496409, -16.007735553952614 ], [ 35.094032497401884, -16.007803497733164 ], [ 35.094162576241956, -16.007977581300281 ], [ 35.094380489168316, -16.008138463719092 ], [ 35.094622516515983, -16.008233513965479 ], [ 35.094731472979163, -16.008371514034081 ], [ 35.094915589382992, -16.008481526301352 ], [ 35.095046548659354, -16.008409534672239 ], [ 35.094988461448395, -16.008172611876489 ], [ 35.094957482501854, -16.00814550451139 ], [ 35.094935479688672, -16.007931464065791 ], [ 35.095115548243996, -16.007903477163723 ], [ 35.095330468226564, -16.007984445825457 ], [ 35.095300545084115, -16.008202535018938 ], [ 35.09543555220904, -16.008406541728448 ], [ 35.095787592723298, -16.008444562366606 ], [ 35.096016594290461, -16.008512506147213 ], [ 35.096222537240351, -16.008673563933769 ], [ 35.096418448252848, -16.008717569560133 ], [ 35.096674557185111, -16.008867538705886 ], [ 35.097083451040476, -16.00898952005025 ], [ 35.097729620225834, -16.009142481240474 ], [ 35.098319463072812, -16.00925548645148 ], [ 35.098806510711938, -16.009341559665188 ], [ 35.099052586807488, -16.00952057241642 ], [ 35.09938755279336, -16.009645546704576 ], [ 35.099869494981249, -16.009771576796766 ], [ 35.100222591299598, -16.009803612446717 ], [ 35.100492605549334, -16.0097985078948 ], [ 35.10077652601592, -16.009597493229705 ], [ 35.100935472194351, -16.009554544306752 ], [ 35.101249492070451, -16.00961051811089 ], [ 35.101406501109182, -16.009679518594851 ], [ 35.101418471085651, -16.009885461544741 ], [ 35.101404564868801, -16.009928586734816 ], [ 35.101280471016992, -16.010084539969512 ], [ 35.100988453954017, -16.010150547509738 ], [ 35.100592584979893, -16.010204585972815 ], [ 35.100266596026643, -16.010362475447835 ], [ 35.099904523574935, -16.010442564572656 ], [ 35.099796446648725, -16.010477593166343 ], [ 35.099509534137724, -16.010529519121974 ], [ 35.099071596676879, -16.010778587261939 ], [ 35.098837490557798, -16.010976609882619 ], [ 35.098801582427143, -16.011163542963118 ], [ 35.098370509491474, -16.011506605545378 ], [ 35.098083596980473, -16.011800558848677 ], [ 35.097835584644542, -16.01204857118455 ], [ 35.09751945226094, -16.012340588247525 ], [ 35.097325478388143, -16.012495485678073 ], [ 35.09698945659818, -16.012630492802941 ], [ 35.096839487452428, -16.012825523379149 ], [ 35.09673546017342, -16.013243570534314 ], [ 35.096580561843496, -16.01353347508973 ], [ 35.096386587970699, -16.013894492636666 ], [ 35.096277456139717, -16.014386468560645 ], [ 35.096198599086108, -16.014670564394976 ], [ 35.09596660457521, -16.014905550950346 ], [ 35.095822620417664, -16.015171517351575 ], [ 35.095471460339695, -16.015428506720184 ], [ 35.095241578336243, -16.015538518987398 ], [ 35.095135614816797, -16.015577595429647 ], [ 35.094941464676879, -16.015517572877627 ], [ 35.094926502656051, -16.015509475381918 ], [ 35.094750482848553, -16.015513524129801 ], [ 35.094551579791641, -16.015523556966514 ], [ 35.094379608732027, -16.015448572393666 ], [ 35.09414655841698, -16.015236468188391 ], [ 35.093944487048475, -16.015125576384207 ], [ 35.093837466825676, -16.015056575900189 ], [ 35.093853484650651, -16.014940578644769 ], [ 35.093995533467137, -16.01490150220252 ], [ 35.094198484372612, -16.014946563632975 ], [ 35.094525529129896, -16.015020492401732 ], [ 35.094733584587289, -16.015081570757843 ], [ 35.095076471801804, -16.01508949198643 ], [ 35.095364616384018, -16.01499848958855 ], [ 35.095647480147136, -16.014758574748384 ], [ 35.095850607319733, -16.014501585379833 ], [ 35.096010609302255, -16.014125606711332 ], [ 35.096088586818894, -16.013819508063818 ], [ 35.096231514273029, -16.01357448777236 ], [ 35.096266542866715, -16.013366608582089 ], [ 35.096367578101308, -16.013159608928788 ], [ 35.0962616136826, -16.013130565323308 ], [ 35.095922599848166, -16.013257475851788 ], [ 35.095841454019933, -16.013292504445474 ], [ 35.095622485289539, -16.01345549847241 ], [ 35.095437488449363, -16.013582585268068 ], [ 35.095367608428433, -16.013493519110568 ], [ 35.095451570033958, -16.01335657574532 ], [ 35.09561245245277, -16.013205549896156 ], [ 35.09588757125448, -16.013007528174853 ], [ 35.09620352737096, -16.012853510281218 ], [ 35.096424608608856, -16.012637533595239 ], [ 35.09660661340456, -16.012515552250875 ], [ 35.096996497390478, -16.012286549784392 ], [ 35.097008466467628, -16.012216494395659 ], [ 35.096853569037023, -16.01212848404225 ], [ 35.096596579668471, -16.012137461074929 ], [ 35.096273583659013, -16.01224659380523 ], [ 35.09582860540587, -16.012469610384187 ], [ 35.095616501200595, -16.012479467853098 ], [ 35.095480613639438, -16.012346573235732 ], [ 35.095225560511267, -16.012117570769249 ], [ 35.094974556130921, -16.012142565626846 ], [ 35.094708589729692, -16.012419445301134 ], [ 35.094473603174322, -16.012683475461984 ], [ 35.094023520369205, -16.012983589121291 ], [ 35.093790470054216, -16.013268565391911 ], [ 35.093475569741827, -16.013291447742063 ], [ 35.093437550002989, -16.01327947866497 ], [ 35.093343555560693, -16.013157496421286 ], [ 35.093447582839701, -16.01293553564642 ], [ 35.093394601080035, -16.012745610521449 ], [ 35.09319252971153, -16.012601450096781 ], [ 35.092861612473484, -16.012627500758526 ], [ 35.092482465493447, -16.012806512610439 ], [ 35.091879596865965, -16.013198509103859 ], [ 35.09152157226282, -16.013311514314864 ], [ 35.091398534215045, -16.013654576897181 ], [ 35.090884556377205, -16.013913502506114 ], [ 35.090754477537132, -16.013922479538735 ], [ 35.090492559883785, -16.013906461713816 ], [ 35.090437465616617, -16.013903469669344 ], [ 35.090184524995891, -16.01396754096919 ], [ 35.090145448553642, -16.013980565850375 ], [ 35.089901484965594, -16.01410360389815 ], [ 35.08983758993287, -16.014121557963506 ], [ 35.0897004703005, -16.014085474465048 ], [ 35.089587465089494, -16.013895548440757 ] ] ], [ [ [ 35.09286654075828, -16.023442519256832 ], [ 35.092941525331184, -16.023266499449335 ], [ 35.092994507990227, -16.023017606677172 ], [ 35.092988523001964, -16.022699538952509 ], [ 35.093342498857282, -16.02234749933757 ], [ 35.093178448126935, -16.022119553574498 ], [ 35.093511477872482, -16.021797612469811 ], [ 35.093589455389122, -16.021546608089466 ], [ 35.093553547258466, -16.021257583070962 ], [ 35.093608465258512, -16.020881604402462 ], [ 35.093833594344972, -16.020442611137526 ], [ 35.094162576241956, -16.020244588516903 ], [ 35.094162576241956, -16.019992528332466 ], [ 35.094271532705136, -16.019763525865983 ], [ 35.094483460643232, -16.01973958681242 ], [ 35.094809449596482, -16.019736594768005 ], [ 35.09511149949617, -16.01956550324536 ], [ 35.095325539941769, -16.019294608559278 ], [ 35.095481493176408, -16.019182483784562 ], [ 35.095388555437523, -16.019580465266188 ], [ 35.095148463430917, -16.019977566311582 ], [ 35.09478551054292, -16.020347559991876 ], [ 35.094612482779894, -16.020739556485296 ], [ 35.094617587331868, -16.021087548251728 ], [ 35.094622516515983, -16.021154611595989 ], [ 35.094662472495145, -16.021515452875803 ], [ 35.094530457414749, -16.021804476994987 ], [ 35.09423650411145, -16.022087517924547 ], [ 35.093823561508202, -16.022273570568757 ], [ 35.093660567481265, -16.02264250844496 ], [ 35.093696475611921, -16.022897561573188 ], [ 35.093705451745279, -16.022922556430785 ], [ 35.093528552400812, -16.02338953749711 ], [ 35.093431565014782, -16.023538449939451 ], [ 35.093169471094257, -16.023531585414275 ], [ 35.092969513132573, -16.023582454666496 ], [ 35.092876574494369, -16.023537569503162 ], [ 35.09286654075828, -16.023442519256832 ] ] ], [ [ [ 35.092658485300888, -16.028952472078856 ], [ 35.092671511081448, -16.028805494977576 ], [ 35.092761456775861, -16.028624546885283 ], [ 35.092818487283409, -16.028456447407052 ], [ 35.093022494892296, -16.028207555534209 ], [ 35.093243576130192, -16.028111448584411 ], [ 35.093561467587733, -16.027989467240047 ], [ 35.093738544098585, -16.027825591877502 ], [ 35.093770579748536, -16.027684600663747 ], [ 35.093732559110379, -16.027444508657084 ], [ 35.093803494935401, -16.027344529226582 ], [ 35.093976522698426, -16.02738448610512 ], [ 35.094109593582914, -16.027467567274357 ], [ 35.094247593651573, -16.027394518941833 ], [ 35.094538554910457, -16.027080499965052 ], [ 35.094754531596436, -16.02674447727577 ], [ 35.094914533578901, -16.026343503749672 ], [ 35.095075591365514, -16.026030540576926 ], [ 35.095225560511267, -16.025827589671508 ], [ 35.095484486120199, -16.025816500131327 ], [ 35.095766470346405, -16.025800482306352 ], [ 35.096121502005758, -16.025682548810551 ], [ 35.096338534495828, -16.025457595991213 ], [ 35.096402605795674, -16.025233522708845 ], [ 35.096324452911233, -16.02483659703131 ], [ 35.096318468822346, -16.024549508253131 ], [ 35.096465445024307, -16.024454458006801 ], [ 35.096703599891271, -16.024508496469878 ], [ 35.09678157740791, -16.024623613289066 ], [ 35.096677549229582, -16.02490454081186 ], [ 35.096561551974105, -16.025226481916548 ], [ 35.09662650371024, -16.025445450646998 ], [ 35.096818541342657, -16.025521491023937 ], [ 35.097031525084844, -16.025565495750982 ], [ 35.097248557574915, -16.025627454543326 ], [ 35.097303476474337, -16.025712472852319 ], [ 35.097193463307747, -16.025784464481433 ], [ 35.097070601527093, -16.025845543736807 ], [ 35.097091548536184, -16.026019451036802 ], [ 35.097377580610896, -16.026303547770453 ], [ 35.09751153193173, -16.026411447530222 ], [ 35.097606582178059, -16.02652656524873 ], [ 35.097277601180394, -16.026625487975821 ], [ 35.097232539749939, -16.02661756764661 ], [ 35.097094540580656, -16.026465485993356 ], [ 35.096845472440634, -16.026297562782247 ], [ 35.096550462433925, -16.026164491897759 ], [ 35.096205463611284, -16.0262605988475 ], [ 35.095610516212389, -16.026419545025931 ], [ 35.095149520134271, -16.02666456441807 ], [ 35.09505147694415, -16.026838472617385 ], [ 35.09505147694415, -16.026889518136727 ], [ 35.094922453908168, -16.027030510249801 ], [ 35.094760515685323, -16.027433595384082 ], [ 35.094619523572192, -16.027561562615972 ], [ 35.094500534272299, -16.027764513521447 ], [ 35.094330499453065, -16.027932612100301 ], [ 35.094274524749551, -16.027948454557475 ], [ 35.09409656870173, -16.028213540522415 ], [ 35.093765475196562, -16.028308590768802 ], [ 35.093251496459459, -16.028550618116469 ], [ 35.092790500381341, -16.028923604740498 ], [ 35.092658485300888, -16.028952472078856 ] ] ] ] } },
{ "type": "Feature", "properties": { "SitRecID": 6683, "Country": "Malawi", "ISO3": "MWI", "NatName": "Lengwe National Park", "IntName": "Lengwe National Park", "SitLat": -16.257686438499999, "SitLong": 34.751519287699999, "IbaStatus": "confirmed", "AzeStatus": null, "AddedDate": "2005-05-12", "ChangeDate": null, "Source": "RSPB funded initiative to create polygon boundaries for IBAs in Africa.", "DelTxt": "Digitized from national and continental scale maps of protected areas, lakes and wetlands.", "DelGeom": "3. draft polygon", "Shape_Leng": 0.44092097633, "Shape_Area": 0.0101801672, "GISArea": 12042.0, "KBA_Qual": "Global/ Regional to be determined", "LegacyKBA": "confirmed", "Trigger Ecosystems": null }, "geometry": { "type": "MultiPolygon", "coordinates": [ [ [ [ 34.820219540999062, -16.265469614231279 ], [ 34.818599453701893, -16.266589453640336 ], [ 34.817419591740816, -16.268449456677047 ], [ 34.816529458967409, -16.269599570863477 ], [ 34.813819455403575, -16.273299510364041 ], [ 34.813059577737363, -16.274339612283256 ], [ 34.8104595864408, -16.277929539516606 ], [ 34.809069556514885, -16.282929562349352 ], [ 34.805329484767981, -16.292279566348839 ], [ 34.803289589443068, -16.298849511395815 ], [ 34.802509468936876, -16.297929455479959 ], [ 34.801849569801846, -16.296839540112614 ], [ 34.801419553569588, -16.295969473012747 ], [ 34.800519563327214, -16.293919544851065 ], [ 34.800209592198996, -16.292299456654575 ], [ 34.799659529963378, -16.290699611297953 ], [ 34.799129533401299, -16.289959447670356 ], [ 34.798159487770192, -16.288109477470357 ], [ 34.797679480923364, -16.287319500394574 ], [ 34.79689953668435, -16.286169561575946 ], [ 34.7961796149973, -16.28531956104888 ], [ 34.794559527700073, -16.283489482053881 ], [ 34.792539522680897, -16.283489482053881 ], [ 34.789869475096225, -16.284719509098011 ], [ 34.788329476923877, -16.286629501849973 ], [ 34.78716950526848, -16.290539609315488 ], [ 34.787009503286015, -16.293829598257332 ], [ 34.784929475714762, -16.294239548816051 ], [ 34.783679557465632, -16.294419617371375 ], [ 34.780119553374732, -16.294679598784398 ], [ 34.776789608453726, -16.2954495101867 ], [ 34.775419468833491, -16.295739591009294 ], [ 34.771449514183757, -16.296569524963559 ], [ 34.76692949819784, -16.297349470101892 ], [ 34.765559534844726, -16.297639550924487 ], [ 34.760449498845333, -16.297959554889474 ], [ 34.759199581495523, -16.298029611177583 ], [ 34.757889464427308, -16.297799552907009 ], [ 34.75425958121474, -16.297479548042645 ], [ 34.750449453179783, -16.29836950544825 ], [ 34.749379603485977, -16.298379538285019 ], [ 34.744859587500002, -16.298689509413293 ], [ 34.743429600695549, -16.298739499128544 ], [ 34.737559511662198, -16.300809493863028 ], [ 34.731429615684249, -16.300669558453308 ], [ 34.724699493287062, -16.300529446776522 ], [ 34.718349572774628, -16.301669527226863 ], [ 34.708079511959966, -16.305809516695774 ], [ 34.701079550680788, -16.308959570227955 ], [ 34.681309515821567, -16.288999611143083 ], [ 34.680039531898956, -16.28394959769571 ], [ 34.67786955773397, -16.280099513681591 ], [ 34.680709463870699, -16.274799552557283 ], [ 34.682209506063884, -16.271749478455604 ], [ 34.683819560524341, -16.2685795346178 ], [ 34.685959611546878, -16.264729450603625 ], [ 34.68793948431977, -16.260709506238697 ], [ 34.690199580446347, -16.256289469683225 ], [ 34.690979524685361, -16.254969496045362 ], [ 34.696039570969504, -16.252789488144344 ], [ 34.697299521156026, -16.247499560756069 ], [ 34.703499472522708, -16.245439598858354 ], [ 34.705959527510231, -16.234109545818853 ], [ 34.709059591327104, -16.233429581010284 ], [ 34.710539566947489, -16.232559513910417 ], [ 34.7107895155238, -16.232159597087673 ], [ 34.711259488634539, -16.231239540272497 ], [ 34.711259488634539, -16.230549542627273 ], [ 34.711379534637842, -16.229519473544826 ], [ 34.711509613477915, -16.228369534726198 ], [ 34.711209498919288, -16.227449478810342 ], [ 34.710909560627783, -16.226409553158305 ], [ 34.710909560627783, -16.225659532061684 ], [ 34.710979616915836, -16.224279534972538 ], [ 34.712169511713626, -16.221869469700209 ], [ 34.712649518560511, -16.221469552877522 ], [ 34.713959458462284, -16.220659508329618 ], [ 34.714249540184198, -16.220379461243112 ], [ 34.714729546131707, -16.219979543521049 ], [ 34.716339600592164, -16.217899515949853 ], [ 34.716459470328346, -16.21709950513798 ], [ 34.716699561435689, -16.216129458607611 ], [ 34.717059522279158, -16.215549473229544 ], [ 34.717539529126043, -16.215259568674128 ], [ 34.718489508184291, -16.214749462417728 ], [ 34.719079527298391, -16.214459557862256 ], [ 34.72033947838429, -16.213949451605856 ], [ 34.721169588605676, -16.213769559317655 ], [ 34.721959566580779, -16.2135995235991 ], [ 34.724389522158788, -16.213029571057803 ], [ 34.724979540373567, -16.212859536238568 ], [ 34.727899535635117, -16.212389563127772 ], [ 34.728619457322168, -16.212059525426696 ], [ 34.729029584148066, -16.211889489708142 ], [ 34.730879553448688, -16.210909586608068 ], [ 34.733319542762729, -16.209299532147668 ], [ 34.733799548710238, -16.209189519880397 ], [ 34.734389567824337, -16.209189519880397 ], [ 34.736059469469012, -16.209189519880397 ], [ 34.736419605680283, -16.20936958843572 ], [ 34.739039487282582, -16.210009597265071 ], [ 34.739559450108572, -16.20989958409848 ], [ 34.740169534896154, -16.209669526727225 ], [ 34.741829579071862, -16.208799459627301 ], [ 34.74236960847071, -16.208289529638023 ], [ 34.74361952671984, -16.207199614270735 ], [ 34.744399470958854, -16.207319484006916 ], [ 34.745939470030578, -16.207769566812033 ], [ 34.748009464765062, -16.2093894787414 ], [ 34.748849607823217, -16.209619537011974 ], [ 34.750629521735107, -16.209909617834569 ], [ 34.751369509095639, -16.209679559563995 ], [ 34.75193946163688, -16.209509523845384 ], [ 34.752489524771818, -16.209399511578169 ], [ 34.752839451879254, -16.209059617307446 ], [ 34.753739618388749, -16.207379506558937 ], [ 34.753799464673591, -16.20698944630584 ], [ 34.753919510676951, -16.206349613743612 ], [ 34.754099579232275, -16.205079453553878 ], [ 34.754219448968456, -16.204569523564601 ], [ 34.754459540075743, -16.204109584189894 ], [ 34.754869490634519, -16.203359563093329 ], [ 34.755179461762793, -16.202959469104144 ], [ 34.756319543112454, -16.202039589455467 ], [ 34.759639455196748, -16.202509562566206 ], [ 34.760229474310847, -16.202569585118226 ], [ 34.761359521924476, -16.202779576815999 ], [ 34.763029599836216, -16.204689569567961 ], [ 34.763319504391688, -16.204979474123377 ], [ 34.763809544075229, -16.205549602931796 ], [ 34.764929558852089, -16.206659584871886 ], [ 34.765409565698974, -16.20693945659059 ], [ 34.765819516257693, -16.207179547697933 ], [ 34.766599460496764, -16.207919535957785 ], [ 34.766659483048784, -16.208499521335796 ], [ 34.766709472764035, -16.208909471894572 ], [ 34.767249502162827, -16.209709482706444 ], [ 34.768259504672471, -16.211719454888907 ], [ 34.768619465515997, -16.211899523444231 ], [ 34.769209484630039, -16.212179571430056 ], [ 34.770459578246971, -16.212649544540795 ], [ 34.771409558204596, -16.212759556808066 ], [ 34.772789554394478, -16.212769589644779 ], [ 34.773259527505218, -16.212649544540795 ], [ 34.774859549128962, -16.212129581714805 ], [ 34.775399578527754, -16.211799544013672 ], [ 34.775999454211501, -16.211329570902933 ], [ 34.777249548727752, -16.210409514087758 ], [ 34.777779544390512, -16.210059586980321 ], [ 34.778499466077562, -16.209669526727225 ], [ 34.779869605697797, -16.209259576168449 ], [ 34.780699539652062, -16.209159596737948 ], [ 34.781659552446456, -16.209499491008671 ], [ 34.782009480453212, -16.20983956154646 ], [ 34.782429463848757, -16.210139499838021 ], [ 34.783259574070144, -16.211339603739702 ], [ 34.783499488910309, -16.211859566565693 ], [ 34.783729547180883, -16.21398958385214 ], [ 34.784319566294982, -16.214509547577507 ], [ 34.786999470449246, -16.215669518333584 ], [ 34.787479476396754, -16.215829521215369 ], [ 34.787829579771369, -16.216059578586624 ], [ 34.788369609170161, -16.216299494326165 ], [ 34.789809452544262, -16.216879479704176 ], [ 34.790219579370159, -16.21710953797475 ], [ 34.790749575032919, -16.217399442530223 ], [ 34.792179561837372, -16.218139607057196 ], [ 34.794199566856605, -16.219299578712537 ], [ 34.794729562519365, -16.21958948326801 ], [ 34.796879470111492, -16.220909456905872 ], [ 34.797829450069116, -16.22125956028043 ], [ 34.798599537738539, -16.221489618551004 ], [ 34.800689598146505, -16.221999548540282 ], [ 34.801459509548806, -16.222189474564573 ], [ 34.804139589970134, -16.223179586768481 ], [ 34.804849477921096, -16.223459458487184 ], [ 34.807469535790517, -16.22489947722903 ], [ 34.807829496634042, -16.22540958348543 ], [ 34.810029570208542, -16.227369565952642 ], [ 34.810619588423322, -16.227839539063439 ], [ 34.81228949006794, -16.228989476982747 ], [ 34.812589603727304, -16.229279557805285 ], [ 34.812819485730756, -16.231229507435785 ], [ 34.81299955428608, -16.23209957363639 ], [ 34.813589573400122, -16.234169568370817 ], [ 34.813709619403483, -16.23507959234928 ], [ 34.813769465688324, -16.235489542908056 ], [ 34.814419507354444, -16.236989584201922 ], [ 34.814539553357747, -16.237389501923928 ], [ 34.815369487312068, -16.239349484391141 ], [ 34.815549555867335, -16.23974957748095 ], [ 34.816319467269636, -16.242049454218886 ], [ 34.81649953582496, -16.242519603596804 ], [ 34.817449514883265, -16.243889566949917 ], [ 34.817869499178073, -16.244189505241422 ], [ 34.819589565905801, -16.245279596875832 ], [ 34.820229574735151, -16.245459489164034 ], [ 34.820899506706894, -16.245509478879285 ], [ 34.822689453455553, -16.245629523983325 ], [ 34.823159602833471, -16.245689547434608 ], [ 34.823639608780979, -16.245689547434608 ], [ 34.825959552091717, -16.246199477423886 ], [ 34.82660959375778, -16.24631952252787 ], [ 34.824829504478089, -16.250169607441364 ], [ 34.824649612189887, -16.250979474822884 ], [ 34.824529566186584, -16.251439591364033 ], [ 34.823449507388887, -16.254599501465748 ], [ 34.823269615100685, -16.254999595454933 ], [ 34.82309958028145, -16.255639603384964 ], [ 34.822909477990095, -16.256319569092796 ], [ 34.822549518045889, -16.258339574112028 ], [ 34.822439504879299, -16.258859536938019 ], [ 34.822259612591097, -16.259439522316029 ], [ 34.82129959979676, -16.261789565036338 ], [ 34.821119531241436, -16.262299495025616 ], [ 34.821059508689416, -16.262709445584392 ], [ 34.820699547845891, -16.263629501500247 ], [ 34.820519479290567, -16.264499568600172 ], [ 34.820219540999062, -16.265469614231279 ] ] ] ] } },
{ "type": "Feature", "properties": { "SitRecID": 6684, "Country": "Malawi", "ISO3": "MWI", "NatName": "Malawi Hills Forest Reserve", "IntName": "Malawi Hills Forest Reserve", "SitLat": -16.9238325643, "SitLong": 35.209647973099997, "IbaStatus": "confirmed", "AzeStatus": null, "AddedDate": "2008-12-08", "ChangeDate": null, "Source": "IBA directory description", "DelTxt": "Digitised from Google Earth imagery based on interpretation of IBA directory", "DelGeom": "3. draft polygon", "Shape_Leng": 0.12532022361, "Shape_Area": 0.00059618639, "GISArea": 703.0, "KBA_Qual": "Global/ Regional to be determined", "LegacyKBA": "confirmed", "Trigger Ecosystems": null }, "geometry": { "type": "MultiPolygon", "coordinates": [ [ [ [ 35.192880555593206, -16.933086573686353 ], [ 35.193352464944326, -16.92921959141097 ], [ 35.194495538338458, -16.93073459472572 ], [ 35.195888560308845, -16.930840559144428 ], [ 35.19697847567619, -16.930195445763161 ], [ 35.198534492572833, -16.928720574694694 ], [ 35.200523517746205, -16.92447761375081 ], [ 35.200193480944449, -16.922868615094444 ], [ 35.201530528211379, -16.921473480616612 ], [ 35.203373456719703, -16.920776617546835 ], [ 35.205982601316066, -16.919484455443239 ], [ 35.207389528603926, -16.918258476247615 ], [ 35.208403579861397, -16.916767587354229 ], [ 35.207804583714619, -16.915974617334655 ], [ 35.207681545666844, -16.914983448427336 ], [ 35.208398475309423, -16.913343470824486 ], [ 35.209487510240479, -16.911731480123649 ], [ 35.211562609526879, -16.908567521274051 ], [ 35.217067457796986, -16.906762612504508 ], [ 35.223146483623395, -16.904146604282289 ], [ 35.225238481171004, -16.904193601053805 ], [ 35.22741954397685, -16.90447646481698 ], [ 35.227865578933347, -16.905469569964623 ], [ 35.22840155958437, -16.906757507952591 ], [ 35.229706571201348, -16.906986509519754 ], [ 35.229900545074145, -16.908223578255502 ], [ 35.227716489324564, -16.911665472583422 ], [ 35.222752550889538, -16.9166614466684 ], [ 35.220638551428067, -16.920159491966956 ], [ 35.216201615712066, -16.925327614277933 ], [ 35.209454595053558, -16.932970576430932 ], [ 35.203905565789285, -16.940674618738626 ], [ 35.202254498646255, -16.944237613974678 ], [ 35.200392559369163, -16.947256532862639 ], [ 35.197296544300116, -16.945900474826999 ], [ 35.195615553115317, -16.944322456016494 ], [ 35.193974518809057, -16.941555598212233 ], [ 35.193106565115954, -16.936312491328351 ], [ 35.192880555593206, -16.933086573686353 ] ] ] ] } },
{ "type": "Feature", "properties": { "SitRecID": 28643, "Country": "Malawi", "ISO3": "MWI", "NatName": "Zomba Mountains", "IntName": "Zomba Mountains", "SitLat": -15.278754322099999, "SitLong": 35.312388861800002, "IbaStatus": null, "AzeStatus": null, "AddedDate": "2011-08-29", "ChangeDate": null, "Source": "Coordinates of site endemic Plant data from Quentin Luke, July 2011 co-oincide, WDPA 2010", "DelTxt": null, "DelGeom": "3. draft polygon", "Shape_Leng": 0.48693200022, "Shape_Area": 0.01232713087, "GISArea": 14651.0, "KBA_Qual": "Global/ Regional to be determined", "LegacyKBA": null, "Trigger Ecosystems": null }, "geometry": { "type": "MultiPolygon", "coordinates": [ [ [ [ 35.339549540179178, -15.289309552793554 ], [ 35.341919473205166, -15.289769492168261 ], [ 35.343819608488218, -15.289309552793554 ], [ 35.34572960124018, -15.289309552793554 ], [ 35.349039480487704, -15.28861955424901 ], [ 35.351909486034003, -15.289319585630324 ], [ 35.35404953705654, -15.290469523549632 ], [ 35.35474956843791, -15.292319493749574 ], [ 35.355699547496158, -15.295079487028659 ], [ 35.355929605766732, -15.297389572870429 ], [ 35.355689514659446, -15.300139532413425 ], [ 35.355669448086587, -15.303369498803306 ], [ 35.354959560135626, -15.305669551808307 ], [ 35.354479553288797, -15.307739546542791 ], [ 35.353529573331173, -15.310499539821876 ], [ 35.353289482223886, -15.312339476285729 ], [ 35.352339502266261, -15.313959563582955 ], [ 35.352569560536836, -15.316019525480669 ], [ 35.352079520853238, -15.319019609867041 ], [ 35.351609547742498, -15.321779603146126 ], [ 35.350169529000596, -15.323609505873947 ], [ 35.348509483925568, -15.325919592615037 ], [ 35.347789563137894, -15.327979553613488 ], [ 35.346359576333441, -15.329369583539403 ], [ 35.344689499320964, -15.330509488621942 ], [ 35.3432695462526, -15.332349601352973 ], [ 35.341839560347466, -15.334189537816883 ], [ 35.340409573543013, -15.335569534906085 ], [ 35.339209469641389, -15.337179589366485 ], [ 35.33800954200683, -15.339479466104422 ], [ 35.336589588938409, -15.34177951910948 ], [ 35.335399517873498, -15.343619455573389 ], [ 35.33443950507916, -15.345229510033789 ], [ 35.332769603434485, -15.347059589928108 ], [ 35.330869468151491, -15.34890955922873 ], [ 35.328729593396076, -15.350519613689187 ], [ 35.326809567807345, -15.352119459045753 ], [ 35.324909607892153, -15.353269574131502 ], [ 35.323249563716445, -15.354879452324838 ], [ 35.320869597853687, -15.356249591945073 ], [ 35.319199520841266, -15.357179505329839 ], [ 35.31633954813168, -15.358319586679556 ], [ 35.313979472574658, -15.358549468683009 ], [ 35.311589473875188, -15.358999551488068 ], [ 35.308979449741855, -15.358769493217494 ], [ 35.306829541250409, -15.359229609758643 ], [ 35.304939615071248, -15.359229609758643 ], [ 35.301359545306809, -15.360369514841182 ], [ 35.298979579444108, -15.361289571656357 ], [ 35.297079619528859, -15.36104948054907 ], [ 35.295169451409095, -15.360809564809529 ], [ 35.292799518383106, -15.360129600001017 ], [ 35.290179461413061, -15.359189477512359 ], [ 35.287329522439563, -15.358269596964305 ], [ 35.285429562524371, -15.357809480423157 ], [ 35.282819538391038, -15.35734954014913 ], [ 35.280449606264369, -15.355959511122478 ], [ 35.277829549294324, -15.355489538011739 ], [ 35.275699531108501, -15.353879482651962 ], [ 35.273079474138456, -15.351339514806739 ], [ 35.273799572092628, -15.351339514806739 ], [ 35.271659521070092, -15.350649517161457 ], [ 35.269999476894384, -15.34948954550606 ], [ 35.268339608985798, -15.348339606687432 ], [ 35.267379596191461, -15.346729552227032 ], [ 35.265719551116433, -15.345799462575087 ], [ 35.264059506940725, -15.344189584381752 ], [ 35.261689574814056, -15.343029612726411 ], [ 35.261209567967228, -15.340949584255839 ], [ 35.260749452325399, -15.339119505260896 ], [ 35.26027947831534, -15.336579537415673 ], [ 35.259799472367831, -15.334509542681189 ], [ 35.259809505204544, -15.332439547946763 ], [ 35.259579446933969, -15.33035951947619 ], [ 35.258869558983008, -15.328059466471132 ], [ 35.258879591819777, -15.324609475546822 ], [ 35.259349564930517, -15.322529447975626 ], [ 35.259359598666606, -15.320689511511716 ], [ 35.259839604614115, -15.318389458506658 ], [ 35.259849462083082, -15.316329496608944 ], [ 35.260799617408452, -15.313559470493146 ], [ 35.261039533147994, -15.311499508595375 ], [ 35.261529571932272, -15.309419481024179 ], [ 35.261999545942331, -15.306659487745094 ], [ 35.262489585625929, -15.304359611007214 ], [ 35.262729500466151, -15.302509465439414 ], [ 35.263209507312979, -15.300669528975561 ], [ 35.264169520107316, -15.298369475970503 ], [ 35.264889617162169, -15.295619516427507 ], [ 35.265369447741875, -15.292389550037683 ], [ 35.265849454588704, -15.289629556758598 ], [ 35.267279616760959, -15.287109479219055 ], [ 35.268009571284722, -15.284809602481118 ], [ 35.268479544395518, -15.282959456014055 ], [ 35.270159478876906, -15.279509465089689 ], [ 35.270629451987645, -15.277669528625779 ], [ 35.271819523052613, -15.275139593617325 ], [ 35.273019451586492, -15.273069598882842 ], [ 35.27397946438083, -15.271459544422385 ], [ 35.275409450285963, -15.269389549687901 ], [ 35.276359606510709, -15.2670894966829 ], [ 35.277779559579074, -15.26524956021899 ], [ 35.279449460324372, -15.262499599776675 ], [ 35.280649564226053, -15.259509549126335 ], [ 35.282089583867275, -15.256979614117824 ], [ 35.282809505554269, -15.254669528276054 ], [ 35.284239491459402, -15.251219536452425 ], [ 35.285199504253796, -15.248929517183399 ], [ 35.286389575318708, -15.246399582174945 ], [ 35.287109497005758, -15.244099529169887 ], [ 35.289009456920951, -15.241329503054089 ], [ 35.291399455620422, -15.238109570400297 ], [ 35.292839475261644, -15.235129551687407 ], [ 35.293079566368931, -15.232589583842184 ], [ 35.294029546326556, -15.230529446576668 ], [ 35.294269461166778, -15.228679476376669 ], [ 35.294029546326556, -15.226149541368216 ], [ 35.294039579163325, -15.224309604904306 ], [ 35.293819554628783, -15.221779494527993 ], [ 35.293329514945185, -15.219469584054025 ], [ 35.292869574671158, -15.217629471322994 ], [ 35.292879607507928, -15.215329594585057 ], [ 35.291929452182501, -15.213249567013861 ], [ 35.291689536443016, -15.211179572279377 ], [ 35.291469511908474, -15.208419579000349 ], [ 35.291469511908474, -15.204959554339894 ], [ 35.291709603015818, -15.202659502234212 ], [ 35.29194951785604, -15.200369482065923 ], [ 35.292209499269006, -15.197829514220643 ], [ 35.292919564386466, -15.195999610593503 ], [ 35.2931695120634, -15.192999526207132 ], [ 35.294119492020968, -15.190239532928047 ], [ 35.296019451936218, -15.188859536738164 ], [ 35.297449614108473, -15.187249482277764 ], [ 35.299349573124346, -15.186339459198621 ], [ 35.301729538987104, -15.18564946065402 ], [ 35.30386959000964, -15.185659494390109 ], [ 35.306479614142916, -15.185879518924594 ], [ 35.308379573158845, -15.185889551761363 ], [ 35.310759539021547, -15.186589583142677 ], [ 35.313139504884305, -15.1875194965275 ], [ 35.315269523070072, -15.187979613068649 ], [ 35.318349520314143, -15.188899493616702 ], [ 35.320719452440812, -15.190289522643297 ], [ 35.322859503463349, -15.191439461461925 ], [ 35.32476949621531, -15.191909610839843 ], [ 35.326659598661593, -15.192829491387897 ], [ 35.329039564524351, -15.19397960557427 ], [ 35.330699608700058, -15.19536945923312 ], [ 35.333069541726047, -15.196529606256263 ], [ 35.335209591849264, -15.198369543619492 ], [ 35.337099518028367, -15.199299457004315 ], [ 35.340189549008528, -15.20113956973529 ], [ 35.343519494828854, -15.202529598761942 ], [ 35.345179539004562, -15.20367953758057 ], [ 35.347789563137894, -15.204829475499821 ], [ 35.350639502111392, -15.206219505425793 ], [ 35.352539461127265, -15.208069475625734 ], [ 35.354429563573547, -15.209679530086191 ], [ 35.355619458371336, -15.211519466550101 ], [ 35.356559580859994, -15.213369612117845 ], [ 35.357039587706879, -15.215439606852328 ], [ 35.357979533928415, -15.217279544215558 ], [ 35.358459540775243, -15.219359571786754 ], [ 35.35891948104927, -15.221199508250663 ], [ 35.359399486996779, -15.223729443259174 ], [ 35.358909448212501, -15.225569555990148 ], [ 35.359859603537927, -15.227419526190147 ], [ 35.360099518378149, -15.229709545459116 ], [ 35.36008948554138, -15.231559515659058 ], [ 35.36008948554138, -15.234089449768248 ], [ 35.360319543811954, -15.23592956249928 ], [ 35.360319543811954, -15.237769499862509 ], [ 35.360789516922694, -15.239609612593483 ], [ 35.361019575193268, -15.241689463897615 ], [ 35.360789516922694, -15.243759458632042 ], [ 35.360779484085981, -15.245609604199842 ], [ 35.361019575193268, -15.247439507826982 ], [ 35.36124945719672, -15.249749594568073 ], [ 35.361009542356555, -15.252279528677263 ], [ 35.360999508620466, -15.254799607116126 ], [ 35.360759593780301, -15.256639543580036 ], [ 35.360509468936868, -15.259639451699286 ], [ 35.36002946298936, -15.26148959726703 ], [ 35.359319574139079, -15.263549559164801 ], [ 35.358609509920996, -15.265389495628654 ], [ 35.357889588233945, -15.267229608359685 ], [ 35.356459602328812, -15.268849520289109 ], [ 35.35454960957685, -15.270449541912797 ], [ 35.352409558554314, -15.272059596373253 ], [ 35.350509599538441, -15.27297947692125 ], [ 35.348369548515905, -15.273659617996941 ], [ 35.34574949154586, -15.274579497645675 ], [ 35.343369525683102, -15.275259463353507 ], [ 35.340759501549826, -15.276879550650676 ], [ 35.339079567068438, -15.278709454277873 ], [ 35.338129587110814, -15.281009507282874 ], [ 35.336939516045902, -15.283089534854128 ], [ 35.336219594358852, -15.285159529588555 ], [ 35.335499497303999, -15.286989609482873 ], [ 35.337169574316476, -15.288609521412241 ], [ 35.339549540179178, -15.289309552793554 ] ] ] ] } },
{ "type": "Feature", "properties": { "SitRecID": 29368, "Country": "Malawi", "ISO3": "MWI", "NatName": "Dedza Forest Reserve", "IntName": "Dedza Forest Reserve", "SitLat": -14.2791023685, "SitLong": 34.237581291700003, "IbaStatus": null, "AzeStatus": null, "AddedDate": "2011-05-24", "ChangeDate": null, "Source": "Digitized based on coordinate and imagery information", "DelTxt": null, "DelGeom": "3. draft polygon", "Shape_Leng": 0.7352167419, "Shape_Area": 0.01580305475, "GISArea": 18866.0, "KBA_Qual": "Global/ Regional to be determined", "LegacyKBA": null, "Trigger Ecosystems": null }, "geometry": { "type": "MultiPolygon", "coordinates": [ [ [ [ 34.258794544932357, -14.249267445735995 ], [ 34.265077577468276, -14.260036523266876 ], [ 34.2645514533869, -14.272441529652838 ], [ 34.263719583192255, -14.291957567187922 ], [ 34.267114479849397, -14.302823455837768 ], [ 34.280698468659466, -14.311653497011207 ], [ 34.274225510998576, -14.321615522937975 ], [ 34.267465463660244, -14.332014605889299 ], [ 34.253530491938704, -14.339498446496066 ], [ 34.242353576356493, -14.345504599357753 ], [ 34.234224446101337, -14.349874471729436 ], [ 34.218214550461198, -14.340179468007989 ], [ 34.20463355459492, -14.340179468007989 ], [ 34.20463355459492, -14.326992580243314 ], [ 34.19444446334137, -14.317087584824151 ], [ 34.184778503225402, -14.307689527349737 ], [ 34.177221614286111, -14.300342453841154 ], [ 34.171236582902054, -14.294521474086707 ], [ 34.172712510673875, -14.278373578377909 ], [ 34.167955570992831, -14.270902587284525 ], [ 34.166597576716867, -14.257320535614156 ], [ 34.152341544326873, -14.258745593234494 ], [ 34.15112859091181, -14.246593526569939 ], [ 34.159807607135406, -14.235586470439216 ], [ 34.167386498887879, -14.225973492082971 ], [ 34.175920474250518, -14.215148617015018 ], [ 34.1815395598029, -14.198911478881598 ], [ 34.185811564352264, -14.186565615510688 ], [ 34.19444446334137, -14.179895514766145 ], [ 34.204439580722124, -14.17217052634868 ], [ 34.212781518452346, -14.17242452367276 ], [ 34.2233215935168, -14.172744527637803 ], [ 34.228834539282616, -14.189016517198468 ], [ 34.226366563066506, -14.202985461709659 ], [ 34.231325573216679, -14.214797456937049 ], [ 34.239271466604976, -14.220645544056595 ], [ 34.244211466885758, -14.235055594340167 ], [ 34.257608522615271, -14.23898347960386 ], [ 34.258794544932357, -14.249267445735995 ] ] ], [ [ [ 34.34292046920433, -14.3661265700851 ], [ 34.328920545746655, -14.374137590577277 ], [ 34.318052544589307, -14.372777484693131 ], [ 34.307867502083582, -14.378890481510496 ], [ 34.299108572102966, -14.364295610653869 ], [ 34.305295498588464, -14.349403441915285 ], [ 34.30870254058982, -14.341205488342553 ], [ 34.315336556936586, -14.325237484921956 ], [ 34.315336556936586, -14.312332582282806 ], [ 34.315336556936586, -14.299938488270584 ], [ 34.315336556936586, -14.289049541003465 ], [ 34.333356600127047, -14.289049541003465 ], [ 34.347936509862109, -14.317766493828572 ], [ 34.356054550577085, -14.333753507118615 ], [ 34.347936509862109, -14.353761520577677 ], [ 34.34292046920433, -14.3661265700851 ] ] ] ] } },
{ "type": "Feature", "properties": { "SitRecID": 6672, "Country": "Malawi", "ISO3": "MWI", "NatName": "Ntchisi Mountain Forest Reserve", "IntName": "Ntchisi Mountain Forest Reserve", "SitLat": -13.319718185399999, "SitLong": 34.043509541200002, "IbaStatus": "confirmed", "AzeStatus": null, "AddedDate": "2005-12-05", "ChangeDate": "2014-10-06", "Source": "RSPB / Birdlife International / Google Earth Imagery", "DelTxt": "The original boundary created by Paul Britten, RSPB, was replaced in October 2014 as it was found to be significantly shifted from a forest area of the same shap clearly visible in GE", "DelGeom": "3. draft polygon", "Shape_Leng": 0.51895421343000003, "Shape_Area": 0.00805288324, "GISArea": 9653.0, "KBA_Qual": "Global/ Regional to be determined", "LegacyKBA": "confirmed", "Trigger Ecosystems": null }, "geometry": { "type": "MultiPolygon", "coordinates": [ [ [ [ 34.013396531025137, -13.320307255075704 ], [ 34.01557377261156, -13.316224927438384 ], [ 34.01557377261156, -13.313095142826512 ], [ 34.015845927247824, -13.310645745704562 ], [ 34.017206703126874, -13.309012814289929 ], [ 34.019383945612674, -13.302208933995075 ], [ 34.020336488638065, -13.297718373504097 ], [ 34.019383945612674, -13.29118664784545 ], [ 34.018431401687906, -13.289009406259026 ], [ 34.019520022930749, -13.288056863233578 ], [ 34.019792178466332, -13.285471388793496 ], [ 34.019111790077091, -13.280436517231465 ], [ 34.019928255784407, -13.278531431180568 ], [ 34.022921963078204, -13.28002828437775 ], [ 34.024282738957311, -13.279892207059675 ], [ 34.024690971810969, -13.276898499765878 ], [ 34.026323903225602, -13.275673801204903 ], [ 34.028909377665684, -13.276218111376693 ], [ 34.030134076226716, -13.2786675084987 ], [ 34.031767007641349, -13.2775788872558 ], [ 34.032719550666798, -13.274040869790269 ], [ 34.032447395131214, -13.271727550885714 ], [ 34.033399938156663, -13.270638929642871 ], [ 34.035032869571353, -13.271183239814604 ], [ 34.035441102425011, -13.272952249446689 ], [ 34.036801878304118, -13.272680093911163 ], [ 34.038434809718751, -13.272544016593031 ], [ 34.039523430961594, -13.270366775006607 ], [ 34.038979119890541, -13.267645222349074 ], [ 34.041292439694416, -13.268869920910049 ], [ 34.043197525745256, -13.269822463935498 ], [ 34.043877914134498, -13.268189532520864 ], [ 34.046599465892712, -13.269686386617423 ], [ 34.048504552842871, -13.270094619471081 ], [ 34.049048863014661, -13.272680093911163 ], [ 34.050681794429295, -13.274857335497586 ], [ 34.050953949964878, -13.273360482300347 ], [ 34.052859036015775, -13.273632636936611 ], [ 34.053267268869433, -13.272407938375636 ], [ 34.051770414772875, -13.271999705521921 ], [ 34.05054571711122, -13.270911085178398 ], [ 34.05109002728301, -13.269958542152949 ], [ 34.05353942440496, -13.269822463935498 ], [ 34.053131191551302, -13.267781299667206 ], [ 34.052722958697643, -13.265059747908992 ], [ 34.05462804474854, -13.262882506322569 ], [ 34.055716665991383, -13.261657807761594 ], [ 34.056124898845042, -13.263835049348017 ], [ 34.056124898845042, -13.265059747908992 ], [ 34.05816606221407, -13.264107204883544 ], [ 34.06115976950781, -13.262610350786986 ], [ 34.063745243947892, -13.262338196150779 ], [ 34.06578640821624, -13.261657807761594 ], [ 34.069188348363639, -13.259616643493246 ], [ 34.071365589950062, -13.257847634760481 ], [ 34.070549124242746, -13.256759014416957 ], [ 34.070276969606539, -13.254581772830534 ], [ 34.072045978339304, -13.254037461759424 ], [ 34.073270676900279, -13.256350781563299 ], [ 34.074631452779386, -13.254717850148609 ], [ 34.075856151340361, -13.254173539976819 ], [ 34.077489082754994, -13.255126083002267 ], [ 34.081571410392314, -13.255942548709584 ], [ 34.083204341807004, -13.255806470492189 ], [ 34.085245506075296, -13.254853927466741 ], [ 34.086198049100744, -13.255126083002267 ], [ 34.087422747661719, -13.253357074269502 ], [ 34.088919600858958, -13.252268453026659 ], [ 34.089872144783726, -13.250907677147552 ], [ 34.091913308152698, -13.25077159982942 ], [ 34.092049386370149, -13.252268453026659 ], [ 34.093410162249256, -13.253629228905766 ], [ 34.094634860810231, -13.253493151587634 ], [ 34.097356412568445, -13.253357074269502 ], [ 34.09912542130121, -13.252812763198392 ], [ 34.098445033811288, -13.255126083002267 ], [ 34.098853266665003, -13.255806470492189 ], [ 34.100214042544053, -13.254581772830534 ], [ 34.101302662887633, -13.253493151587634 ], [ 34.103071672519718, -13.255126083002267 ], [ 34.104432448398825, -13.254717850148609 ], [ 34.1056571469598, -13.25376530712316 ], [ 34.107017922838907, -13.254581772830534 ], [ 34.105929301596063, -13.255942548709584 ], [ 34.105248914106141, -13.257847634760481 ], [ 34.107017922838907, -13.258800177785929 ], [ 34.108106543182487, -13.258255867614139 ], [ 34.109467319960913, -13.259480566175171 ], [ 34.111508483329885, -13.258936256003381 ], [ 34.113141414744518, -13.260841342054221 ], [ 34.111916716183543, -13.262202117933327 ], [ 34.109603397278988, -13.263018583640701 ], [ 34.109603397278988, -13.265331903444519 ], [ 34.10919516442533, -13.266556602005551 ], [ 34.107426155692565, -13.265876213616309 ], [ 34.10620145713159, -13.266284446469967 ], [ 34.104840681252483, -13.268053455202732 ], [ 34.104296370181373, -13.269414231081839 ], [ 34.10266343966606, -13.269550309299291 ], [ 34.099941887008526, -13.270094619471081 ], [ 34.09912542130121, -13.270911085178398 ], [ 34.099941887008526, -13.273088326764821 ], [ 34.099805809690395, -13.27458517996206 ], [ 34.098853266665003, -13.275401645669376 ], [ 34.097084257932238, -13.274449102643928 ], [ 34.096267792224864, -13.272544016593031 ], [ 34.094634860810231, -13.272271861057504 ], [ 34.093410162249256, -13.272952249446689 ], [ 34.092865852077466, -13.274313025325796 ], [ 34.091368997980908, -13.274449102643928 ], [ 34.089736066566275, -13.274449102643928 ], [ 34.0885113680053, -13.275673801204903 ], [ 34.089191756394484, -13.277170654402141 ], [ 34.089327833712616, -13.278123198326909 ], [ 34.087967057833509, -13.278123198326909 ], [ 34.0885113680053, -13.279756129741543 ], [ 34.087422747661719, -13.280980827403198 ], [ 34.087014514808061, -13.282885914353415 ], [ 34.088375290687168, -13.286015698965286 ], [ 34.089055679076353, -13.288329018769161 ], [ 34.087558824979851, -13.290370182138133 ], [ 34.089055679076353, -13.29227526908835 ], [ 34.090280377637384, -13.294724666210357 ], [ 34.089872144783726, -13.298126606357755 ], [ 34.089872144783726, -13.301936778459492 ], [ 34.088783523540826, -13.305746951460605 ], [ 34.089463911930068, -13.307652038410822 ], [ 34.088239213369036, -13.30806027126448 ], [ 34.084837273221638, -13.306291262531715 ], [ 34.083340419125079, -13.308332425900687 ], [ 34.082796108953289, -13.30996535731532 ], [ 34.083748651978738, -13.312278677119195 ], [ 34.081979643245973, -13.31350337568017 ], [ 34.081843565927898, -13.315408461731067 ], [ 34.081027100220524, -13.317449625999416 ], [ 34.078033392926784, -13.316905314928306 ], [ 34.077216927219467, -13.318130013489281 ], [ 34.076128305976567, -13.319626867585839 ], [ 34.075039685633044, -13.322348419344053 ], [ 34.074631452779386, -13.326702902516899 ], [ 34.073542831536486, -13.32969660981064 ], [ 34.072045978339304, -13.333098549958095 ], [ 34.070276969606539, -13.334595404054596 ], [ 34.070549124242746, -13.336228335469286 ], [ 34.071637745485646, -13.337453034030261 ], [ 34.070821279778272, -13.338677731691917 ], [ 34.068780115509981, -13.338541654373785 ], [ 34.06823580533819, -13.340446741324001 ], [ 34.068916193727432, -13.342215750056766 ], [ 34.067827572484532, -13.342896137546688 ], [ 34.067283262312742, -13.345073379133112 ], [ 34.065650330898109, -13.347386698936987 ], [ 34.063881322165344, -13.347794931790645 ], [ 34.062656623604369, -13.347114543401403 ], [ 34.061976235215127, -13.345753767522297 ], [ 34.06007114916423, -13.345889844840428 ], [ 34.058710373285123, -13.347658854472513 ], [ 34.056260976163173, -13.349427863205278 ], [ 34.055172354920273, -13.351741182109834 ], [ 34.054491967430408, -13.3550070449391 ], [ 34.051770414772875, -13.359361528112004 ], [ 34.049184940332793, -13.362355235405744 ], [ 34.048232397307345, -13.364940709845825 ], [ 34.046599465892712, -13.367934417139566 ], [ 34.044150069670025, -13.370655968897779 ], [ 34.040203818451516, -13.372833210484202 ], [ 34.0393873527442, -13.375826917777999 ], [ 34.037890499546961, -13.377595927410084 ], [ 34.03584933527867, -13.379092780607266 ], [ 34.032447395131214, -13.381542177729273 ], [ 34.030814463716581, -13.383991574851279 ], [ 34.029045454983816, -13.383991574851279 ], [ 34.027276446251051, -13.384944117876671 ], [ 34.026187825907471, -13.38644097107391 ], [ 34.023466273249937, -13.384808040558596 ], [ 34.021833341835304, -13.384127652169354 ], [ 34.018159247051642, -13.384127652169354 ], [ 34.013396531025137, -13.384944117876671 ], [ 34.009994590877739, -13.386849203927568 ], [ 34.00311220696284, -13.387364126053512 ], [ 34.001367270383298, -13.385896660902119 ], [ 33.997965330235843, -13.384263729487486 ], [ 33.994563390088445, -13.383991574851279 ], [ 33.991705760112779, -13.382630798072853 ], [ 33.989120285672698, -13.381133944875614 ], [ 33.988575975500908, -13.378004160263743 ], [ 33.988167742647249, -13.373785754408971 ], [ 33.987079122303726, -13.371744590140679 ], [ 33.985718345525299, -13.370928124433362 ], [ 33.985854423742694, -13.368342649993281 ], [ 33.987487355157384, -13.365621098235067 ], [ 33.986670889450068, -13.363852088602982 ], [ 33.987759509793591, -13.361130536844769 ], [ 33.989256363890149, -13.35718428652558 ], [ 33.990481062451124, -13.352421570499018 ], [ 33.990889294405463, -13.349972173377068 ], [ 33.991569682794704, -13.34793100910872 ], [ 33.993066536891206, -13.345209457350506 ], [ 33.994155157234786, -13.3438486814714 ], [ 33.996740631674868, -13.34139928434945 ], [ 33.998373563089501, -13.341807517203108 ], [ 33.999190028796818, -13.34194359452124 ], [ 33.999053951478743, -13.339494197399233 ], [ 33.999598261650533, -13.338813809909368 ], [ 34.001231193065166, -13.340174585788475 ], [ 34.0028641244798, -13.33840557705571 ], [ 34.004769210530696, -13.337180878494678 ], [ 34.006266063727935, -13.33269031710438 ], [ 34.007638581155675, -13.328594756842506 ], [ 34.009663140341729, -13.328116268051303 ], [ 34.012097755307195, -13.327540865618403 ], [ 34.013499462929929, -13.327209583255637 ], [ 34.013342099558315, -13.323981350758686 ], [ 34.012933866704657, -13.323028807733237 ], [ 34.013396531025137, -13.320307255075704 ] ] ] ] } },
{ "type": "Feature", "properties": { "SitRecID": 47058, "Country": "Malawi", "ISO3": "MWI", "NatName": "Malawi Hill", "IntName": "Malawi Hill", "SitLat": -16.977876025699999, "SitLong": 35.144986944099998, "IbaStatus": null, "AzeStatus": "confirmed", "AddedDate": "2018-11-21", "ChangeDate": null, "Source": "Tolley, K., Menegon, M. & Plumptre, A. 2014. Rhampholeon chapmanorum. The IUCN Red List of Threatened Species 2014: e.T172568A1345654. http://dx.doi.org/10.2305/IUCN.UK.2014-3.RLTS.T172568A1345654.en. Downloaded on 15 November 2016.", "DelTxt": "Based on species distribution map", "DelGeom": "3. draft polygon", "Shape_Leng": 0.05682884686, "Shape_Area": 5.009076e-05, "GISArea": 59.0, "KBA_Qual": "Global", "LegacyKBA": null, "Trigger Ecosystems": null }, "geometry": { "type": "MultiPolygon", "coordinates": [ [ [ [ 35.151294341160963, -16.975095994684352 ], [ 35.149636551585616, -16.977191191120539 ], [ 35.149103689783487, -16.977134564408573 ], [ 35.147090659006778, -16.975124308040336 ], [ 35.149044482916622, -16.973680307999757 ], [ 35.151649582362381, -16.97110373055267 ], [ 35.154965162412395, -16.968838578437612 ], [ 35.157037400056026, -16.966913177601043 ], [ 35.15822153649475, -16.965412483399348 ], [ 35.159287258300367, -16.96563900373701 ], [ 35.159405672034211, -16.96688486244642 ], [ 35.157955106043346, -16.968159027317199 ], [ 35.157274227523658, -16.968781949027687 ], [ 35.15597167825041, -16.969829585466925 ], [ 35.154343491658892, -16.971188673318579 ], [ 35.152892924768707, -16.973595366133168 ], [ 35.151294341160963, -16.975095994684352 ] ] ], [ [ [ 35.132158036963915, -16.989465616844711 ], [ 35.131759067127291, -16.990171497416611 ], [ 35.131240406519623, -16.990762909580553 ], [ 35.130622003902431, -16.991678639757367 ], [ 35.130183137441918, -16.99152601851091 ], [ 35.129325352383148, -16.990762909580553 ], [ 35.129564733925406, -16.989942563298598 ], [ 35.129026125455368, -16.989999797052974 ], [ 35.128307979929389, -16.990228731170987 ], [ 35.127928958854397, -16.989847174007821 ], [ 35.127769370560031, -16.989064980564365 ], [ 35.128387774076543, -16.988988668592128 ], [ 35.129983652523606, -16.988511719440282 ], [ 35.131335161788343, -16.987288679229096 ], [ 35.132470088224068, -16.985238451593204 ], [ 35.133714018786975, -16.984657923923976 ], [ 35.134492008799214, -16.98496317810816 ], [ 35.134591751708001, -16.985955249934818 ], [ 35.134611700469634, -16.986661144895891 ], [ 35.1342326793947, -16.987443348231864 ], [ 35.13351453386872, -16.988053846707601 ], [ 35.132158036963915, -16.989465616844711 ] ] ] ] } },
{ "type": "Feature", "properties": { "SitRecID": 6680, "Country": "Malawi", "ISO3": "MWI", "NatName": "Mount Mulanje Forest Reserve", "IntName": "Mount Mulanje Forest Reserve", "SitLat": -15.9221751381, "SitLong": 35.645005143500001, "IbaStatus": "confirmed", "AzeStatus": "confirmed", "AddedDate": "2011-07-04", "ChangeDate": null, "Source": "Farjon, A. 2013. Widdringtonia whytei. The IUCN Red List of Threatened Species 2013: e.T33216A2835167. http://dx.doi.org/10.2305/IUCN.UK.2013-1.RLTS.T33216A2835167.en.; Tolley, K. 2014. Nadzikambia mlanjensis. The IUCN Red List of Threatened Species 20", "DelTxt": "No change from existing AZE", "DelGeom": "3. draft polygon", "Shape_Leng": 1.1640494565, "Shape_Area": 0.05060256164, "GISArea": 59958.0, "KBA_Qual": "Global", "LegacyKBA": "confirmed", "Trigger Ecosystems": "Lake Chiuta Catchment Rivers\n" }, "geometry": { "type": "MultiPolygon", "coordinates": [ [ [ [ 35.705450507435046, -15.757089465306535 ], [ 35.723680543222542, -15.760259585411518 ], [ 35.725282500187291, -15.759630489855169 ], [ 35.726060509085301, -15.759510443851866 ], [ 35.735979585189739, -15.763278503400159 ], [ 35.740179598109989, -15.758378459098537 ], [ 35.743272620235302, -15.760728501818846 ], [ 35.748899450749093, -15.776359603013248 ], [ 35.748971618645328, -15.781068488320045 ], [ 35.751371474813766, -15.803779464550587 ], [ 35.750562486969272, -15.809579498195262 ], [ 35.748331610715297, -15.819129461055752 ], [ 35.748102608248814, -15.820049516971608 ], [ 35.746820478981988, -15.829019493554711 ], [ 35.746759575993678, -15.829420467980185 ], [ 35.740652563265257, -15.831569496035343 ], [ 35.736440582167177, -15.851650556927609 ], [ 35.732072470668015, -15.856538454985639 ], [ 35.743791527257201, -15.865999527955807 ], [ 35.746561553373056, -15.875358509887292 ], [ 35.750581497737983, -15.887079502716858 ], [ 35.751672468909362, -15.894720530428117 ], [ 35.751729499416911, -15.895299459102716 ], [ 35.753431612978602, -15.906438530313892 ], [ 35.753671527818824, -15.907649546589255 ], [ 35.75580048930118, -15.921049595262559 ], [ 35.756479574572779, -15.926959465806647 ], [ 35.761831461652662, -15.939981598671807 ], [ 35.765199602579628, -15.942230605258203 ], [ 35.765611490278104, -15.94320857211784 ], [ 35.76527247644367, -15.944759483563246 ], [ 35.764970601012465, -15.945569528111207 ], [ 35.764516468560203, -15.946491520267386 ], [ 35.772420470628276, -15.965188537121264 ], [ 35.778081448400201, -15.985769495166039 ], [ 35.778520617932202, -15.999969552852519 ], [ 35.775697610056739, -16.009189478911253 ], [ 35.778642600175885, -16.028829610298203 ], [ 35.767740451760517, -16.038469519752482 ], [ 35.767019473370055, -16.037948500223081 ], [ 35.742799478812969, -16.044460534326163 ], [ 35.723581619596132, -16.036579592674002 ], [ 35.723215498396598, -16.036336510421563 ], [ 35.721601570556061, -16.035978484919099 ], [ 35.709569550794185, -16.028108457439316 ], [ 35.706499586386826, -16.022830497329551 ], [ 35.696752481342003, -16.014629551712403 ], [ 35.686521496969533, -15.993040527398364 ], [ 35.679849459984666, -15.985528523622406 ], [ 35.675153599558996, -15.980249508607869 ], [ 35.672559593250696, -15.979028458596417 ], [ 35.662061586672962, -15.978498462034338 ], [ 35.647329596183965, -15.982358579784602 ], [ 35.63099846540689, -15.992099523574097 ], [ 35.636690596593837, -16.006309615895987 ], [ 35.638200497155253, -16.018058597426261 ], [ 35.635530449570638, -16.02636955531068 ], [ 35.625028571411519, -16.025838502944509 ], [ 35.624441544341835, -16.024026553382669 ], [ 35.621431603385815, -16.026550503402973 ], [ 35.609342552217072, -16.017089606699926 ], [ 35.602460524433695, -16.022289588393733 ], [ 35.59208150715591, -16.029659544252524 ], [ 35.583711581624243, -16.035949617580741 ], [ 35.57938149076324, -16.036249555872246 ], [ 35.573022593218127, -16.037069456090478 ], [ 35.554120513850705, -16.038598541889144 ], [ 35.548871598245739, -16.035678546627594 ], [ 35.541971616397007, -16.032070489961086 ], [ 35.536909457605418, -16.029659544252524 ], [ 35.528760614211023, -16.025480478341365 ], [ 35.525190577283354, -16.022270579423662 ], [ 35.524770592988546, -16.0216295138909 ], [ 35.518880613649458, -16.016529511627596 ], [ 35.518400606802629, -16.015949525350266 ], [ 35.514589598331327, -16.012859495269424 ], [ 35.510362478945297, -16.011428452660937 ], [ 35.504362487338994, -16.009139489196002 ], [ 35.502870541742141, -16.008958540204446 ], [ 35.502450558346652, -16.008789561189246 ], [ 35.500791569975036, -16.00787953811016 ], [ 35.499120613425646, -16.006969515031074 ], [ 35.49870150866775, -16.006448496400935 ], [ 35.49817045630158, -16.005639508556442 ], [ 35.497919451921234, -16.005180447819384 ], [ 35.497152532563405, -16.003629536373978 ], [ 35.496911561919092, -16.003000617084751 ], [ 35.496492458060516, -16.001499519087474 ], [ 35.496309573727899, -16.000928509842822 ], [ 35.495832559824805, -15.999549568557711 ], [ 35.495782570109554, -15.999149476367222 ], [ 35.495660587865871, -15.998628456837764 ], [ 35.495481576013958, -15.998229595819168 ], [ 35.494989600090037, -15.99592954281411 ], [ 35.494932569582488, -15.9953495574361 ], [ 35.494810587338804, -15.994949463446915 ], [ 35.494512586186943, -15.993398552001509 ], [ 35.494329525587204, -15.992649586709035 ], [ 35.493909541292339, -15.990579591974551 ], [ 35.493741618081287, -15.989780461598968 ], [ 35.493249466789507, -15.986728451256965 ], [ 35.493131533293706, -15.985919463412472 ], [ 35.493070454038275, -15.985288607882921 ], [ 35.493299457404078, -15.981960599202239 ], [ 35.497049561987751, -15.958259510767789 ], [ 35.503679529586691, -15.94692048069561 ], [ 35.508531520413385, -15.93840058691751 ], [ 35.507940620862996, -15.937198546775448 ], [ 35.492559468244906, -15.942979570550676 ], [ 35.490770577300339, -15.937450606959885 ], [ 35.491842540400967, -15.936929588329804 ], [ 35.492792518559952, -15.936408568800346 ], [ 35.49337954562958, -15.936010588218039 ], [ 35.494630519682801, -15.935258454613916 ], [ 35.495161571149652, -15.935199487866043 ], [ 35.496110495303185, -15.934570568576817 ], [ 35.4962824663628, -15.933999560231484 ], [ 35.496461479114032, -15.933420454390387 ], [ 35.496580468413924, -15.932779565124804 ], [ 35.496702450657608, -15.932100480752524 ], [ 35.49675155993657, -15.931690530193748 ], [ 35.49675155993657, -15.931119520949096 ], [ 35.49675155993657, -15.93070957039032 ], [ 35.496572547185337, -15.928869457659289 ], [ 35.496450565840973, -15.928239482566028 ], [ 35.496091485433737, -15.926979530580809 ], [ 35.496030582445485, -15.926349556386867 ], [ 35.495969503190054, -15.925430556275103 ], [ 35.495912472682505, -15.924968502594254 ], [ 35.495901559409504, -15.92426847211226 ], [ 35.49567255784234, -15.922319579185171 ], [ 35.495611478586909, -15.921869496380111 ], [ 35.495542479002268, -15.921459545821335 ], [ 35.495420496758584, -15.920419443902176 ], [ 35.495370507043333, -15.919790524612949 ], [ 35.495241484906671, -15.918989457997043 ], [ 35.495241484906671, -15.917718593638142 ], [ 35.49506159261847, -15.917030531333921 ], [ 35.494821500611806, -15.915189539065921 ], [ 35.494821500611806, -15.914739455361541 ], [ 35.494581585771641, -15.913749519424755 ], [ 35.494581585771641, -15.913120600135528 ], [ 35.494581585771641, -15.912078561975989 ], [ 35.494569616694491, -15.911628479170929 ], [ 35.494569616694491, -15.91094059313383 ], [ 35.494569616694491, -15.90979047804808 ], [ 35.494630519682801, -15.90921049267007 ], [ 35.494691598038855, -15.908288499614514 ], [ 35.494802490742416, -15.907258607698566 ], [ 35.494981502594328, -15.906570545394288 ], [ 35.495042581849702, -15.905818588057343 ], [ 35.495210505060811, -15.904258523312137 ], [ 35.495450596168155, -15.903518535052285 ], [ 35.49563048755698, -15.902709547207792 ], [ 35.496572547185337, -15.900409494202734 ], [ 35.496812462924879, -15.89966052980958 ], [ 35.497159574255022, -15.898220510168358 ], [ 35.49739244830289, -15.897588598834716 ], [ 35.497449478810438, -15.89719061735309 ], [ 35.498399458768063, -15.895580562892633 ], [ 35.498811521834341, -15.894479557985164 ], [ 35.499170602241577, -15.893678491369258 ], [ 35.499521586052424, -15.893049572080031 ], [ 35.499700597904337, -15.892648598553933 ], [ 35.500471566009992, -15.891609552438865 ], [ 35.501062464661061, -15.890800564594315 ], [ 35.501539478564155, -15.890169533696962 ], [ 35.502130552582969, -15.889360545852469 ], [ 35.502840618599748, -15.888559478337186 ], [ 35.503442606790941, -15.887639598688509 ], [ 35.504091592652912, -15.886939567307138 ], [ 35.504499606071988, -15.886308536409786 ], [ 35.504911492871145, -15.885848595236439 ], [ 35.506399565987238, -15.88463951430208 ], [ 35.506940474923056, -15.88411955057677 ], [ 35.507352537989277, -15.883779480938244 ], [ 35.508771610621409, -15.882619509282904 ], [ 35.509542578727064, -15.881759475919011 ], [ 35.510370576441005, -15.881359558197005 ], [ 35.511201566199361, -15.880948551834138 ], [ 35.513280537966523, -15.879508532192972 ], [ 35.514051506072178, -15.879049472355234 ], [ 35.515771572799906, -15.877719464981283 ], [ 35.516542540006242, -15.877199502155236 ], [ 35.518079546134175, -15.876628493809903 ], [ 35.518671500589335, -15.876218543251127 ], [ 35.51909060534723, -15.875940607772804 ], [ 35.520391569115702, -15.875299543139363 ], [ 35.52081155341051, -15.875009462316768 ], [ 35.522111459576251, -15.874269474056916 ], [ 35.522531619238862, -15.874038536249429 ], [ 35.523191518373949, -15.873739478394157 ], [ 35.525140587568103, -15.872928554309283 ], [ 35.525621473951901, -15.87281044544568 ], [ 35.528402589607879, -15.872289601284024 ], [ 35.528940505599905, -15.872129599301502 ], [ 35.530599493971522, -15.871938616573857 ], [ 35.531549473929147, -15.871648536650582 ], [ 35.534101587118585, -15.870849583441498 ], [ 35.534582474401702, -15.870729537438137 ], [ 35.537961530400366, -15.869749457171679 ], [ 35.550771558160932, -15.85966861821214 ], [ 35.564512556009731, -15.870969452278359 ], [ 35.584230488646199, -15.869829546296501 ], [ 35.599290580595891, -15.860368473326332 ], [ 35.60589044878526, -15.864324522658535 ], [ 35.615999450913989, -15.856948581811537 ], [ 35.616464495739933, -15.856540566593821 ], [ 35.616212610923299, -15.856199617418383 ], [ 35.615850537572328, -15.855909535696469 ], [ 35.612871575562792, -15.852119474234314 ], [ 35.60918255023455, -15.848449457876143 ], [ 35.634260467446666, -15.833789459016259 ], [ 35.657709492998777, -15.832239603374944 ], [ 35.660150538116909, -15.816188519684374 ], [ 35.660112516579431, -15.815229562694128 ], [ 35.667501484106253, -15.808299481435881 ], [ 35.66253050397961, -15.794399537408651 ], [ 35.668271570876357, -15.789949575912146 ], [ 35.678762536661793, -15.761930541960908 ], [ 35.691041512955508, -15.760000484434784 ], [ 35.705450507435046, -15.757089465306535 ] ] ] ] } },
{ "type": "Feature", "properties": { "SitRecID": 48980, "Country": "Malawi", "ISO3": "MWI", "NatName": "Cape Maclear", "IntName": "Cape Maclear", "SitLat": -14.010096839399999, "SitLong": 34.826404898699998, "IbaStatus": null, "AzeStatus": "confirmed", "AddedDate": "2019-07-23", "ChangeDate": null, "Source": "Konings, A. (2016) Malawi cichlids in their natural habitat. 5th edition.", "DelTxt": "Cape Maclear KBA has been newly delineated polygon for freshwater fish trigger species. The KBA includes the shoreline of the Lake Malawi National Park around the Nankumba Peninsula and south to Kanchedza Island in the south-east arm.", "DelGeom": "4. refined polygon", "Shape_Leng": 0.85162865044000002, "Shape_Area": 0.0055614402, "GISArea": 6647.0, "KBA_Qual": "Global", "LegacyKBA": null, "Trigger Ecosystems": null }, "geometry": { "type": "MultiPolygon", "coordinates": [ [ [ [ 34.846429964571257, -13.99496553832887 ], [ 34.848651907859335, -13.99624415574317 ], [ 34.84871625615034, -13.996284779019277 ], [ 34.848776943301345, -13.996330460082618 ], [ 34.848836478420822, -13.996383729625393 ], [ 34.848891032195411, -13.996441863601092 ], [ 34.848940190037808, -13.996504419543271 ], [ 34.848983576930607, -13.99657091991196 ], [ 34.849020863721933, -13.996640861086803 ], [ 34.849051766226069, -13.996713707971196 ], [ 34.849064327956398, -13.996749755496751 ], [ 34.849434693956027, -13.997890760450161 ], [ 34.849437337962854, -13.997888698304735 ], [ 34.851698620295167, -13.996211185697632 ], [ 34.851746172847641, -13.996178164390756 ], [ 34.851795762364588, -13.996148133329655 ], [ 34.851867388868925, -13.996111725175922 ], [ 34.851941992129298, -13.996081551122643 ], [ 34.852019004673366, -13.996057840496917 ], [ 34.852097840143244, -13.996040774062408 ], [ 34.852177898691139, -13.996030482220931 ], [ 34.852258572375263, -13.996027043213417 ], [ 34.852334196366144, -13.996030064036177 ], [ 34.852409314937972, -13.996039109417325 ], [ 34.858224722492992, -13.996976334290366 ], [ 34.85823473464535, -13.996978002532728 ], [ 34.858304561606303, -13.996992759508203 ], [ 34.858373015302448, -13.997012730752886 ], [ 34.86104428146848, -13.997903064075103 ], [ 34.86334399722773, -13.998352272739169 ], [ 34.863412225194111, -13.998368247396627 ], [ 34.863479018741771, -13.998389222284743 ], [ 34.863553622002087, -13.998419396338022 ], [ 34.8636252494058, -13.998455805391075 ], [ 34.863693353265717, -13.998498170653988 ], [ 34.863757417370948, -13.998546171968201 ], [ 34.863779395902441, -13.998564760954935 ], [ 34.867773095352106, -14.002051363279747 ], [ 34.869094766010676, -14.002836135978839 ], [ 34.869153344251515, -14.002873963262743 ], [ 34.869208818032575, -14.002916017360292 ], [ 34.869214730175713, -14.002920903376946 ], [ 34.872548061044256, -14.005698673554889 ], [ 34.872582203805734, -14.005728584106805 ], [ 34.872614787142766, -14.005760108941843 ], [ 34.876371840787897, -14.009579814756592 ], [ 34.876413316621324, -14.009624915757229 ], [ 34.876450068316046, -14.009670583330717 ], [ 34.876483738933473, -14.009718461437785 ], [ 34.877448918332959, -14.011190051779408 ], [ 34.889384811360003, -14.017855550693071 ], [ 34.889388092086847, -14.017857390705956 ], [ 34.889456202242002, -14.017899756868246 ], [ 34.889520271743208, -14.017947757283139 ], [ 34.889579812258603, -14.018001026825857 ], [ 34.889634371429167, -14.018059160801556 ], [ 34.889652187898207, -14.018080546679812 ], [ 34.893271985213971, -14.022563229109664 ], [ 34.893311344942674, -14.02261575491309 ], [ 34.893346732365842, -14.02267091033417 ], [ 34.893363497527446, -14.022700529505812 ], [ 34.894957955045641, -14.025646301135851 ], [ 34.897034774735118, -14.028615148470294 ], [ 34.897810547918482, -14.028866999112665 ], [ 34.897835071531404, -14.028875335828047 ], [ 34.897909685583556, -14.028905509881326 ], [ 34.897981321081147, -14.028941918035059 ], [ 34.898049434833581, -14.028984284197293 ], [ 34.898113507032747, -14.029032284612185 ], [ 34.898154698680457, -14.029068125293691 ], [ 34.898193629432512, -14.029106297917281 ], [ 34.899162355758165, -14.030114534158372 ], [ 34.901958600708895, -14.032071375293697 ], [ 34.902014339790014, -14.032113610154965 ], [ 34.902073884802007, -14.032166880597003 ], [ 34.902128446670531, -14.032225014572703 ], [ 34.902177612606806, -14.032287569615619 ], [ 34.902221005794843, -14.032354070883628 ], [ 34.902258298881463, -14.032424010259831 ], [ 34.902289204982878, -14.032496858043544 ], [ 34.902313491174709, -14.032572058453695 ], [ 34.902330972196637, -14.032649038622196 ], [ 34.902341514049681, -14.032727213090368 ], [ 34.902345036694157, -14.032805987406334 ], [ 34.902344856829757, -14.032823811069989 ], [ 34.902305438645101, -14.034775419050277 ], [ 34.902369351664277, -14.034899611827598 ], [ 34.902915242844244, -14.035164474760677 ], [ 34.903191152149986, -14.034595926061115 ], [ 34.903226035053535, -14.034530991412055 ], [ 34.903269429140892, -14.034464490144046 ], [ 34.903318595077167, -14.034401935101187 ], [ 34.90337315784501, -14.034343801125488 ], [ 34.903432702857003, -14.034290531582712 ], [ 34.903496776854809, -14.03424253116782 ], [ 34.903564891506562, -14.034200165005586 ], [ 34.903636529702112, -14.034163756851854 ], [ 34.903711145552961, -14.034133582798574 ], [ 34.903788170687562, -14.034109872172792 ], [ 34.903867019647294, -14.034092805738339 ], [ 34.903947091684984, -14.034082513896863 ], [ 34.904027777959641, -14.034079074889348 ], [ 34.9040471682423, -14.0340792727402 ], [ 34.905904257475527, -14.034117250210898 ], [ 34.905975211287, -14.034121365508554 ], [ 34.906045632699829, -14.034130783209037 ], [ 34.90612448165956, -14.034147849643489 ], [ 34.906201506794162, -14.034171560269272 ], [ 34.906276121745691, -14.034201734322551 ], [ 34.906347759941241, -14.034238142476227 ], [ 34.906412806106175, -14.034278418614065 ], [ 34.908119074535705, -14.035434828054804 ], [ 34.908153235283635, -14.035459126837168 ], [ 34.908186223315624, -14.035484921192108 ], [ 34.908224243054406, -14.035517844472906 ], [ 34.908260353532569, -14.035552755255424 ], [ 34.909991582645489, -14.037320870961366 ], [ 34.910031566503619, -14.0373644458125 ], [ 34.910080732439894, -14.037427000855359 ], [ 34.91012412742657, -14.037493502123368 ], [ 34.910161420513191, -14.037563442398891 ], [ 34.910192327513982, -14.037636289283284 ], [ 34.910204980075832, -14.03767260660544 ], [ 34.910666960012236, -14.039097143518291 ], [ 34.913030306403584, -14.041153672703786 ], [ 34.914928241944835, -14.042280619454971 ], [ 34.914986798601944, -14.042318430551063 ], [ 34.915042252597914, -14.042360464863521 ], [ 34.915101799408546, -14.042413734406296 ], [ 34.915156364874406, -14.042471868381995 ], [ 34.91520553260932, -14.042534423424854 ], [ 34.915248928495316, -14.042600923793543 ], [ 34.91528387255272, -14.04266598344833 ], [ 34.915514952453123, -14.043142328255783 ], [ 34.933295213003703, -14.046794049705568 ], [ 34.933402516512956, -14.046797677570737 ], [ 34.933509417125947, -14.046807650152914 ], [ 34.933615540724702, -14.046823930579876 ], [ 34.93372051409051, -14.046846462194424 ], [ 34.933823971199388, -14.046875166755513 ], [ 34.933925546926503, -14.046909943538992 ], [ 34.934024887838348, -14.046950670237209 ], [ 34.934121644098639, -14.046997203857813 ], [ 34.934215477562304, -14.047049381623594 ], [ 34.934306058178095, -14.047107020972192 ], [ 34.934393069384669, -14.047169919556097 ], [ 34.934476205412579, -14.047237857041409 ], [ 34.934555176680135, -14.047310595107831 ], [ 34.934629704397366, -14.047387879247196 ], [ 34.93469952776104, -14.047469437864208 ], [ 34.934769691967745, -14.047561547327518 ], [ 34.9348342803778, -14.04765764978066 ], [ 34.934893065462632, -14.04775740707862 ], [ 34.934945840378305, -14.047860469385114 ], [ 34.934992421662969, -14.047966476071963 ], [ 34.93503264384151, -14.04807505481989 ], [ 34.935066367518914, -14.048185824316306 ], [ 34.935093473984693, -14.048298396953385 ], [ 34.935113867910729, -14.048412376130216 ], [ 34.935127477351273, -14.048527362547702 ], [ 34.935134255541527, -14.048642954208901 ], [ 34.935134177300483, -14.04875874282169 ], [ 34.935127244426837, -14.048874324590372 ], [ 34.933860186898187, -14.082658389672872 ], [ 34.934317013719237, -14.085928786883983 ], [ 34.934323378221393, -14.085989697066793 ], [ 34.934325502420052, -14.086050887838155 ], [ 34.9348436585081, -14.09870395242541 ], [ 34.934908903423207, -14.098799615110124 ], [ 34.93496842415351, -14.098898939834157 ], [ 34.935022015653544, -14.099001586653856 ], [ 34.93506949266299, -14.09910719943764 ], [ 34.935110692404578, -14.099215416658126 ], [ 34.935145471886074, -14.099325864197226 ], [ 34.935173713296308, -14.099438161641785 ], [ 34.93519531770977, -14.099551922283354 ], [ 34.935210210482865, -14.099666754017449 ], [ 34.935218341253517, -14.099782262941062 ], [ 34.935219682142645, -14.099898048855835 ], [ 34.935214227754443, -14.100013714261479 ], [ 34.935201996974627, -14.100128860758275 ], [ 34.935183032071336, -14.100243091745256 ], [ 34.935157399594345, -14.100356012419979 ], [ 34.93512518587869, -14.100467235174733 ], [ 34.935086502440186, -14.100576376898232 ], [ 34.935041483277871, -14.100683061673919 ], [ 34.934990283075138, -14.10078692077974 ], [ 34.934933078099107, -14.100887598084114 ], [ 34.93567011118671, -14.118886862438728 ], [ 34.934942119882976, -14.119668027057742 ], [ 34.934997286995269, -14.119506836171524 ], [ 34.9319959849268, -14.120275064942234 ], [ 34.928772243644175, -14.119765082792298 ], [ 34.927219509272959, -14.118613823768897 ], [ 34.926194522259436, -14.115987169372318 ], [ 34.925558268099621, -14.11475206205796 ], [ 34.925854517372159, -14.112191570784319 ], [ 34.926108398683709, -14.109997287045132 ], [ 34.926664496269552, -14.108372938760056 ], [ 34.927011719115569, -14.105883246614496 ], [ 34.928122829704876, -14.104188910389837 ], [ 34.930207248665624, -14.105262586698984 ], [ 34.930830620936433, -14.102829318917884 ], [ 34.930107964411093, -14.101947156835763 ], [ 34.927802734008992, -14.103330620811448 ], [ 34.926177300242273, -14.101356336425738 ], [ 34.925558268099621, -14.098940430056757 ], [ 34.925778588511093, -14.098320761194145 ], [ 34.925696744808988, -14.098118196097801 ], [ 34.925924082630388, -14.097911550777383 ], [ 34.926663953978334, -14.095830620286847 ], [ 34.926963975906801, -14.095541991869368 ], [ 34.926930338564318, -14.093886176305944 ], [ 34.927770724439426, -14.093078884582837 ], [ 34.930229492497119, -14.089218749745442 ], [ 34.931787651578929, -14.090275065541789 ], [ 34.933001844259763, -14.089941948562057 ], [ 34.933399522669902, -14.086050889636795 ], [ 34.932942708439271, -14.082780490627101 ], [ 34.93194173152574, -14.08305284311416 ], [ 34.93111165367992, -14.083615451791616 ], [ 34.929724935057777, -14.08305284311416 ], [ 34.927855360536512, -14.082687716564806 ], [ 34.927502712979845, -14.079441731450686 ], [ 34.926973741644929, -14.078415256059202 ], [ 34.927804677443987, -14.077189746309671 ], [ 34.92777801884057, -14.07692833137736 ], [ 34.926953667877513, -14.076136067325592 ], [ 34.927245008650289, -14.072289496962696 ], [ 34.929188368048813, -14.071015082080351 ], [ 34.929881727359884, -14.068988715256978 ], [ 34.925944552998772, -14.066113823693968 ], [ 34.92388075099592, -14.067769640156712 ], [ 34.923084852783802, -14.070221353932311 ], [ 34.920614692114384, -14.070703667540158 ], [ 34.920014105966288, -14.071941189534243 ], [ 34.918098416009116, -14.07198025158732 ], [ 34.917231445275036, -14.071147461386204 ], [ 34.917219509472829, -14.070552843139126 ], [ 34.917383827301819, -14.070233729502945 ], [ 34.917569857462979, -14.069118232920061 ], [ 34.917487521831731, -14.065075954791439 ], [ 34.919441731550705, -14.062654622812545 ], [ 34.919106987697376, -14.05972927478615 ], [ 34.918069118794847, -14.059708116436354 ], [ 34.916823458835609, -14.060552842439677 ], [ 34.91610839888358, -14.059724934657936 ], [ 34.915717230665734, -14.058121744722712 ], [ 34.913410915681254, -14.057003038459413 ], [ 34.911697048879773, -14.05535590315236 ], [ 34.911297742696718, -14.054189452780975 ], [ 34.911663953828452, -14.051941731325769 ], [ 34.912209411535173, -14.050980569197861 ], [ 34.912760959450793, -14.05000868085591 ], [ 34.9141639540033, -14.049980469123284 ], [ 34.914970160244764, -14.050819227225531 ], [ 34.916235893971361, -14.051252713042231 ], [ 34.916935221183564, -14.050580512080899 ], [ 34.916974284135961, -14.045886501560744 ], [ 34.91617187483223, -14.044661458559403 ], [ 34.914787326274165, -14.04375406869525 ], [ 34.914447156810866, -14.043052843014266 ], [ 34.912477213452689, -14.041883137996365 ], [ 34.909861110801671, -14.039606662517429 ], [ 34.909322373728628, -14.037945421344091 ], [ 34.907591145515028, -14.036177300242173 ], [ 34.905884874387482, -14.035020887204155 ], [ 34.904027777959641, -14.034982909733458 ], [ 34.903347981324316, -14.036383735121206 ], [ 34.901680772249904, -14.035574815625182 ], [ 34.901375325610843, -14.03498128285986 ], [ 34.901419270982615, -14.032805989204974 ], [ 34.898549261839037, -14.030797526084939 ], [ 34.897518446319282, -14.02972466366225 ], [ 34.896446397783109, -14.029376627829038 ], [ 34.894163954403041, -14.026113823594017 ], [ 34.892545030828558, -14.023122829554893 ], [ 34.888925238908712, -14.018640136333204 ], [ 34.87679199235663, -14.01186442100618 ], [ 34.875704210181198, -14.010205892188139 ], [ 34.871947157435443, -14.006386176480817 ], [ 34.868613823868941, -14.003608398208939 ], [ 34.867219509572749, -14.002780490427256 ], [ 34.863162434898527, -13.999238552816905 ], [ 34.860802951095366, -13.998777669154038 ], [ 34.858074001514012, -13.997868110125125 ], [ 34.852258572375263, -13.996930880755485 ], [ 34.849997287344991, -13.998608398758563 ], [ 34.849546441015491, -13.999997287444842 ], [ 34.849520884980905, -13.999965249096931 ], [ 34.849129232028474, -14.001080729492003 ], [ 34.849678277130863, -14.001608343750036 ], [ 34.849697265416523, -14.005237901407952 ], [ 34.850003255246065, -14.005831434173331 ], [ 34.84938530858517, -14.014287109162694 ], [ 34.847794053552775, -14.014803330809002 ], [ 34.847477213402726, -14.01803927948913 ], [ 34.842555881248984, -14.022736545555063 ], [ 34.838891601666148, -14.025836046396364 ], [ 34.836376606195472, -14.027512707345522 ], [ 34.835558268099646, -14.02805826847424 ], [ 34.832736316028218, -14.029515597366867 ], [ 34.831232663056994, -14.030292125980793 ], [ 34.828078342241781, -14.031921115666933 ], [ 34.827219509472854, -14.03305284321408 ], [ 34.826740993701947, -14.035990396839281 ], [ 34.825022786772251, -14.038611111213754 ], [ 34.822770181998351, -14.038925509704484 ], [ 34.822784287864636, -14.039633518072378 ], [ 34.821113824143708, -14.040175781387177 ], [ 34.821592882205778, -14.040849066930832 ], [ 34.823227539419463, -14.04081570118359 ], [ 34.825174695755663, -14.045828992613849 ], [ 34.824633788618485, -14.048471136933358 ], [ 34.82691677518909, -14.049967990130597 ], [ 34.82851399722324, -14.052188585334875 ], [ 34.829310980917114, -14.054161241048405 ], [ 34.829981010914992, -14.056908094333039 ], [ 34.831801215353835, -14.059379340484156 ], [ 34.833331163602395, -14.060120985295214 ], [ 34.83427408837855, -14.061559244963121 ], [ 34.835951605482251, -14.06265950523192 ], [ 34.837172309254697, -14.064520941787976 ], [ 34.840633137909037, -14.066790364783458 ], [ 34.844050564382087, -14.070196397745519 ], [ 34.846304796029585, -14.071867946948146 ], [ 34.846693793283976, -14.074911566615469 ], [ 34.846686888289298, -14.075250558866173 ], [ 34.846642795428693, -14.077415364627313 ], [ 34.84695203990475, -14.078367512850377 ], [ 34.848557943094647, -14.079910481483466 ], [ 34.847986110970282, -14.081581488394932 ], [ 34.849578992876275, -14.083823785139543 ], [ 34.850301107110454, -14.084173719441537 ], [ 34.851386718322431, -14.085259331552891 ], [ 34.85177408870328, -14.086453450466308 ], [ 34.853335503330868, -14.087210828916568 ], [ 34.853608398109145, -14.090280490252383 ], [ 34.85416395430309, -14.092780490427231 ], [ 34.854718967306553, -14.094180230333336 ], [ 34.855508355326378, -14.094938151074757 ], [ 34.855830621086341, -14.09889160136629 ], [ 34.856590169600679, -14.100423719678872 ], [ 34.861227213465156, -14.103970269012677 ], [ 34.8646853297642, -14.107415364927078 ], [ 34.865262538035779, -14.108563721838266 ], [ 34.864242354301268, -14.108586236365682 ], [ 34.86391954085417, -14.107943993620381 ], [ 34.860608211899489, -14.104645123873297 ], [ 34.856018974196331, -14.101135131980698 ], [ 34.855994921828255, -14.101116093333019 ], [ 34.855935359729131, -14.101062823790244 ], [ 34.855880780773475, -14.101004689814545 ], [ 34.855831601347404, -14.100942133872309 ], [ 34.855788195568834, -14.10087563350362 ], [ 34.855756584398875, -14.10081738801199 ], [ 34.854997040381136, -14.099285267001449 ], [ 34.85497763660868, -14.099243451224254 ], [ 34.854960434376608, -14.099200728031121 ], [ 34.854936141889482, -14.09912552852029 ], [ 34.854918656370955, -14.099048548351789 ], [ 34.85491204185729, -14.099006045492558 ], [ 34.85490750567692, -14.098963283628564 ], [ 34.85461265664884, -14.095345996320646 ], [ 34.854069574950984, -14.094824562203712 ], [ 34.854038811841747, -14.09479357965995 ], [ 34.854009598264383, -14.094761200469009 ], [ 34.853960419737632, -14.094698645426092 ], [ 34.853917014858382, -14.094632144158084 ], [ 34.853883707567093, -14.09457045696098 ], [ 34.853855372627379, -14.094506446815046 ], [ 34.853300363221251, -14.093106705110301 ], [ 34.853293790975727, -14.093089617092119 ], [ 34.853274349431729, -14.093031422861827 ], [ 34.853258989011181, -14.092972077499326 ], [ 34.852703442709753, -14.090472075525838 ], [ 34.852696468467286, -14.090437437237881 ], [ 34.852685867259027, -14.090358624251053 ], [ 34.852457919697315, -14.087794433166493 ], [ 34.851361998657353, -14.087262846603039 ], [ 34.851311096130246, -14.087236191596901 ], [ 34.85124296529068, -14.087193825434667 ], [ 34.851178876903703, -14.087145825019775 ], [ 34.851119318401857, -14.087092555477 ], [ 34.851064743942857, -14.087034421501301 ], [ 34.851015567214688, -14.086971865559121 ], [ 34.850972163234815, -14.086905365190432 ], [ 34.850934862953636, -14.086835424914909 ], [ 34.850903948758287, -14.086762577131196 ], [ 34.850891303390995, -14.086726286788632 ], [ 34.850570365929684, -14.085736944404402 ], [ 34.849748390076172, -14.084914965852931 ], [ 34.849167228384943, -14.084633335959666 ], [ 34.849116005699159, -14.084606525370816 ], [ 34.849047875758913, -14.084564160107846 ], [ 34.848983788271255, -14.084516159692953 ], [ 34.848924230668786, -14.084462889250915 ], [ 34.848869656209729, -14.084404755275216 ], [ 34.848843080343954, -14.084372358097824 ], [ 34.848818055808692, -14.084338803492926 ], [ 34.847225177499979, -14.082096503151035 ], [ 34.847184202588949, -14.082033403118999 ], [ 34.84714690320709, -14.081963462843476 ], [ 34.84711598991106, -14.081890615959139 ], [ 34.847091699222574, -14.081815415548931 ], [ 34.847074215502687, -14.08173843538043 ], [ 34.847063671851004, -14.081660260912258 ], [ 34.847060149206584, -14.081581486596292 ], [ 34.847063672750323, -14.081502713179646 ], [ 34.847074217301326, -14.081424537812097 ], [ 34.847088583071695, -14.0813592281458 ], [ 34.84710785194585, -14.081295131664945 ], [ 34.84749664505415, -14.080159010929549 ], [ 34.846302482973272, -14.079011644171999 ], [ 34.846271831379966, -14.078980757855618 ], [ 34.846242719426016, -14.07894848388537 ], [ 34.846193545395863, -14.07888592884251 ], [ 34.846150143214572, -14.078819427574501 ], [ 34.846112843832714, -14.078749487298978 ], [ 34.846081931436061, -14.078676640414585 ], [ 34.846069384994166, -14.078640654942205 ], [ 34.845760143216069, -14.077688505819822 ], [ 34.845743557918922, -14.077630880860397 ], [ 34.845730916148909, -14.077572311612869 ], [ 34.845720372497226, -14.07749413714464 ], [ 34.845716849852806, -14.077415362828674 ], [ 34.845717032415166, -14.077397396172842 ], [ 34.845760568595438, -14.075260411838485 ], [ 34.845766713662954, -14.074958772029674 ], [ 34.845434257684872, -14.072357468622215 ], [ 34.843490472007716, -14.070916117984439 ], [ 34.84345539485065, -14.070888773198305 ], [ 34.84342148501355, -14.070859591996509 ], [ 34.843389074346362, -14.070828829786592 ], [ 34.840038058309801, -14.06748897523596 ], [ 34.836656004870804, -14.065271205701549 ], [ 34.836615788987501, -14.06524328804727 ], [ 34.836577154112433, -14.065213317240762 ], [ 34.836517601905882, -14.065160047697987 ], [ 34.836463031943424, -14.065101913722287 ], [ 34.836426228087987, -14.065056187692846 ], [ 34.836392512504517, -14.065008245733907 ], [ 34.835275544630747, -14.063304984637284 ], [ 34.833757722840687, -14.062309464809914 ], [ 34.833717542930287, -14.062281566940726 ], [ 34.833678941330106, -14.062251620415907 ], [ 34.833619390022875, -14.062198350873132 ], [ 34.833564820060474, -14.062140216897433 ], [ 34.83352798382947, -14.062094445901892 ], [ 34.833494241266294, -14.062046455379573 ], [ 34.832689605241114, -14.060819124502927 ], [ 34.831389422983534, -14.060188858928655 ], [ 34.831338277639475, -14.060162082514069 ], [ 34.831270154893787, -14.060119717251098 ], [ 34.831206073701367, -14.060071715936886 ], [ 34.831146522394135, -14.060018446394167 ], [ 34.831091953331054, -14.059960312418411 ], [ 34.831049490042005, -14.05990698441974 ], [ 34.829229290099704, -14.057435733772024 ], [ 34.829203271813583, -14.057398482054282 ], [ 34.829179188868522, -14.057360009956426 ], [ 34.829141893083943, -14.057290069680903 ], [ 34.829110983385249, -14.057217222796567 ], [ 34.829094184049382, -14.057167775372477 ], [ 34.829080331791943, -14.057117464599287 ], [ 34.828425554295961, -14.054433100707001 ], [ 34.827693079871779, -14.052620098039029 ], [ 34.82625786980492, -14.050624736242526 ], [ 34.824117596649842, -14.04922145210827 ], [ 34.824077344793693, -14.049193511071621 ], [ 34.824038675744362, -14.049163514184784 ], [ 34.823979127135033, -14.049110243742689 ], [ 34.82392456076991, -14.04905210976699 ], [ 34.823875393034996, -14.048989553824811 ], [ 34.82383199624968, -14.048923053456122 ], [ 34.82379470136442, -14.048853112281279 ], [ 34.823763793464366, -14.048780265396886 ], [ 34.823739506373158, -14.048705064986734 ], [ 34.823722024451911, -14.048628084818233 ], [ 34.823711482598867, -14.048549909450742 ], [ 34.823707959954447, -14.048471135134719 ], [ 34.823711483498244, -14.048392360818752 ], [ 34.82372202625055, -14.048314186350581 ], [ 34.823725915818386, -14.048293996570635 ], [ 34.824214686558605, -14.045906565435587 ], [ 34.822593567739034, -14.04173267422351 ], [ 34.821612231119616, -14.041752704823409 ], [ 34.821592882205778, -14.041752901774942 ], [ 34.821512193233161, -14.041749462767427 ], [ 34.821432118497512, -14.041739170026631 ], [ 34.821353266839822, -14.041722104491498 ], [ 34.821276239007261, -14.041698393865715 ], [ 34.821201621357773, -14.041668218913117 ], [ 34.821129981363583, -14.041631810759441 ], [ 34.82106186401387, -14.04158944459715 ], [ 34.820997788217426, -14.041541444182258 ], [ 34.820938241406793, -14.041488173740163 ], [ 34.820883677739573, -14.041430039764464 ], [ 34.820857341992792, -14.041397942960657 ], [ 34.820832528798235, -14.041364710313076 ], [ 34.820353471635485, -14.040691422970724 ], [ 34.820312059653872, -14.040627697010564 ], [ 34.820274766567252, -14.040557756735041 ], [ 34.756054178357715, -13.995793208689577 ], [ 34.756011642223541, -13.995831268897916 ], [ 34.755947579017629, -13.995879269312809 ], [ 34.755879476057032, -13.995921635475042 ], [ 34.755807849552639, -13.995958044528095 ], [ 34.755733247191642, -13.995988218581374 ], [ 34.755656234647574, -13.9960119292071 ], [ 34.755577398278376, -13.996028995641609 ], [ 34.755497339730482, -13.996039287483086 ], [ 34.755416666945678, -13.99604272738992 ], [ 34.755335993261554, -13.996039287483086 ], [ 34.755255934713659, -13.996028995641609 ], [ 34.755205853267569, -13.996018972697414 ], [ 34.755156413937414, -13.99600626527689 ], [ 34.754665986646046, -13.99586587301161 ], [ 34.754645421848807, -13.995859802587745 ], [ 34.754589019068021, -13.995842005903796 ], [ 34.754514415807705, -13.995811830951197 ], [ 34.754442790202631, -13.995775421898145 ], [ 34.754374686342771, -13.995733056635231 ], [ 34.754310624036123, -13.995685055321019 ], [ 34.754251088916646, -13.995631784878924 ], [ 34.754196535142057, -13.995573650903225 ], [ 34.754147378198979, -13.995511094961046 ], [ 34.754103991306181, -13.99544459369298 ], [ 34.754084496702205, -13.995408773695885 ], [ 34.754066252155837, -13.995373614700497 ], [ 34.752973616339375, -13.993070628106977 ], [ 34.752943690498967, -13.992999830777535 ], [ 34.752919409703054, -13.992924630367327 ], [ 34.752901932278405, -13.992847649299506 ], [ 34.752891393123321, -13.992769473932015 ], [ 34.752887871378221, -13.992690699616048 ], [ 34.752889557607034, -13.992636161129894 ], [ 34.752894611796933, -13.992581822293232 ], [ 34.752957579628628, -13.992075119970764 ], [ 34.751451541655399, -13.990192330811396 ], [ 34.751413604654203, -13.990141332956114 ], [ 34.751379400738813, -13.9900878772537 ], [ 34.75134211574607, -13.990017936978177 ], [ 34.751311215040573, -13.989945088295144 ], [ 34.751286934244661, -13.989869887884993 ], [ 34.751269457719332, -13.989792907716492 ], [ 34.751261674986381, -13.989741053706609 ], [ 34.751256982323923, -13.989688846263221 ], [ 34.751147940425142, -13.987872168965396 ], [ 34.751146354021046, -13.987819279835833 ], [ 34.751149876665522, -13.987740505519866 ], [ 34.751160416719927, -13.987662330152375 ], [ 34.751177894144575, -13.987585349084554 ], [ 34.751202174940488, -13.987510148674403 ], [ 34.751233075645985, -13.98743730179001 ], [ 34.751270360638671, -13.987367360615167 ], [ 34.75131374663215, -13.987300859347158 ], [ 34.751362901776531, -13.987238304304242 ], [ 34.751417453752538, -13.987180170328543 ], [ 34.751476987073374, -13.987126899886448 ], [ 34.751541047581327, -13.987078899471612 ], [ 34.751609148743285, -13.987036533309322 ], [ 34.751656569095417, -13.987011567230013 ], [ 34.751705395987301, -13.986989336888314 ], [ 34.752217004111515, -13.986773876413224 ], [ 34.753128054216404, -13.985273809938349 ], [ 34.753169087583387, -13.98521211644595 ], [ 34.753215122080292, -13.985153885343493 ], [ 34.753269673156922, -13.985095751367794 ], [ 34.753329205578439, -13.985042481825019 ], [ 34.753393266086391, -13.984994481410126 ], [ 34.753461366349029, -13.984952115247893 ], [ 34.753532989256087, -13.98491570619484 ], [ 34.753607588919124, -13.984885532141561 ], [ 34.75368459786597, -13.984861821515779 ], [ 34.753718239705051, -13.984854538805848 ], [ 34.801186469979655, -13.964414304876243 ], [ 34.801243058920079, -13.964359957945646 ], [ 34.801304285664287, -13.964310895431424 ], [ 34.801369659182456, -13.964267511236585 ], [ 34.801438654270555, -13.96423015519747 ], [ 34.801510716946098, -13.964199124989591 ], [ 34.801585268945075, -13.964174672423155 ], [ 34.801661710419637, -13.964156991751736 ], [ 34.801739427132929, -13.964146226866831 ], [ 34.801817796753994, -13.964142462304721 ], [ 34.801877595374776, -13.964144545134616 ], [ 34.801937104413867, -13.964150779235013 ], [ 34.824907973923928, -13.965752123761433 ], [ 34.825588972053481, -13.965766006595857 ], [ 34.825659938455431, -13.96577012009493 ], [ 34.825730372458793, -13.965779541392692 ], [ 34.825809198036097, -13.965796607827144 ], [ 34.825886200687648, -13.96582031845287 ], [ 34.825960794055447, -13.965850492506206 ], [ 34.826032410667267, -13.965886901559202 ], [ 34.82610050553393, -13.965929266822172 ], [ 34.826164560646021, -13.965977268136385 ], [ 34.826224087671562, -13.966030537679103 ], [ 34.82627863515097, -13.966088671654802 ], [ 34.826327785798753, -13.966151227597038 ], [ 34.826371167295576, -13.966217728865047 ], [ 34.826402571621429, -13.966275594842784 ], [ 34.82699150255587, -13.967462809660901 ], [ 34.827561690719506, -13.967780883680803 ], [ 34.829811996826265, -13.968367498860914 ], [ 34.831909688881069, -13.968914330731707 ], [ 34.831987550385179, -13.968938265288671 ], [ 34.832062144652298, -13.968968440241269 ], [ 34.832133762163437, -13.969004848395002 ], [ 34.832187541621806, -13.969037618791049 ], [ 34.832238898306571, -13.969073908234236 ], [ 34.833659795663095, -13.970152192669502 ], [ 34.833686814894634, -13.97017350300473 ], [ 34.833746343718815, -13.970226772547448 ], [ 34.833800891198223, -13.970284907422467 ], [ 34.833850043644645, -13.970347462465384 ], [ 34.833893426040845, -13.970413963733392 ], [ 34.833928300850459, -13.970478902878995 ], [ 34.8347920673001, -13.972259333001773 ], [ 34.835739680242114, -13.97244431365408 ], [ 34.83580796666439, -13.972460296405529 ], [ 34.835874815970044, -13.97248128838072 ], [ 34.835949412035802, -13.972511463333319 ], [ 34.836021030446261, -13.972547871487052 ], [ 34.836085810411873, -13.972587980350966 ], [ 34.837007575039593, -13.973212435405514 ], [ 34.837041853598691, -13.973236811529603 ], [ 34.837074952247292, -13.973262695816686 ], [ 34.837108670528778, -13.973291716939116 ], [ 34.837140906727541, -13.973322301982591 ], [ 34.840062999208101, -13.976232722162365 ], [ 34.840111130924015, -13.976284527608811 ], [ 34.840141573874575, -13.976321920520149 ], [ 34.84016995108243, -13.976360832386433 ], [ 34.842937427620257, -13.980376123659141 ], [ 34.842971151297661, -13.980428884185585 ], [ 34.843008435391027, -13.980498824461108 ], [ 34.843039335197204, -13.980571672244821 ], [ 34.843062103333466, -13.980641427260025 ], [ 34.843673004705465, -13.982813462671118 ], [ 34.843682010516432, -13.982848157616331 ], [ 34.845070920786441, -13.988681485961763 ], [ 34.845080906858414, -13.988729224673932 ], [ 34.845087391869697, -13.988770760761952 ], [ 34.845516541155519, -13.992025542145029 ], [ 34.845661953436434, -13.99312839785722 ], [ 34.845667634453832, -13.993185986843798 ], [ 34.845669531124031, -13.993243813251354 ], [ 34.845666009378874, -13.99332258846664 ], [ 34.845655469324527, -13.993400762934812 ], [ 34.845651563568879, -13.993421040848318 ], [ 34.845524605376283, -13.994041017279073 ], [ 34.846429964571257, -13.99496553832887 ] ], [ [ 34.916958090043863, -14.05930655115634 ], [ 34.916987763174802, -14.059340907057162 ], [ 34.917031692358762, -14.059311117014374 ], [ 34.916958090043863, -14.05930655115634 ] ] ] ] } },
{ "type": "Feature", "properties": { "SitRecID": 48981, "Country": "Malawi", "ISO3": "MWI", "NatName": "Chilumba and Youngs Bay", "IntName": "Chilumba and Youngs Bay", "SitLat": -10.4606624182, "SitLong": 34.251503624500003, "IbaStatus": null, "AzeStatus": null, "AddedDate": "2019-07-23", "ChangeDate": null, "Source": "Konings, A.F. and Stauffer Jr., J.R. 2012. Review of the Lake Malawi genus Melanochromis (Telesotei: Cichlidae) with a description of a new species. Zootaxa 3258: 1-27.Others see references in database.", "DelTxt": "Newly delinbeated KBA polygon. This KBA includes the stretch of coastline adjacent to Chitande Island in the north to the southern side of Youngs Bay in the south, including a distance of around 25 km along the coastline.", "DelGeom": "4. refined polygon", "Shape_Leng": 0.51733829608000004, "Shape_Area": 0.00464807533, "GISArea": 5629.0, "KBA_Qual": "Global", "LegacyKBA": null, "Trigger Ecosystems": null }, "geometry": { "type": "MultiPolygon", "coordinates": [ [ [ [ 34.293945198212384, -10.451928964550007 ], [ 34.295189865320083, -10.459952971252562 ], [ 34.29603958795667, -10.465431007135237 ], [ 34.296473443394746, -10.468228042590056 ], [ 34.296512827405138, -10.470525340072356 ], [ 34.296605052880921, -10.475904869613998 ], [ 34.296726268002942, -10.482975546384296 ], [ 34.296264796183436, -10.483311097828846 ], [ 34.295802823441591, -10.483647015297493 ], [ 34.291298269499578, -10.486922455007232 ], [ 34.289960625082813, -10.487895116766197 ], [ 34.287118937389096, -10.489961444964649 ], [ 34.286870854906056, -10.489625418678088 ], [ 34.278522904308659, -10.478318365799907 ], [ 34.277284926358334, -10.477460147267948 ], [ 34.270685345052698, -10.472885074786348 ], [ 34.261205459164671, -10.47062551645439 ], [ 34.257905958093545, -10.46983907461356 ], [ 34.256446047247323, -10.470297428483491 ], [ 34.24254028820377, -10.474663315959219 ], [ 34.236780009989502, -10.481858824025437 ], [ 34.236277102806127, -10.482487042742775 ], [ 34.236140823140545, -10.483718986242195 ], [ 34.234851024455281, -10.495378758622792 ], [ 34.240317658733034, -10.514838944661506 ], [ 34.240323124812392, -10.515059245287887 ], [ 34.240599230170403, -10.526187087563983 ], [ 34.236745075824615, -10.527603398378062 ], [ 34.234683165096044, -10.528361104181556 ], [ 34.231761188628013, -10.529434867724945 ], [ 34.230665211830114, -10.528834157470328 ], [ 34.229651255001443, -10.527775650026172 ], [ 34.228400866406901, -10.52627043133532 ], [ 34.227073962593352, -10.524476148055726 ], [ 34.226160898007095, -10.523204712627319 ], [ 34.224520815183553, -10.522650427175449 ], [ 34.223254901592497, -10.522411171538295 ], [ 34.221592161249305, -10.521902169649366 ], [ 34.220447224459917, -10.521056598283337 ], [ 34.219965713946578, -10.520018580093335 ], [ 34.219873759166717, -10.51870779123152 ], [ 34.219398921622997, -10.518058567948515 ], [ 34.218786750408242, -10.517048176032461 ], [ 34.217989978055073, -10.51629167891781 ], [ 34.215982761395367, -10.515160041302806 ], [ 34.213750769082765, -10.514083503350946 ], [ 34.212374970928238, -10.512895169776243 ], [ 34.210946765680717, -10.511444798938271 ], [ 34.209698950945892, -10.510120325992204 ], [ 34.208462857974553, -10.508723463017361 ], [ 34.207661932552185, -10.507768016980378 ], [ 34.206981577437887, -10.50624243853764 ], [ 34.206695666771679, -10.503937710856633 ], [ 34.20668577243049, -10.500356954010158 ], [ 34.206836696656296, -10.497896844163961 ], [ 34.20701890739673, -10.49511108890556 ], [ 34.206959961333212, -10.492868793959644 ], [ 34.206790977821413, -10.491259886134799 ], [ 34.207010923215591, -10.489369185639362 ], [ 34.207231647422645, -10.487532737645665 ], [ 34.207725749343922, -10.485659081101687 ], [ 34.208239526632894, -10.483559290029177 ], [ 34.208708748809784, -10.481604345564051 ], [ 34.208841539105777, -10.48103929252926 ], [ 34.210494557777679, -10.477135516291014 ], [ 34.211811638296524, -10.475425620895635 ], [ 34.213085911085955, -10.473901644145542 ], [ 34.214316577548061, -10.472766652958626 ], [ 34.215842803502653, -10.471431595891374 ], [ 34.216882886536041, -10.470188815561357 ], [ 34.217624871290809, -10.468938129291189 ], [ 34.218076020691854, -10.467344943414389 ], [ 34.218664894968981, -10.466221434771342 ], [ 34.220152997762682, -10.46478704218822 ], [ 34.221585021531553, -10.463470410431057 ], [ 34.223098716332743, -10.462162502097726 ], [ 34.225042304159047, -10.460843893630738 ], [ 34.228731084871697, -10.458587189746936 ], [ 34.23020436234151, -10.457613975804293 ], [ 34.231783400983204, -10.456676518006873 ], [ 34.2348273992651, -10.454982868864249 ], [ 34.237185257993303, -10.453626423220783 ], [ 34.239429338093544, -10.452523589092323 ], [ 34.241970186375056, -10.451392458694954 ], [ 34.243789455518993, -10.450580604711092 ], [ 34.244648603050621, -10.449971419245571 ], [ 34.247716688774233, -10.448340863839746 ], [ 34.250525758057336, -10.447028521848779 ], [ 34.251059855527956, -10.446803924261644 ], [ 34.252990712551423, -10.446240473818762 ], [ 34.254640277826638, -10.445980809866455 ], [ 34.256097460129752, -10.445586261097048 ], [ 34.25897846888131, -10.444173358713499 ], [ 34.259044557360482, -10.44415412671151 ], [ 34.260605955800258, -10.443780033022051 ], [ 34.262693575448225, -10.444312405592996 ], [ 34.264913578898586, -10.446193448268957 ], [ 34.266628520389929, -10.448546674589295 ], [ 34.267547484528848, -10.450875924983904 ], [ 34.269186624862925, -10.453672502683787 ], [ 34.270648604149812, -10.455719268829171 ], [ 34.27288870474996, -10.458857028628927 ], [ 34.273796876125004, -10.459079457051246 ], [ 34.274574994740249, -10.458633279102514 ], [ 34.274923964969048, -10.458130270295669 ], [ 34.275844399499476, -10.457826438839049 ], [ 34.27505907191869, -10.45674410835386 ], [ 34.274637654104481, -10.45593844800095 ], [ 34.273992071277121, -10.45500063676991 ], [ 34.273537100656711, -10.454532503672056 ], [ 34.272980315089512, -10.453646227191598 ], [ 34.27283884813437, -10.452084603021945 ], [ 34.272276747573869, -10.451173579896761 ], [ 34.271201724979676, -10.450210345730852 ], [ 34.270647775874181, -10.449055146777539 ], [ 34.270538040598126, -10.445936012836682 ], [ 34.270092523651101, -10.444906969880719 ], [ 34.269197703611212, -10.444024389613844 ], [ 34.269076062210559, -10.443803521515235 ], [ 34.2688365008039, -10.442556598008537 ], [ 34.268369177095906, -10.442346921073522 ], [ 34.268098028801035, -10.440773550858637 ], [ 34.267676968017724, -10.43971727912907 ], [ 34.266576551266894, -10.438672743552218 ], [ 34.265462887502281, -10.437456452753054 ], [ 34.264470468537354, -10.43572426856008 ], [ 34.263081423369044, -10.434454803546316 ], [ 34.261443654501079, -10.433231524115513 ], [ 34.259983544005422, -10.432739959181731 ], [ 34.257243400562515, -10.432524692960158 ], [ 34.255842561684915, -10.432216884701404 ], [ 34.2530873671883, -10.429719389138427 ], [ 34.250598316259357, -10.424261996294035 ], [ 34.24988715936496, -10.421351425028206 ], [ 34.251488605514794, -10.416090808344109 ], [ 34.251550700104758, -10.414228070469051 ], [ 34.251827374733637, -10.413159240606433 ], [ 34.252295551898271, -10.410453757934533 ], [ 34.252374695835613, -10.406538125933707 ], [ 34.252488505040503, -10.404729217879037 ], [ 34.252896759477892, -10.403461697199532 ], [ 34.253558802596729, -10.402419241754558 ], [ 34.254116741994096, -10.401612293572441 ], [ 34.254450304138288, -10.400941857080966 ], [ 34.254468804092085, -10.400571049514269 ], [ 34.253996473858251, -10.399370270221766 ], [ 34.254033730072649, -10.397977607980181 ], [ 34.254814677055776, -10.396979897404321 ], [ 34.255117349286309, -10.39658085112535 ], [ 34.255079594847473, -10.396418237511625 ], [ 34.254530433732555, -10.396275709356473 ], [ 34.253813371889635, -10.396115752340052 ], [ 34.252411604012366, -10.394746797126913 ], [ 34.251400516021022, -10.393285887133914 ], [ 34.250759557507649, -10.391877783532834 ], [ 34.249578193678758, -10.390227640892874 ], [ 34.248450652475697, -10.38890280641931 ], [ 34.247429686331031, -10.38753234124448 ], [ 34.246622364030941, -10.386197210432897 ], [ 34.246295320172919, -10.38433575678971 ], [ 34.245828157443555, -10.383415251212853 ], [ 34.245027350731675, -10.382423698294986 ], [ 34.24460147497814, -10.381837596627747 ], [ 34.243736207560005, -10.380565976838341 ], [ 34.242785074671531, -10.379086711682362 ], [ 34.242590530628547, -10.378101847022549 ], [ 34.242865304989891, -10.376708260277951 ], [ 34.243436327724396, -10.375168848463545 ], [ 34.243808562515198, -10.373883392604455 ], [ 34.244300382856409, -10.373393200935425 ], [ 34.245195654355996, -10.372874319094478 ], [ 34.245612444258938, -10.372176442488808 ], [ 34.245639296216609, -10.370883281238378 ], [ 34.245345431046871, -10.369609447318112 ], [ 34.245128952539176, -10.369321195716566 ], [ 34.245633539656183, -10.368416667495183 ], [ 34.245655719635806, -10.368376906668857 ], [ 34.24635218250728, -10.36879457161217 ], [ 34.247268884851223, -10.369344313689055 ], [ 34.248418416276934, -10.370033684506893 ], [ 34.250065347437896, -10.371021346058228 ], [ 34.252987630574751, -10.372773840540276 ], [ 34.255942456579135, -10.378441737695994 ], [ 34.257032822506801, -10.380533282884642 ], [ 34.258549796236139, -10.384043062537273 ], [ 34.263388897979326, -10.395239409770909 ], [ 34.264766801446797, -10.398427569376793 ], [ 34.269584969670689, -10.408037740049622 ], [ 34.272960765626863, -10.418815943001334 ], [ 34.275049294489406, -10.422701270547179 ], [ 34.278522904308659, -10.429163393175997 ], [ 34.287019900448115, -10.439903395625151 ], [ 34.287118937389096, -10.440028577656676 ], [ 34.293783645798669, -10.451647322066208 ], [ 34.293945198212384, -10.451928964550007 ] ] ] ] } },
{ "type": "Feature", "properties": { "SitRecID": 48986, "Country": "Malawi", "ISO3": "MWI", "NatName": "Lake Malawi Southeast Arm", "IntName": "Lake Malawi Southeast Arm", "SitLat": -14.205552964900001, "SitLong": 35.135151087799997, "IbaStatus": null, "AzeStatus": null, "AddedDate": "2019-07-25", "ChangeDate": null, "Source": "Lake Malawi Southeast Arm KBA has been newly delineated for freshwater fish trigger species. The KBA boundary incorporates the southern half of the southeast arm of Lake Malawi including small island and reefs, the best known of which is Boadzulu Island", "DelTxt": "New polygon delineated.Lake Malawi Southeast Arm KBA has been newly delineated for freshwater fish trigger species. The KBA boundary incorporates the southern half of the southeast arm of Lake Malawi including a number of small islands.", "DelGeom": "4. refined polygon", "Shape_Leng": 1.27531881649, "Shape_Area": 0.05571050608, "GISArea": 66531.0, "KBA_Qual": "Global", "LegacyKBA": null, "Trigger Ecosystems": null }, "geometry": { "type": "MultiPolygon", "coordinates": [ [ [ [ 35.179196566668281, -14.11866624255299 ], [ 35.179118307663828, -14.119868753939784 ], [ 35.179140785319021, -14.121440832728183 ], [ 35.179346673410294, -14.122279324631108 ], [ 35.179703510009006, -14.123351387556454 ], [ 35.180518527807862, -14.124347006309222 ], [ 35.181266390531562, -14.125460698852123 ], [ 35.182139312079642, -14.126519037223716 ], [ 35.183130534046938, -14.127359430293438 ], [ 35.184195375416266, -14.128515412556226 ], [ 35.185193336903012, -14.129635852712397 ], [ 35.185749360744467, -14.130715125502604 ], [ 35.186415736796846, -14.131350625131176 ], [ 35.187314728791762, -14.132164727420161 ], [ 35.188029652046851, -14.133034717178418 ], [ 35.188845467544354, -14.133985109025502 ], [ 35.189693928432121, -14.134899056746008 ], [ 35.190417816129354, -14.135615342474011 ], [ 35.191183864044149, -14.136322204206294 ], [ 35.191773681710117, -14.137057779492864 ], [ 35.192098006018227, -14.137868063260441 ], [ 35.192445766658864, -14.13876849237198 ], [ 35.192702505116586, -14.139651679681208 ], [ 35.192883408242722, -14.140653027115491 ], [ 35.193006500249851, -14.141781405587324 ], [ 35.193054544731524, -14.142567100990846 ], [ 35.193210913452958, -14.143785535773816 ], [ 35.193317466927624, -14.144516479551839 ], [ 35.193415480440137, -14.145563762557572 ], [ 35.19342963846708, -14.146919035485041 ], [ 35.19341775212763, -14.14863598696121 ], [ 35.193597942990721, -14.150043958361948 ], [ 35.193712803503104, -14.15121759071917 ], [ 35.19394352637272, -14.152101010952833 ], [ 35.194307641184764, -14.153435011316674 ], [ 35.194639905607232, -14.154344609915768 ], [ 35.194929867719281, -14.155308809953567 ], [ 35.195119860293346, -14.156228744460918 ], [ 35.195159502409183, -14.156860901309528 ], [ 35.195082850493179, -14.157738094637295 ], [ 35.194930588975581, -14.158516583773292 ], [ 35.194769905306941, -14.1598644175088 ], [ 35.194724794413787, -14.161193121765109 ], [ 35.194739698878038, -14.162322484994661 ], [ 35.194754400095519, -14.163009086799889 ], [ 35.19501063942954, -14.163955521629987 ], [ 35.195375657160923, -14.165199148222086 ], [ 35.195823873872712, -14.166306470866914 ], [ 35.196495553227237, -14.167718970354144 ], [ 35.197010712774215, -14.168744352170052 ], [ 35.19746797126993, -14.169707011669232 ], [ 35.197999690033726, -14.170587663789604 ], [ 35.198564806920331, -14.171449935566045 ], [ 35.199187808670501, -14.172492393708978 ], [ 35.199803891936142, -14.173236725694267 ], [ 35.200719006077293, -14.174258424786444 ], [ 35.201342971900658, -14.175038823183115 ], [ 35.202091581960985, -14.175899397938792 ], [ 35.202848801231255, -14.176931572334126 ], [ 35.20338877307347, -14.177703699665983 ], [ 35.20416380791346, -14.17830197995238 ], [ 35.204920564932195, -14.179045000726148 ], [ 35.205636748137465, -14.179661887985674 ], [ 35.206311862002906, -14.180161684414145 ], [ 35.206826758048521, -14.18085270818591 ], [ 35.207059934268614, -14.181501146360745 ], [ 35.207299961524029, -14.182438670708052 ], [ 35.207422735171122, -14.183042945875229 ], [ 35.207796735331101, -14.183708157305546 ], [ 35.208037711371333, -14.184085444487607 ], [ 35.208545892179245, -14.184559662398442 ], [ 35.208778786911523, -14.184819556577224 ], [ 35.209546096575139, -14.184975125801373 ], [ 35.21036390227232, -14.185085047237067 ], [ 35.211030101158315, -14.185259616438088 ], [ 35.211763737506544, -14.185523919093555 ], [ 35.212455913309782, -14.185869926056171 ], [ 35.213096859232735, -14.186126044881007 ], [ 35.213814293394989, -14.186390491427971 ], [ 35.214313946831226, -14.186521410234832 ], [ 35.214839941410219, -14.186444260094504 ], [ 35.2154746928029, -14.186122133729441 ], [ 35.215950714753717, -14.18584665340029 ], [ 35.216092879582789, -14.185465831882595 ], [ 35.216294990521419, -14.184939881370383 ], [ 35.216755150230028, -14.184402506770198 ], [ 35.217113953646106, -14.184037751640858 ], [ 35.218097968446557, -14.18403767789647 ], [ 35.218890933969476, -14.184093584251457 ], [ 35.219832858699533, -14.184229431343113 ], [ 35.220933860908985, -14.18435476266211 ], [ 35.221484153371023, -14.184693021965359 ], [ 35.221950196444482, -14.185176634194249 ], [ 35.222256924617454, -14.185824369099294 ], [ 35.222589209724276, -14.186480901172615 ], [ 35.222863027206984, -14.187255441385446 ], [ 35.223144837864027, -14.188255802263427 ], [ 35.223218160489751, -14.189185811875689 ], [ 35.223123921431863, -14.189909552983465 ], [ 35.223048192220347, -14.190750588169067 ], [ 35.223003268386151, -14.192079271740965 ], [ 35.222966110197888, -14.19366992242891 ], [ 35.222929118384172, -14.195396108143825 ], [ 35.22284301369416, -14.196716138439001 ], [ 35.22267526495159, -14.197440562132215 ], [ 35.22243236975811, -14.198057254238847 ], [ 35.222304987085522, -14.198943948004739 ], [ 35.2222362177273, -14.200083100354732 ], [ 35.222275133190919, -14.200986321861194 ], [ 35.222398131668513, -14.202141764530779 ], [ 35.222630151360477, -14.20307933474345 ], [ 35.223086031195407, -14.204177469014951 ], [ 35.223527025451915, -14.204995629944335 ], [ 35.224034384279435, -14.205614384196451 ], [ 35.224650114111512, -14.206304416015939 ], [ 35.225357884159052, -14.206993588982925 ], [ 35.226206981766836, -14.207690479931671 ], [ 35.226773210215526, -14.208408072374596 ], [ 35.227164318178779, -14.209154401754176 ], [ 35.227237339531655, -14.209813334118053 ], [ 35.227327180005432, -14.210652826067019 ], [ 35.227226106999296, -14.211268201566213 ], [ 35.226898220476528, -14.212427836875122 ], [ 35.226604276166483, -14.213388368578308 ], [ 35.226050993458614, -14.214468779910192 ], [ 35.225129959979711, -14.216067655797644 ], [ 35.224887139429995, -14.216810851039895 ], [ 35.224384163898094, -14.217827542706857 ], [ 35.224066321903308, -14.218417827120959 ], [ 35.224013992152095, -14.219105035069276 ], [ 35.223968928923, -14.22083129272994 ], [ 35.224007380336388, -14.222276663337311 ], [ 35.224137942112407, -14.223432030463812 ], [ 35.224311174021523, -14.224451463264359 ], [ 35.224247236720657, -14.22744290786386 ], [ 35.224242142061257, -14.22958443917048 ], [ 35.224170051506746, -14.232097061330251 ], [ 35.224082838851984, -14.233715280735566 ], [ 35.224005218366187, -14.23507137294547 ], [ 35.223943092299919, -14.236472499606123 ], [ 35.223990943427339, -14.237456955074379 ], [ 35.224080326146179, -14.238721133873184 ], [ 35.224293906138882, -14.240074511929151 ], [ 35.224466937499244, -14.241130085784789 ], [ 35.224691150176511, -14.242031575197018 ], [ 35.224887262637139, -14.243728473590124 ], [ 35.224943120428691, -14.245056212873862 ], [ 35.225149060680678, -14.246337373570896 ], [ 35.225730068587836, -14.247605998617871 ], [ 35.225870172170744, -14.248490196765147 ], [ 35.226126090446769, -14.249788959892555 ], [ 35.22651485747474, -14.251113589320653 ], [ 35.226746076770098, -14.252195722854253 ], [ 35.22692718674034, -14.253540361298576 ], [ 35.227199925036587, -14.254486569499534 ], [ 35.227557240074646, -14.255377772466204 ], [ 35.228039297375744, -14.25641238042698 ], [ 35.228454330902707, -14.25751989912402 ], [ 35.228976918849753, -14.258789054771 ], [ 35.229624892075151, -14.25967753459048 ], [ 35.230258128110165, -14.260656506892246 ], [ 35.230814185226507, -14.261735591724118 ], [ 35.23147139358997, -14.262678191845055 ], [ 35.231946054866569, -14.263369498903216 ], [ 35.232728155679865, -14.264175387683963 ], [ 35.233470092770631, -14.264430471389119 ], [ 35.234462996470143, -14.2647103062356 ], [ 35.235372396319065, -14.265036098237317 ], [ 35.236181187212082, -14.265200188537847 ], [ 35.237373042531942, -14.265514285755614 ], [ 35.238632243583254, -14.265963279481696 ], [ 35.239666134784329, -14.266405348428066 ], [ 35.240792485284999, -14.266711007307094 ], [ 35.242143568271104, -14.266906117023609 ], [ 35.243887602830682, -14.26707944785818 ], [ 35.245338636468944, -14.267427204002217 ], [ 35.246530480996967, -14.268030392788376 ], [ 35.247855608649445, -14.268993742966813 ], [ 35.248997690091358, -14.269832313110726 ], [ 35.250005682616234, -14.270753464400798 ], [ 35.250954276718574, -14.271756492667976 ], [ 35.25152026684691, -14.272365564818926 ], [ 35.252010260665031, -14.273309672203538 ], [ 35.252126696789674, -14.274013349436473 ], [ 35.252066589701428, -14.274781945130599 ], [ 35.251913283171518, -14.275786348461168 ], [ 35.251594511277744, -14.276747137370421 ], [ 35.251184414129455, -14.2774919361039 ], [ 35.250957271460948, -14.278117541391396 ], [ 35.250914732628871, -14.278614902455729 ], [ 35.251096329132338, -14.279290857187277 ], [ 35.251754185007655, -14.279935199849547 ], [ 35.252512392632866, -14.280596662006303 ], [ 35.253379319300223, -14.281184806933254 ], [ 35.254171788397343, -14.281854973628072 ], [ 35.25487870768626, -14.282598232722194 ], [ 35.255419478126441, -14.283577988333434 ], [ 35.255809772203293, -14.28473988094072 ], [ 35.256165740956249, -14.286001488577767 ], [ 35.256463682752781, -14.286902221660171 ], [ 35.256870498274907, -14.287919383672545 ], [ 35.257235357725619, -14.28890983671954 ], [ 35.257442452707096, -14.289874678873275 ], [ 35.25766527413316, -14.290848406328848 ], [ 35.257738501430765, -14.291977158019392 ], [ 35.25765262247063, -14.293062241329324 ], [ 35.257492544945023, -14.293849855886094 ], [ 35.257297857010542, -14.294999221836576 ], [ 35.25727078292033, -14.296174103352143 ], [ 35.257727741042459, -14.296874539428416 ], [ 35.258411676357809, -14.297455356679336 ], [ 35.259437443982904, -14.297761857323792 ], [ 35.260362691684918, -14.298150627949099 ], [ 35.261338374266586, -14.298602164058593 ], [ 35.262546420980584, -14.299530368731496 ], [ 35.263321412653113, -14.300354261939617 ], [ 35.263561739382794, -14.301047710283569 ], [ 35.263827382927445, -14.301840307983753 ], [ 35.264125583728742, -14.30287655361002 ], [ 35.264122710394815, -14.304439728210866 ], [ 35.26412653521146, -14.306093193845754 ], [ 35.264416803093013, -14.3073192593763 ], [ 35.264915573395058, -14.307910851404642 ], [ 35.265723688897197, -14.308915125232772 ], [ 35.266313609085842, -14.310047974234578 ], [ 35.266629406022332, -14.310930442086203 ], [ 35.266642572097055, -14.312357927876008 ], [ 35.266571545440513, -14.314283168633267 ], [ 35.266668954608633, -14.315736956895023 ], [ 35.266959410448464, -14.31657448652328 ], [ 35.267449462722595, -14.3175637137943 ], [ 35.267957485249781, -14.318381093212849 ], [ 35.268656810663344, -14.319043040104191 ], [ 35.269690862843106, -14.319701785409052 ], [ 35.270624803392025, -14.320253056333456 ], [ 35.271758813418558, -14.320829515469711 ], [ 35.272926616370285, -14.321080367864624 ], [ 35.274304057586221, -14.32132920577817 ], [ 35.275346659620709, -14.321454748437816 ], [ 35.275828588318745, -14.322552454632046 ], [ 35.27635203511835, -14.32363169055003 ], [ 35.277067749776904, -14.32488075354388 ], [ 35.277682988579102, -14.325814536711448 ], [ 35.27860001377968, -14.326808668884894 ], [ 35.279556610948873, -14.327820487125734 ], [ 35.280749042734215, -14.328784856236098 ], [ 35.2815077216041, -14.329410042439463 ], [ 35.282081967508873, -14.330009893841464 ], [ 35.282421636949039, -14.331009557744835 ], [ 35.282561967161087, -14.332056315546481 ], [ 35.282584217287877, -14.333510802581429 ], [ 35.282606986323401, -14.334558690830875 ], [ 35.28271184277736, -14.336048523920169 ], [ 35.283103010995205, -14.336812768694301 ], [ 35.283769762964255, -14.337393650696356 ], [ 35.28439487902051, -14.337866507033652 ], [ 35.285278721036207, -14.338092913157368 ], [ 35.285744824364201, -14.338820287526175 ], [ 35.286261166519694, -14.339646565736359 ], [ 35.286819146386563, -14.340237521044742 ], [ 35.287551978740851, -14.341106884874819 ], [ 35.288828007906318, -14.342079427023918 ], [ 35.289702267645566, -14.343128123763847 ], [ 35.290568031489499, -14.344194968822706 ], [ 35.291117305918988, -14.345237762412751 ], [ 35.291682259129004, -14.346397861771834 ], [ 35.292056048847655, -14.347270677199958 ], [ 35.29268789363141, -14.348457231915688 ], [ 35.293135872022901, -14.349618457225972 ], [ 35.293758983490363, -14.351311070349595 ], [ 35.294141170178932, -14.352608458413556 ], [ 35.294686195311726, -14.355105967466386 ], [ 35.295017215971768, -14.356837542818312 ], [ 35.295248109712531, -14.358235780856546 ], [ 35.295461341667647, -14.360230521221524 ], [ 35.295599309360682, -14.361774222802069 ], [ 35.295639946126641, -14.36218041869131 ], [ 35.295821173908109, -14.363705630210632 ], [ 35.295885115705573, -14.365033201321125 ], [ 35.295724872704739, -14.365622051316564 ], [ 35.295179795411286, -14.366702538191532 ], [ 35.294801120575301, -14.368025366277607 ], [ 35.294481035671311, -14.369356660581388 ], [ 35.293936089678823, -14.370337757981076 ], [ 35.293583905273067, -14.371362162233936 ], [ 35.293039900870781, -14.371981835593203 ], [ 35.292562980497223, -14.37242015256794 ], [ 35.291961197351441, -14.372543440627226 ], [ 35.291409183587007, -14.372946340501187 ], [ 35.290581209255436, -14.373839819651892 ], [ 35.289393151772572, -14.374700639023217 ], [ 35.288615785889874, -14.375331598874141 ], [ 35.28803085334124, -14.375517962683773 ], [ 35.287295739406886, -14.375633494090437 ], [ 35.2865861311451, -14.375522893666584 ], [ 35.285175124532429, -14.375482312658562 ], [ 35.283379716201011, -14.375580964689732 ], [ 35.282244131461539, -14.375908159633809 ], [ 35.281323843520624, -14.376386875054209 ], [ 35.280278682015592, -14.377119782052262 ], [ 35.279392867786669, -14.377742724447103 ], [ 35.278446989636905, -14.378555987668676 ], [ 35.277535616675436, -14.379287596045685 ], [ 35.276539575241259, -14.380354326890654 ], [ 35.275643706591836, -14.381302631411245 ], [ 35.274848835405464, -14.382385492496439 ], [ 35.274746883761736, -14.383073165394194 ], [ 35.274487035448374, -14.383672002360981 ], [ 35.273840506534214, -14.384816682843621 ], [ 35.27356379413385, -14.385524106652156 ], [ 35.273576836102166, -14.387213606322803 ], [ 35.273776502683518, -14.387708634545788 ], [ 35.274442795998311, -14.388515412756021 ], [ 35.27484155719219, -14.389333799415283 ], [ 35.275307579581181, -14.390043111800139 ], [ 35.275704618573343, -14.391891549555339 ], [ 35.275893996910497, -14.393028187400887 ], [ 35.275916995273178, -14.393868258513294 ], [ 35.275188646938545, -14.394715565570834 ], [ 35.273163790976241, -14.396487922479594 ], [ 35.271574545029296, -14.397741059402335 ], [ 35.270261520452834, -14.398810825459179 ], [ 35.268185387845449, -14.400963131543222 ], [ 35.267173728784599, -14.401930600616652 ], [ 35.2655415339147, -14.403355792235971 ], [ 35.264027480284028, -14.404490707879802 ], [ 35.263066396397107, -14.404789054371292 ], [ 35.26201363831882, -14.405476800114172 ], [ 35.260876835897307, -14.406219560084594 ], [ 35.259688523006957, -14.407026056807013 ], [ 35.258509595441524, -14.407787281657704 ], [ 35.257606684201164, -14.408283833332177 ], [ 35.25660350844521, -14.408835553018321 ], [ 35.255416221681344, -14.409343850738082 ], [ 35.254597642567205, -14.409758266430799 ], [ 35.253752284340521, -14.410218114074667 ], [ 35.252599526147264, -14.410762211107112 ], [ 35.251303684017842, -14.411425130165583 ], [ 35.250008099993863, -14.411826010162201 ], [ 35.248880487744373, -14.412279496901192 ], [ 35.24791825812116, -14.412758509997218 ], [ 35.247015407135393, -14.413381523438488 ], [ 35.245903511437973, -14.414133021221915 ], [ 35.244949103218573, -14.414873981648896 ], [ 35.244631398820047, -14.415143219783715 ], [ 35.244488072066929, -14.41497152211798 ], [ 35.244331545064824, -14.414795037361046 ], [ 35.244169801994815, -14.41462331991022 ], [ 35.244002988547152, -14.414456523549688 ], [ 35.243831254009194, -14.414294797566811 ], [ 35.243654753064448, -14.414138288551158 ], [ 35.243473643993525, -14.413987135897571 ], [ 35.243288088674433, -14.413841476303048 ], [ 35.243098254380982, -14.413701438370651 ], [ 35.242904310185793, -14.413567149804067 ], [ 35.242706431456725, -14.413438730213159 ], [ 35.242504795360048, -14.413316294711194 ], [ 35.242299581760335, -14.413199953015351 ], [ 35.242090976817167, -14.413089810346435 ], [ 35.24187916579092, -14.412985964730467 ], [ 35.241664340237151, -14.412888509696927 ], [ 35.241446691711531, -14.412797532480113 ], [ 35.241226415366839, -14.41271311491829 ], [ 35.241003710852624, -14.412635333453807 ], [ 35.240778775120418, -14.412564256435246 ], [ 35.240551812316312, -14.412499948613686 ], [ 35.240323025687132, -14.412442466646496 ], [ 35.240092619378913, -14.412391863593598 ], [ 35.239860801135137, -14.412348183521829 ], [ 35.23962777779974, -14.412311466900633 ], [ 35.23939376071354, -14.412281746105634 ], [ 35.23915895761985, -14.412259047217219 ], [ 35.238923579859375, -14.412243390919684 ], [ 35.238687838772819, -14.412234792501636 ], [ 35.238451946600094, -14.412233257358878 ], [ 35.238216113782698, -14.412238789088804 ], [ 35.237980552560487, -14.412251380496741 ], [ 35.237745473374957, -14.41227102258955 ], [ 35.237511089365341, -14.41229769648146 ], [ 35.237277608275065, -14.412331378790043 ], [ 35.237045241444775, -14.412372038039052 ], [ 35.236814196617956, -14.412419639154962 ], [ 35.236584680638543, -14.41247413897031 ], [ 35.2363569003507, -14.412535488921606 ], [ 35.236131059001252, -14.412603633251024 ], [ 35.235907360736178, -14.412678511703916 ], [ 35.235686005205025, -14.412760055931813 ], [ 35.235467192057342, -14.412848193089587 ], [ 35.235251116445909, -14.41294284493631 ], [ 35.235037971725092, -14.413043926036323 ], [ 35.234827951249031, -14.413151345558106 ], [ 35.234621242076685, -14.4132650063749 ], [ 35.234418029468543, -14.413384808661931 ], [ 35.234218496886172, -14.413510642701965 ], [ 35.234022822395389, -14.413642396979014 ], [ 35.233831181363996, -14.413779952782534 ], [ 35.23364374646178, -14.413923186006173 ], [ 35.233460685862042, -14.414071969845509 ], [ 35.233282164140633, -14.414226169402127 ], [ 35.2331083404776, -14.414385646180563 ], [ 35.232939370455654, -14.4145502580879 ], [ 35.23277540785881, -14.414719856735928 ], [ 35.232616597478057, -14.41489429013933 ], [ 35.232463083204777, -14.415073401816016 ], [ 35.232315002635289, -14.415257031686622 ], [ 35.23217248796999, -14.415445013376598 ], [ 35.232148869075104, -14.415478185769587 ], [ 35.231819926748301, -14.415034638337829 ], [ 35.231142057360103, -14.41439951642451 ], [ 35.230140318720771, -14.413649989955047 ], [ 35.228798239746993, -14.412994027152592 ], [ 35.227564011070285, -14.412228611461217 ], [ 35.226402796551895, -14.41157996194562 ], [ 35.225357894051626, -14.4107404610034 ], [ 35.224355776797722, -14.40977405133134 ], [ 35.223599845356603, -14.40874206849162 ], [ 35.222859205088298, -14.407673795309336 ], [ 35.222484909950708, -14.40685507050506 ], [ 35.221968994973167, -14.405016644002899 ], [ 35.221619991469481, -14.403357358854976 ], [ 35.221421008372886, -14.401985803701848 ], [ 35.220997818894261, -14.400381428460094 ], [ 35.220611939589389, -14.398858020980811 ], [ 35.220275713653336, -14.397433538926634 ], [ 35.219946672401079, -14.396207774668994 ], [ 35.219595840575607, -14.394828605855423 ], [ 35.219431921146281, -14.393953680617813 ], [ 35.219824808867884, -14.392847634110979 ], [ 35.220389138847736, -14.392381511897213 ], [ 35.221097899948177, -14.39216703078381 ], [ 35.222036034035796, -14.392356999076185 ], [ 35.222909946636776, -14.392321674605569 ], [ 35.223076912069871, -14.392039997947506 ], [ 35.223179084047558, -14.391767966518387 ], [ 35.223035181728278, -14.391453069803276 ], [ 35.222682235596722, -14.39103171134434 ], [ 35.222127111976704, -14.390612252253618 ], [ 35.221167946343712, -14.390169481836097 ], [ 35.220149872418745, -14.38974533098218 ], [ 35.219067590496934, -14.389448277715815 ], [ 35.217985043275178, -14.389124115285654 ], [ 35.217017601181396, -14.38866333144756 ], [ 35.216052702370348, -14.387813982928947 ], [ 35.215100823943942, -14.386874150021981 ], [ 35.214065046864448, -14.385591738367964 ], [ 35.212989792245196, -14.384887979296764 ], [ 35.211909067949193, -14.383922227928451 ], [ 35.210914082319107, -14.383190598866975 ], [ 35.209680971499665, -14.382397939113559 ], [ 35.208237717896395, -14.381679520193643 ], [ 35.207119709507026, -14.381220094331866 ], [ 35.206318522381935, -14.380929388480467 ], [ 35.205388918363951, -14.38054048205754 ], [ 35.20418281958149, -14.380136076718543 ], [ 35.203151621849941, -14.379784251142212 ], [ 35.202667577946443, -14.379517683993868 ], [ 35.201867711925445, -14.378946838425804 ], [ 35.199849698904529, -14.377330127183598 ], [ 35.198898341185554, -14.376254670216838 ], [ 35.197948377415742, -14.375143052409896 ], [ 35.196917479158401, -14.374285184613541 ], [ 35.196319724076034, -14.373703402390049 ], [ 35.194921655110363, -14.372559784006796 ], [ 35.194279859328105, -14.372213336376319 ], [ 35.193262448203484, -14.371725795009411 ], [ 35.191805352235292, -14.371061602510906 ], [ 35.190428635872877, -14.370143651008618 ], [ 35.189526431499644, -14.369944172385601 ], [ 35.188140385570364, -14.369911810281792 ], [ 35.186810230707636, -14.370086749104132 ], [ 35.186441502373498, -14.37041544771472 ], [ 35.185307626345946, -14.370579529921315 ], [ 35.183423312835657, -14.370542703582885 ], [ 35.182015528493878, -14.370420146672359 ], [ 35.18094658351805, -14.370231208103746 ], [ 35.179958441728729, -14.369951160117921 ], [ 35.179063422938668, -14.369715430722522 ], [ 35.178212133683076, -14.369388936350276 ], [ 35.177440370576676, -14.368899058544685 ], [ 35.17684335293842, -14.368028061545772 ], [ 35.176066386354705, -14.367059320830947 ], [ 35.17547604528329, -14.366278616664772 ], [ 35.174849960657184, -14.3653355920639 ], [ 35.17412312318362, -14.364456741285551 ], [ 35.173640172855755, -14.363937087826287 ], [ 35.172826002218301, -14.363312041017821 ], [ 35.172292438045645, -14.363009713227655 ], [ 35.171621997057571, -14.36269056631653 ], [ 35.171096104101991, -14.362162264976519 ], [ 35.170555989267541, -14.361480479940155 ], [ 35.169396333274221, -14.360470036762763 ], [ 35.168625077385457, -14.359727111317113 ], [ 35.167898368514955, -14.358857269947009 ], [ 35.167510034060854, -14.358174086464885 ], [ 35.167058878364571, -14.356922207693685 ], [ 35.166801195618746, -14.355849278721166 ], [ 35.166639348227363, -14.354441139147184 ], [ 35.166591355007085, -14.353547011585249 ], [ 35.166681189185567, -14.352226930928055 ], [ 35.166714402947377, -14.350681466676292 ], [ 35.166710287649721, -14.349289956466293 ], [ 35.166617958751829, -14.348604062427512 ], [ 35.166367127041326, -14.348000941090504 ], [ 35.16607986559336, -14.347163215410035 ], [ 35.165563820214174, -14.345604696599423 ], [ 35.164988931294204, -14.344552730823807 ], [ 35.164435272669778, -14.343780687128969 ], [ 35.163262897564721, -14.34197514074009 ], [ 35.162507958075878, -14.340870591604471 ], [ 35.161578972791403, -14.339857986456877 ], [ 35.160729141336844, -14.338944052226168 ], [ 35.160074200164274, -14.338480143243942 ], [ 35.158458924239994, -14.337356302751118 ], [ 35.157002214980309, -14.336881605501674 ], [ 35.155984762486867, -14.336547483979132 ], [ 35.155097065976861, -14.336456153328754 ], [ 35.154571744990108, -14.335855506926066 ], [ 35.153815157043937, -14.335238885865863 ], [ 35.153268030195477, -14.334719758510005 ], [ 35.152757185595704, -14.333875000131115 ], [ 35.152205163737392, -14.332660133858042 ], [ 35.151948879437271, -14.331054029220013 ], [ 35.151897082084702, -14.328659928712682 ], [ 35.151734122232028, -14.327667433305351 ], [ 35.151614717445284, -14.326322133859321 ], [ 35.151242127422279, -14.325394789837617 ], [ 35.150637719155441, -14.324270750594621 ], [ 35.149665727391437, -14.323412085998939 ], [ 35.148578995624177, -14.32212071979535 ], [ 35.1475557119266, -14.321226362906259 ], [ 35.146887881670466, -14.319886016026771 ], [ 35.146278019914746, -14.318671647978135 ], [ 35.145717798037992, -14.317194781314072 ], [ 35.145519658505464, -14.315786930422462 ], [ 35.145350072447911, -14.314640869480513 ], [ 35.144846926044863, -14.313561073284859 ], [ 35.144142868398717, -14.312365618878175 ], [ 35.143559534844712, -14.311440157137497 ], [ 35.142993023109568, -14.310333818351012 ], [ 35.142136566349507, -14.309311415988986 ], [ 35.14172767699074, -14.308212687265666 ], [ 35.141132712504714, -14.306546354130887 ], [ 35.140140903280098, -14.305172749422809 ], [ 35.139528651126398, -14.304247533197042 ], [ 35.138952616470135, -14.303782835509423 ], [ 35.137937034566562, -14.303322088543496 ], [ 35.137127583571157, -14.303284185716564 ], [ 35.134463770086995, -14.303443662494999 ], [ 35.131063650167391, -14.303645857070592 ], [ 35.127576686315081, -14.303668055036667 ], [ 35.126205722016493, -14.303598995197433 ], [ 35.125319473415004, -14.303155106922588 ], [ 35.124483255897587, -14.302611368719624 ], [ 35.123215325127205, -14.301610632824406 ], [ 35.122336389812574, -14.300895577368976 ], [ 35.121205799008465, -14.300209872187793 ], [ 35.11916448365406, -14.299369625707641 ], [ 35.117484189443815, -14.298797235104246 ], [ 35.116337593405262, -14.298626716449746 ], [ 35.115198634409523, -14.298157925048145 ], [ 35.112838405068374, -14.295413786816766 ], [ 35.112350651461441, -14.294162068124876 ], [ 35.112137300795837, -14.292835619368304 ], [ 35.111969140163751, -14.291138279408017 ], [ 35.111844358330529, -14.289124280960777 ], [ 35.111473222511279, -14.287582358239206 ], [ 35.110791306173894, -14.286124517632345 ], [ 35.110159600784982, -14.285081902108061 ], [ 35.109699602055059, -14.284317889359045 ], [ 35.108944584325172, -14.283402870546013 ], [ 35.108066304616329, -14.282434722484425 ], [ 35.107217248377367, -14.28155667480064 ], [ 35.106238458638018, -14.280490007807543 ], [ 35.105345164747632, -14.279648488786677 ], [ 35.104446060337466, -14.278617252384265 ], [ 35.103770507602917, -14.277773800720297 ], [ 35.103245995106647, -14.276793465945673 ], [ 35.102909026330565, -14.27586569294732 ], [ 35.102652038760652, -14.274819738240296 ], [ 35.102143150186293, -14.273649498125792 ], [ 35.101416955727984, -14.272463098992773 ], [ 35.100286135596718, -14.271605576536103 ], [ 35.099147969803028, -14.270829440026603 ], [ 35.098133045303825, -14.269853410306609 ], [ 35.097159948273031, -14.26932882856255 ], [ 35.096071864824751, -14.268705852892765 ], [ 35.094788365890452, -14.268617740915943 ], [ 35.093244130112566, -14.268513839542038 ], [ 35.091627847846951, -14.268446706050611 ], [ 35.090733786834846, -14.26820153197508 ], [ 35.090129318313416, -14.267773085059787 ], [ 35.089530797008706, -14.26717289011674 ], [ 35.089179028989065, -14.266516312177998 ], [ 35.088942734819398, -14.265759318637606 ], [ 35.088414056663453, -14.264065093928878 ], [ 35.087956761295573, -14.262135291810239 ], [ 35.087506776516591, -14.260621102381947 ], [ 35.086968711237091, -14.259225156715559 ], [ 35.086576078922974, -14.258026739042748 ], [ 35.086110900097992, -14.25662111487253 ], [ 35.08589097988488, -14.255186234856808 ], [ 35.085612754824808, -14.253896447862758 ], [ 35.085608983068141, -14.252604260578096 ], [ 35.085965771103531, -14.251480613439526 ], [ 35.086227863225361, -14.250701180914746 ], [ 35.086518243522164, -14.249975720303212 ], [ 35.0864200276622, -14.249118111511564 ], [ 35.086146971005974, -14.24864156525598 ], [ 35.084406043604076, -14.24393971984216 ], [ 35.083868052069022, -14.242607012703445 ], [ 35.083451996912174, -14.241878686851862 ], [ 35.08320218503286, -14.240715155679823 ], [ 35.083328082025389, -14.237018116492834 ], [ 35.083540900292348, -14.232760053233847 ], [ 35.083490082301523, -14.230501362747646 ], [ 35.083286017136061, -14.228515104788187 ], [ 35.082914812968284, -14.226864655479403 ], [ 35.082412697188261, -14.225649100325654 ], [ 35.08170183976813, -14.224525726580964 ], [ 35.081033747809272, -14.223266429302214 ], [ 35.080646693090443, -14.222221560076889 ], [ 35.0804778984363, -14.220985021941146 ], [ 35.080221026878917, -14.219803468355337 ], [ 35.079624578511527, -14.218905003363147 ], [ 35.078870924153875, -14.21746570857556 ], [ 35.078427076348532, -14.216349033880761 ], [ 35.077895653461667, -14.215215046337278 ], [ 35.077328679475045, -14.21386448675662 ], [ 35.077007580135785, -14.212620228840422 ], [ 35.076684809856147, -14.212207349189782 ], [ 35.075862690111137, -14.211889170848508 ], [ 35.075566702541323, -14.21193692305053 ], [ 35.075190984676226, -14.212193208249914 ], [ 35.075111078113821, -14.212699951041884 ], [ 35.07509268248134, -14.213793537441745 ], [ 35.074996799462781, -14.214770321692924 ], [ 35.074670862670246, -14.215026174318439 ], [ 35.074100630439773, -14.215094378003073 ], [ 35.073206711520584, -14.214903326926958 ], [ 35.072579926322589, -14.214610553534158 ], [ 35.071729608334806, -14.214120910451584 ], [ 35.070838049236613, -14.213170753327574 ], [ 35.069990004734962, -14.212102740049374 ], [ 35.069176692050746, -14.21122419054393 ], [ 35.06838597483295, -14.210155672746055 ], [ 35.067040708661807, -14.208649150038184 ], [ 35.066177393671808, -14.207680653039688 ], [ 35.065523877025385, -14.206927219915201 ], [ 35.064558674243472, -14.206149363902 ], [ 35.06360140078408, -14.205543131810032 ], [ 35.062340634912402, -14.204858182059411 ], [ 35.060718465684715, -14.20434803353487 ], [ 35.058145627618671, -14.203574953821033 ], [ 35.056739449466079, -14.203324981862352 ], [ 35.055449230797421, -14.202965565108684 ], [ 35.054137205367795, -14.202434630553739 ], [ 35.052480349288714, -14.20179820642204 ], [ 35.050858539789829, -14.201324129704801 ], [ 35.048637547984526, -14.201108199783562 ], [ 35.04680511276581, -14.201160027713058 ], [ 35.044719666779258, -14.201403775463803 ], [ 35.042505271501113, -14.201278098805176 ], [ 35.042008387077431, -14.201002200291271 ], [ 35.041375188813959, -14.200438286697533 ], [ 35.040879525669652, -14.199846087626781 ], [ 35.040377328950626, -14.198847287971944 ], [ 35.04023138517033, -14.19664355955257 ], [ 35.040151035242161, -14.194394088016679 ], [ 35.039981341265957, -14.193157495921639 ], [ 35.03976051363685, -14.192481618531815 ], [ 35.039185434060585, -14.191745500954084 ], [ 35.038717182252185, -14.191496458894392 ], [ 35.038241325776596, -14.191238443399413 ], [ 35.037702023029965, -14.190682752307112 ], [ 35.036934140498261, -14.189424134016519 ], [ 35.036336043673543, -14.188896049413131 ], [ 35.035885509408786, -14.187842574575086 ], [ 35.035340222573268, -14.18674471909344 ], [ 35.034838033048857, -14.185610348438786 ], [ 35.034365342186845, -14.1846022408007 ], [ 35.034181251863345, -14.183239245394816 ], [ 35.03412101527266, -14.181613130841242 ], [ 35.034310297382376, -14.180897614932917 ], [ 35.034937179707129, -14.178750568084183 ], [ 35.035596088688578, -14.177534038964666 ], [ 35.035974392104549, -14.176464482449887 ], [ 35.036360435086067, -14.17515990250746 ], [ 35.036333131668755, -14.174500447637513 ], [ 35.036197019277097, -14.174167241624843 ], [ 35.035484171657231, -14.173748565843596 ], [ 35.034958181574893, -14.173771105552021 ], [ 35.034200230256488, -14.173876943166363 ], [ 35.033318125730943, -14.174471820418148 ], [ 35.032119401389309, -14.17539470560115 ], [ 35.030515050429301, -14.176402353685603 ], [ 35.029769916248711, -14.177104502071074 ], [ 35.028209823624536, -14.177949099471334 ], [ 35.02679398045791, -14.178611731646072 ], [ 35.025300168767842, -14.178904503240176 ], [ 35.02389329364064, -14.179079053555427 ], [ 35.023135118391053, -14.179293303543091 ], [ 35.021568742203726, -14.179695108042779 ], [ 35.019887944373181, -14.179989425571478 ], [ 35.01812682269474, -14.18036574058641 ], [ 35.016481861049101, -14.180524179547206 ], [ 35.015032087361021, -14.180825557653293 ], [ 35.01295403739897, -14.181041836511497 ], [ 35.011395730828383, -14.181181440071384 ], [ 35.009238967704221, -14.181335089242907 ], [ 35.007341966558556, -14.181405211181527 ], [ 35.006275071137679, -14.181143039020014 ], [ 35.004920613895251, -14.180765786911479 ], [ 35.003084494154109, -14.179660559687022 ], [ 35.001199929733048, -14.177914095159338 ], [ 35.000424504587272, -14.176890352807504 ], [ 34.999631464420588, -14.174185874678301 ], [ 34.999315764610913, -14.171188226555387 ], [ 34.999045468873362, -14.169672265462623 ], [ 34.999041899464146, -14.166355717742135 ], [ 34.999391841860074, -14.164870733797272 ], [ 34.999862978693557, -14.164071550361712 ], [ 35.000681594679918, -14.162763397412789 ], [ 35.000812919980319, -14.162292378390532 ], [ 35.000749003363865, -14.161868172677998 ], [ 35.000079974311404, -14.161485161311077 ], [ 34.999272775218458, -14.16132018607766 ], [ 34.997750727514131, -14.161224420870269 ], [ 34.996397712784244, -14.160467537047168 ], [ 34.995243394267277, -14.160522324645513 ], [ 34.993685540955028, -14.160634682344664 ], [ 34.992919514623964, -14.161074824043851 ], [ 34.991518789960253, -14.161881714669335 ], [ 34.990824337972867, -14.162565256081677 ], [ 34.989522749175592, -14.163723759144148 ], [ 34.987896688581372, -14.165047612457329 ], [ 34.98662765344352, -14.165094274680996 ], [ 34.985703715154386, -14.165418223072493 ], [ 34.98507368969905, -14.166191588770744 ], [ 34.984904396820525, -14.167159955367595 ], [ 34.984533688179226, -14.167732358561466 ], [ 34.984079280534445, -14.167799377838946 ], [ 34.982405331940583, -14.167948777713889 ], [ 34.980263138732937, -14.16803877377032 ], [ 34.977170595046971, -14.167946808198622 ], [ 34.975909513513272, -14.167577643693278 ], [ 34.974814026845934, -14.167279405120382 ], [ 34.973567372236516, -14.167172185248091 ], [ 34.972686356790007, -14.167577067227796 ], [ 34.972166359789696, -14.167825345763049 ], [ 34.971172371507805, -14.167616627505311 ], [ 34.969953164207197, -14.16767183148977 ], [ 34.968711293091758, -14.168052552283427 ], [ 34.967116036975597, -14.168671132067061 ], [ 34.965861200334189, -14.168690459397112 ], [ 34.9648450671462, -14.168599378758302 ], [ 34.96403098374293, -14.168443378758866 ], [ 34.962936114010517, -14.168081818920768 ], [ 34.961962916255629, -14.167665036212384 ], [ 34.960523169109024, -14.166980947112961 ], [ 34.959458016574274, -14.166438383424634 ], [ 34.958630959551215, -14.165848684469154 ], [ 34.957550074276583, -14.165360463214768 ], [ 34.956397841287412, -14.164854743851322 ], [ 34.954957167839098, -14.164532112966583 ], [ 34.953306885804182, -14.164337702023261 ], [ 34.951989158672802, -14.163634487941238 ], [ 34.951168880739317, -14.162954331577112 ], [ 34.950602751216024, -14.162073287352257 ], [ 34.950403134996748, -14.161406154970052 ], [ 34.94993602802532, -14.160867717371218 ], [ 34.94944071651588, -14.160076465056761 ], [ 34.949097098152606, -14.159220718761105 ], [ 34.948638144434881, -14.158347834085248 ], [ 34.947941106896621, -14.157657625099262 ], [ 34.947287176561986, -14.15693091532944 ], [ 34.946747845936386, -14.156609949089841 ], [ 34.94575357616668, -14.156157112560663 ], [ 34.944168687435024, -14.155817503375033 ], [ 34.943117778362819, -14.155374150196849 ], [ 34.942045892603915, -14.154641768402826 ], [ 34.94117552782842, -14.153645671210711 ], [ 34.940717773806284, -14.152772755957869 ], [ 34.940135581491973, -14.151900845247781 ], [ 34.939749955795889, -14.151000231775242 ], [ 34.939378945881685, -14.149638597942896 ], [ 34.939008535815333, -14.148005839198049 ], [ 34.938573963617557, -14.146382633951362 ], [ 34.938324642768123, -14.145444766962385 ], [ 34.937896738143991, -14.144128773723878 ], [ 34.937424014007092, -14.143192707177661 ], [ 34.936900755165766, -14.142166673353245 ], [ 34.935967879414136, -14.140683036592804 ], [ 34.935645948202023, -14.139917459023479 ], [ 34.934963772859874, -14.138919811400115 ], [ 34.934168650762672, -14.137227195578589 ], [ 34.933811756607327, -14.136226924632808 ], [ 34.93346388355144, -14.134512630653319 ], [ 34.933387923214127, -14.131070017767058 ], [ 34.933363985959261, -14.129606161595063 ], [ 34.933160965805996, -14.127565356156197 ], [ 34.932957462716786, -14.125398030494694 ], [ 34.933013793551766, -14.123843154837687 ], [ 34.933269651573198, -14.122476460520204 ], [ 34.933698883596662, -14.121216819700408 ], [ 34.933924818475646, -14.120419717296045 ], [ 34.934055846999797, -14.119966797129962 ], [ 34.934180321264876, -14.119715951030287 ], [ 34.934997286995269, -14.119506836171524 ], [ 34.934942119882976, -14.119668027057742 ], [ 34.93567011118671, -14.118886862438728 ], [ 34.935643832097242, -14.118245080146266 ], [ 35.162632301939254, -14.030232370527415 ], [ 35.16311524866984, -14.030527492949375 ], [ 35.163772069425534, -14.031172229514709 ], [ 35.164454304122899, -14.031997460914056 ], [ 35.165044459933938, -14.032687971172891 ], [ 35.165460345118902, -14.033361966281689 ], [ 35.165850304647904, -14.034108482720228 ], [ 35.16621563264539, -14.034819073041717 ], [ 35.166597213190869, -14.035412046428746 ], [ 35.167163345412121, -14.036129872695426 ], [ 35.167612351728678, -14.036695130775627 ], [ 35.168027657750258, -14.037305871168996 ], [ 35.168526224805476, -14.038096588386793 ], [ 35.16907517188173, -14.038462150208034 ], [ 35.16966649950939, -14.039089379671111 ], [ 35.170415469298518, -14.039317599727383 ], [ 35.17133222110516, -14.039670817454237 ], [ 35.171898255300277, -14.039945856216264 ], [ 35.17268157739295, -14.040074362142036 ], [ 35.173331262927491, -14.040140812148707 ], [ 35.173922532099255, -14.040515017354096 ], [ 35.174422666672797, -14.040917148307699 ], [ 35.174988183757705, -14.041381943122133 ], [ 35.175803379622323, -14.042251117195235 ], [ 35.176452729709752, -14.042832623326831 ], [ 35.17716215001326, -14.043168526406305 ], [ 35.180993476867513, -14.052247327252303 ], [ 35.180983444930064, -14.053156248661878 ], [ 35.180821347527228, -14.054793254005403 ], [ 35.180718537030884, -14.056032133076428 ], [ 35.180315731585779, -14.057481552431625 ], [ 35.17982733856087, -14.05979017777446 ], [ 35.179574697414409, -14.061030409425825 ], [ 35.179397494099135, -14.062233816537344 ], [ 35.179336695432198, -14.063327738384373 ], [ 35.179402700274466, -14.064004853241329 ], [ 35.179474438294733, -14.065531313918939 ], [ 35.179612664093213, -14.066930667116537 ], [ 35.179736242633567, -14.067760876263378 ], [ 35.180026644514101, -14.068734155856589 ], [ 35.180432643451809, -14.069634102032126 ], [ 35.181047809408938, -14.0705050477697 ], [ 35.181496347178722, -14.071314244256939 ], [ 35.182136442342994, -14.072311466500935 ], [ 35.182959566630757, -14.073207632825927 ], [ 35.183466439824372, -14.073944007609839 ], [ 35.184090524358282, -14.074959439326619 ], [ 35.184796805128485, -14.075856654261145 ], [ 35.185244497535564, -14.077000184510837 ], [ 35.18531846227728, -14.077903124529541 ], [ 35.185224826664466, -14.07882565537966 ], [ 35.184972330308824, -14.079713481391991 ], [ 35.184763704681302, -14.080103923856939 ], [ 35.184203867714359, -14.08061501666964 ], [ 35.183618596121391, -14.081189591726229 ], [ 35.182858561973092, -14.081883217236623 ], [ 35.182241502943043, -14.082096633552737 ], [ 35.182057508846981, -14.082279020560293 ], [ 35.181572269744493, -14.082726181468047 ], [ 35.180863671421378, -14.083292830799451 ], [ 35.179869675944815, -14.083843987509965 ], [ 35.179185475329461, -14.084238726036347 ], [ 35.178350657157182, -14.084553498644993 ], [ 35.177541635138425, -14.084904180283672 ], [ 35.176948344290736, -14.085307128720956 ], [ 35.17631326554482, -14.085818887031962 ], [ 35.175820653800201, -14.086528152652079 ], [ 35.175477327716578, -14.087299324004562 ], [ 35.175174665378563, -14.088332176488734 ], [ 35.174972263059544, -14.089382196131396 ], [ 35.174927502002674, -14.090765131305716 ], [ 35.174951278278911, -14.09144262837458 ], [ 35.175097570096852, -14.0932033561499 ], [ 35.175170156177842, -14.094512942618167 ], [ 35.175417665792679, -14.095902273770889 ], [ 35.175764309475369, -14.097128058712883 ], [ 35.175945206306267, -14.098264978046245 ], [ 35.176084447439337, -14.099646249474802 ], [ 35.176274542536135, -14.100837301700039 ], [ 35.176672225442928, -14.101890935718075 ], [ 35.17714562137337, -14.102690871886182 ], [ 35.177710739159352, -14.103643591178752 ], [ 35.178034264869495, -14.104381627909731 ], [ 35.178457400388766, -14.105371772489264 ], [ 35.178839541211914, -14.106127348698124 ], [ 35.179029399786998, -14.107047314681779 ], [ 35.179135299454572, -14.108022256222114 ], [ 35.179424772335437, -14.109194330953585 ], [ 35.179581421645366, -14.110150740164499 ], [ 35.179678285824309, -14.111270341253203 ], [ 35.179735291150791, -14.11233608554187 ], [ 35.179866315178344, -14.113274654002055 ], [ 35.179840288798346, -14.113762840182858 ], [ 35.179671331366876, -14.11467701723052 ], [ 35.179477395265621, -14.116007082161047 ], [ 35.179323285641146, -14.117752446817917 ], [ 35.179196566668281, -14.11866624255299 ] ] ] ] } },
{ "type": "Feature", "properties": { "SitRecID": 48987, "Country": "Malawi", "ISO3": "MWI", "NatName": "Lake Malombe", "IntName": "Lake Malombe", "SitLat": -14.641691718200001, "SitLong": 35.249527966700001, "IbaStatus": null, "AzeStatus": null, "AddedDate": "2019-07-25", "ChangeDate": null, "Source": "Konings, A. 2016. Malawi Cichlids in their Natural Habitat. 5th Edition.", "DelTxt": "New polygon delineated.Lake Malombe KBA has been newly delineated for freshwater trigger species.The KBA includes the entire lake,except for a small section of on the south-eastern shoreline that is included in the Liwonde National Park(an existing KBA)", "DelGeom": "4. refined polygon", "Shape_Leng": 0.76775724861000005, "Shape_Area": 0.02669948734, "GISArea": 31825.0, "KBA_Qual": "Global", "LegacyKBA": null, "Trigger Ecosystems": null }, "geometry": { "type": "MultiPolygon", "coordinates": [ [ [ [ 35.309732209274102, -14.594317606172524 ], [ 35.312022440783039, -14.594674524609559 ], [ 35.311927006526162, -14.595214542317251 ], [ 35.311935872042909, -14.595215575638235 ], [ 35.312022440783039, -14.594674524609559 ], [ 35.315413172679825, -14.59580476917472 ], [ 35.317316741574416, -14.596935012840504 ], [ 35.31776288984554, -14.598392432564651 ], [ 35.318179295737934, -14.598838581735095 ], [ 35.319844918408307, -14.599373960739626 ], [ 35.319904404964348, -14.59976062245471 ], [ 35.320677730193154, -14.600028311956976 ], [ 35.322730015477873, -14.601485731681123 ], [ 35.322462325975607, -14.60237803002201 ], [ 35.322967960802828, -14.603329814019673 ], [ 35.325734084760256, -14.605471329138481 ], [ 35.326656125479872, -14.605263126192256 ], [ 35.327697140210887, -14.605857991752885 ], [ 35.328559694374462, -14.607047721974766 ], [ 35.328500207818365, -14.607553357701249 ], [ 35.327491760236626, -14.608624131898125 ], [ 35.327505086390659, -14.609276922791707 ], [ 35.329392506159309, -14.610914346319987 ], [ 35.329868397708424, -14.612520482434263 ], [ 35.330909412439496, -14.613145091272884 ], [ 35.33325913050453, -14.615911214331049 ], [ 35.333556562385525, -14.617130687830922 ], [ 35.33465706367258, -14.618350162230172 ], [ 35.336233456508864, -14.619272202949787 ], [ 35.337452930008737, -14.6205511630057 ], [ 35.338069322641161, -14.621964518647587 ], [ 35.338821119898796, -14.62438804407293 ], [ 35.340129824132134, -14.626678275581924 ], [ 35.341059731221662, -14.627757042053815 ], [ 35.342105966517181, -14.628135695306071 ], [ 35.343476536013384, -14.629620478702066 ], [ 35.345361068958198, -14.631904761195699 ], [ 35.346103460206564, -14.633503759390919 ], [ 35.34581792545697, -14.635616721034808 ], [ 35.345532389808, -14.636073577533523 ], [ 35.345646603707848, -14.638186538278092 ], [ 35.34381917771293, -14.641384533769155 ], [ 35.341078038720582, -14.64423988756073 ], [ 35.340164325723094, -14.644582530159596 ], [ 35.338565328427194, -14.645096493608264 ], [ 35.337152485398917, -14.646024752240464 ], [ 35.337308972830897, -14.648580023848979 ], [ 35.336452366783362, -14.64937952294656 ], [ 35.335709974635677, -14.651606698490298 ], [ 35.334910476437415, -14.65469048008157 ], [ 35.334110977339776, -14.658174011221604 ], [ 35.331484052247276, -14.660743828464888 ], [ 35.327086808109755, -14.663656289206358 ], [ 35.324859632566017, -14.664570002203789 ], [ 35.324231455217557, -14.664113145705073 ], [ 35.324231455217557, -14.665026858702504 ], [ 35.323489063069871, -14.665940571699991 ], [ 35.323717491768889, -14.666111892549736 ], [ 35.324060133468436, -14.666740070797573 ], [ 35.323774598718785, -14.66765378379506 ], [ 35.322061386623773, -14.66936699589013 ], [ 35.317949678135165, -14.67130863578484 ], [ 35.31606514519035, -14.671822599233508 ], [ 35.314980110443798, -14.671879706183461 ], [ 35.314237719195432, -14.671879706183461 ], [ 35.313609540947596, -14.672507884431297 ], [ 35.313038470549031, -14.67290763398006 ], [ 35.311782114952678, -14.673250275679607 ], [ 35.310925508905143, -14.67359291827853 ], [ 35.310068902857608, -14.674449524326064 ], [ 35.309612046358893, -14.675534558173297 ], [ 35.309783368108015, -14.676733806819698 ], [ 35.308812547261311, -14.677761733716977 ], [ 35.309098082910225, -14.678218590215693 ], [ 35.309497832459044, -14.679303624962301 ], [ 35.310354438506579, -14.680674194458447 ], [ 35.310697081105445, -14.682444513503469 ], [ 35.310639974155549, -14.683872189949568 ], [ 35.309726261158062, -14.685014330746696 ], [ 35.307784620363975, -14.685870936794231 ], [ 35.308127262962842, -14.686613328941917 ], [ 35.30732776386526, -14.688612075786637 ], [ 35.305100588321523, -14.689925538332886 ], [ 35.302759144918639, -14.690576171752866 ], [ 35.299047239938204, -14.691638750427956 ], [ 35.298533276489593, -14.691353215678305 ], [ 35.298076419990821, -14.691010573079438 ], [ 35.297276920893239, -14.69220982082652 ], [ 35.297733777391954, -14.692438249525537 ], [ 35.29819063389067, -14.693066426874054 ], [ 35.29819063389067, -14.69409435467071 ], [ 35.297567008011072, -14.695479303427078 ], [ 35.296421365253877, -14.693497161664652 ], [ 35.296142460306328, -14.692950031218913 ], [ 35.295644830344713, -14.692128245122376 ], [ 35.294793935891505, -14.691531312020402 ], [ 35.294638285728354, -14.692458951019717 ], [ 35.294552008368555, -14.693363314665191 ], [ 35.294300941934978, -14.694264792386207 ], [ 35.294271329058631, -14.69462279990222 ], [ 35.294267026701959, -14.694674808595494 ], [ 35.29421903977692, -14.695254946858256 ], [ 35.294205977124193, -14.696226351364999 ], [ 35.294173273277977, -14.697261194948169 ], [ 35.294125501290921, -14.698241976685836 ], [ 35.294019767997952, -14.699227850384943 ], [ 35.293821597888495, -14.700250777950998 ], [ 35.293598466196329, -14.701055962562577 ], [ 35.293550444197706, -14.701229252927646 ], [ 35.293143825627112, -14.702069022767148 ], [ 35.292567539160643, -14.70305051586854 ], [ 35.292069871427486, -14.703949914356997 ], [ 35.291519251612215, -14.704723343007799 ], [ 35.291080166616439, -14.705622161433553 ], [ 35.29095212833812, -14.706639878327678 ], [ 35.290831265750342, -14.707567172886684 ], [ 35.290585997246012, -14.708581530812978 ], [ 35.290353982950023, -14.709278797678337 ], [ 35.289921917162815, -14.710169270395454 ], [ 35.289981472966645, -14.71025715394444 ], [ 35.289867827438343, -14.710535699163131 ], [ 35.289353435013084, -14.711335872752272 ], [ 35.288776699784933, -14.71205534657696 ], [ 35.288128511621551, -14.712766489981504 ], [ 35.287393331137366, -14.713370069972711 ], [ 35.28659251363365, -14.714078198849734 ], [ 35.285920292887283, -14.714766987806172 ], [ 35.285150431847001, -14.715384456027778 ], [ 35.284457442157304, -14.716141210348553 ], [ 35.283746119787622, -14.716753580313423 ], [ 35.282929976037622, -14.71738505187858 ], [ 35.282122357860601, -14.71794415679733 ], [ 35.28136484631068, -14.718579564695119 ], [ 35.28076351192658, -14.719281195970382 ], [ 35.280128854962754, -14.720014778359314 ], [ 35.279435879662174, -14.720776038283475 ], [ 35.278635009997743, -14.721484147375463 ], [ 35.277862033705958, -14.72202934607742 ], [ 35.277025505922438, -14.722489334015506 ], [ 35.276048622745805, -14.722955217009599 ], [ 35.275240965897922, -14.723514303042577 ], [ 35.274478901979819, -14.724050350243431 ], [ 35.273636660803334, -14.724632359096063 ], [ 35.272875168854, -14.725168397303662 ], [ 35.272116788559003, -14.725781201641098 ], [ 35.271443812382074, -14.726460929927953 ], [ 35.270646336759114, -14.72699731527382 ], [ 35.269866319674975, -14.727650983905733 ], [ 35.269193674448559, -14.728588208778774 ], [ 35.268883789655206, -14.729481216684746 ], [ 35.268942174541792, -14.730483163067504 ], [ 35.268945880647948, -14.730546764921201 ], [ 35.269145887173011, -14.731538679366508 ], [ 35.269507831920976, -14.732479309972121 ], [ 35.26997105112315, -14.733337629228174 ], [ 35.270478058315803, -14.734109682815586 ], [ 35.271044482816706, -14.734903740115442 ], [ 35.271568240781733, -14.735779531400226 ], [ 35.272054542882927, -14.736624064049295 ], [ 35.272553848281518, -14.737491056367105 ], [ 35.273108544723584, -14.73827166790312 ], [ 35.273698198712964, -14.73906548688268 ], [ 35.274354082375055, -14.73975474798317 ], [ 35.27505259300284, -14.740357753307649 ], [ 35.275801849675702, -14.741041572610413 ], [ 35.276392822970479, -14.741848922789529 ], [ 35.276691894315547, -14.742708838342196 ], [ 35.276830468151616, -14.743647130710485 ], [ 35.276780335444187, -14.74457373099284 ], [ 35.276658601413374, -14.745478447172559 ], [ 35.276362981666296, -14.746315535233691 ], [ 35.27634715899427, -14.746699293037921 ], [ 35.276345647233882, -14.747302115799982 ], [ 35.276390135796191, -14.748232300779989 ], [ 35.276447045794555, -14.749184951724089 ], [ 35.276550279871572, -14.750128111223319 ], [ 35.276586075586977, -14.75063304637797 ], [ 35.276621007953224, -14.751125800215448 ], [ 35.276701711314956, -14.752078216436473 ], [ 35.276920573026075, -14.75297957724564 ], [ 35.277105345935013, -14.753894825385828 ], [ 35.277363308370013, -14.754872598891268 ], [ 35.277697802211833, -14.755732160111052 ], [ 35.278215280211043, -14.756720925130537 ], [ 35.278563989636439, -14.757941750311488 ], [ 35.279005936274984, -14.758809283121877 ], [ 35.279456918402104, -14.759708347961862 ], [ 35.279931618349565, -14.760711082150692 ], [ 35.280547636864014, -14.761631102992965 ], [ 35.281127840777287, -14.762510817120472 ], [ 35.281696147559217, -14.763417751927648 ], [ 35.282264692661499, -14.764180119816615 ], [ 35.280560192299106, -14.765556641026137 ], [ 35.275416666446063, -14.770972222589933 ], [ 35.274890951556245, -14.771645747353318 ], [ 35.273520382060042, -14.770732034355831 ], [ 35.270208172669072, -14.770332284807068 ], [ 35.265468285932684, -14.769133037059987 ], [ 35.258509029767936, -14.767775065267017 ], [ 35.251876804870676, -14.766334790218366 ], [ 35.245962315408576, -14.764866557045934 ], [ 35.234973113518436, -14.762737045178426 ], [ 35.227492088689019, -14.760281441835048 ], [ 35.224750949696613, -14.759082193188647 ], [ 35.222523774152933, -14.755712876847724 ], [ 35.221895595905096, -14.75554155509866 ], [ 35.221381632456428, -14.754570735151276 ], [ 35.220353705559091, -14.753485701304044 ], [ 35.218868921263777, -14.752115131807841 ], [ 35.217441244817621, -14.751715382259022 ], [ 35.216870174419057, -14.750858776211487 ], [ 35.216470424870238, -14.750972990111336 ], [ 35.21201607378282, -14.749887956264104 ], [ 35.206134046249304, -14.747832101570168 ], [ 35.203050264658032, -14.745833354725505 ], [ 35.20156548126198, -14.743549072231872 ], [ 35.20156548126198, -14.741264789738182 ], [ 35.201279945613067, -14.7378383655481 ], [ 35.20025201871573, -14.734983012655846 ], [ 35.198642856382776, -14.731028261944687 ], [ 35.19602609632733, -14.730071805069713 ], [ 35.195659394165773, -14.728157545933925 ], [ 35.193295861614786, -14.726080728942463 ], [ 35.191963082530265, -14.725434027358403 ], [ 35.189572997495873, -14.721277316794669 ], [ 35.188944820147356, -14.721220209844773 ], [ 35.187688464551059, -14.72116310289482 ], [ 35.186546323753873, -14.720763353346058 ], [ 35.184433362110042, -14.720534924646984 ], [ 35.182206186566304, -14.719792533398675 ], [ 35.180207438822322, -14.719164355150838 ], [ 35.17872265542627, -14.718193535203454 ], [ 35.177294978980171, -14.717279822205967 ], [ 35.175581766885102, -14.715109753612182 ], [ 35.175353339085405, -14.713282327617264 ], [ 35.176324159032788, -14.710998045123631 ], [ 35.179713541946455, -14.708052758228177 ], [ 35.179807690172822, -14.706657908835382 ], [ 35.180778510120206, -14.703745448093912 ], [ 35.183806481583929, -14.70172417503062 ], [ 35.182777256964869, -14.699462418755559 ], [ 35.184163889252147, -14.69916395355358 ], [ 35.185056084170981, -14.696776910925678 ], [ 35.184947325558653, -14.695293602417792 ], [ 35.186203681155007, -14.691924286076869 ], [ 35.186203681155007, -14.69049660963077 ], [ 35.186831858503524, -14.689525788784067 ], [ 35.187402928902088, -14.687469934989451 ], [ 35.188716391448338, -14.68627068634305 ], [ 35.190496580552804, -14.682884043663648 ], [ 35.190847444753842, -14.682203233492373 ], [ 35.19217938117356, -14.681556653316875 ], [ 35.191942941313755, -14.679389285387174 ], [ 35.192585395399703, -14.678675446714465 ], [ 35.192157092375965, -14.675962861197036 ], [ 35.190372496593511, -14.674249650001286 ], [ 35.189838888354075, -14.669662543691402 ], [ 35.187659911076082, -14.66796787291895 ], [ 35.186660537653722, -14.665612205838556 ], [ 35.185090092933478, -14.663827610056103 ], [ 35.183733800174764, -14.660115651116371 ], [ 35.183733800174764, -14.657331681911558 ], [ 35.186284722661867, -14.653139105485309 ], [ 35.18822772053295, -14.650512938521274 ], [ 35.188922853307076, -14.649121065884458 ], [ 35.188657803315039, -14.648284758434784 ], [ 35.188016830412437, -14.647909016287997 ], [ 35.187588527388698, -14.644910895121654 ], [ 35.18516147662092, -14.641056168807097 ], [ 35.184519022534914, -14.638129431328139 ], [ 35.183376881737729, -14.633775018302401 ], [ 35.18266304306502, -14.629991674775908 ], [ 35.182877194127286, -14.624852039390078 ], [ 35.185090092933478, -14.623281594669834 ], [ 35.18805445534889, -14.619858083383804 ], [ 35.187939816969049, -14.614277115596337 ], [ 35.186303618317368, -14.613573394296679 ], [ 35.184376255160089, -14.611788798514169 ], [ 35.183019962401374, -14.609433131433832 ], [ 35.181021214657392, -14.606863314190548 ], [ 35.180592911633596, -14.60372242564938 ], [ 35.18266304306502, -14.592729315305633 ], [ 35.185416497373524, -14.590475582781892 ], [ 35.186777328111248, -14.589191232189592 ], [ 35.189866126120876, -14.584089236129273 ], [ 35.189615094760882, -14.580126410405455 ], [ 35.189230355796326, -14.577738711272445 ], [ 35.189128074101404, -14.575210806033851 ], [ 35.187088840677518, -14.574455055356452 ], [ 35.185661164231419, -14.573384297347388 ], [ 35.18394795213635, -14.572599074987295 ], [ 35.182591659377636, -14.570386177080366 ], [ 35.182234740041281, -14.567887742625203 ], [ 35.183680232956419, -14.56699925111451 ], [ 35.184523189993286, -14.564303492811916 ], [ 35.18483643285515, -14.561420356264364 ], [ 35.185568990016918, -14.559963921297879 ], [ 35.18444763884753, -14.557322935305194 ], [ 35.186589153966338, -14.554824501749295 ], [ 35.186589153966338, -14.554396198725556 ], [ 35.187088840677518, -14.552540219255661 ], [ 35.188873436459971, -14.550827007160592 ], [ 35.193085082110883, -14.549185178752964 ], [ 35.196074925917173, -14.55085569103727 ], [ 35.198473112943873, -14.550701672244315 ], [ 35.201752220988283, -14.548987888180477 ], [ 35.202721899695973, -14.546258442173325 ], [ 35.207648526158607, -14.545917999316146 ], [ 35.208432605480425, -14.54511630047682 ], [ 35.210258570976293, -14.545140244926301 ], [ 35.213672756292738, -14.542741970665361 ], [ 35.214799708439841, -14.539941252486756 ], [ 35.216421332678408, -14.53736573174308 ], [ 35.221000036622456, -14.533550144823266 ], [ 35.221381595584205, -14.532119299166254 ], [ 35.220236919598221, -14.529352998941704 ], [ 35.222812440341897, -14.527349815741331 ], [ 35.22910815871461, -14.52429734584581 ], [ 35.247709145061037, -14.52010019996419 ], [ 35.256675775266842, -14.52010019996419 ], [ 35.265356234902356, -14.525155853060141 ], [ 35.266691690369271, -14.527445205032166 ], [ 35.266734727425785, -14.52821986845214 ], [ 35.266787080559368, -14.529162219460829 ], [ 35.268416894923803, -14.530801795066736 ], [ 35.268572516308609, -14.533274030472057 ], [ 35.268774431195084, -14.534136308543737 ], [ 35.268918787671964, -14.534163953703455 ], [ 35.272675374568905, -14.531929795823373 ], [ 35.275602925934322, -14.532262369612624 ], [ 35.2754736762692, -14.538595619392254 ], [ 35.276627957914002, -14.540006408368981 ], [ 35.276426836229575, -14.54032468563571 ], [ 35.277470723395197, -14.541562876725322 ], [ 35.277630440292626, -14.542521179009157 ], [ 35.2778177429945, -14.543644991623012 ], [ 35.278261264345929, -14.544738159838175 ], [ 35.278806178862112, -14.545283074354359 ], [ 35.278710789571335, -14.546427750340342 ], [ 35.278615399381238, -14.547000088783022 ], [ 35.27909485674229, -14.547338528849991 ], [ 35.279721257030417, -14.547323251167086 ], [ 35.280237024519124, -14.548144764769006 ], [ 35.281059704541804, -14.548661697779096 ], [ 35.281000141543359, -14.549384830045824 ], [ 35.282249434763628, -14.549345793173757 ], [ 35.282340993841842, -14.550740507668252 ], [ 35.288660137755187, -14.555313571963723 ], [ 35.291767278337261, -14.557019554408839 ], [ 35.292785033002929, -14.558107494864942 ], [ 35.294736254274767, -14.559114577275864 ], [ 35.294709985977136, -14.55945606964184 ], [ 35.296288254799151, -14.560915922032109 ], [ 35.296453268703431, -14.561403929247888 ], [ 35.297269782074807, -14.56204616569795 ], [ 35.297341182849379, -14.562529958690618 ], [ 35.298074892941997, -14.562930164195677 ], [ 35.29828362019299, -14.563472854688428 ], [ 35.299738473251978, -14.564128194260718 ], [ 35.300364245813341, -14.564837957205896 ], [ 35.302176649532782, -14.56712730917792 ], [ 35.302374773776819, -14.567931091746459 ], [ 35.303099461870715, -14.56912506227178 ], [ 35.303813300543425, -14.570939401332282 ], [ 35.303694327431344, -14.573497322343485 ], [ 35.303367151372981, -14.573943470614608 ], [ 35.302742542534361, -14.575400890338756 ], [ 35.303010232036627, -14.576144472289513 ], [ 35.302781694519638, -14.578888346120209 ], [ 35.303058446490184, -14.580830620936354 ], [ 35.303016662189236, -14.582877603818304 ], [ 35.302475297297178, -14.583928494004738 ], [ 35.302477829788074, -14.588428589108048 ], [ 35.302861515646498, -14.589945346100819 ], [ 35.302478883793526, -14.590302313101233 ], [ 35.30247980469926, -14.591938158319294 ], [ 35.302861515646498, -14.592533010390071 ], [ 35.304053622776507, -14.593416158129173 ], [ 35.306698396713671, -14.594109403226355 ], [ 35.309732209274102, -14.594317606172524 ] ] ] ] } },
{ "type": "Feature", "properties": { "SitRecID": 6676, "Country": "Malawi", "ISO3": "MWI", "NatName": "Liwonde National Park", "IntName": "Liwonde National Park", "SitLat": -14.871197991100001, "SitLong": 35.334571578400002, "IbaStatus": "confirmed", "AzeStatus": null, "AddedDate": "2019-07-25", "ChangeDate": null, "Source": "RSPB funded initiative to create polygon boundaries for IBAs in Africa and IUCN Freshwater Biodiversity Assessment Unit Assessment 2018.", "DelTxt": "Protected Area polygon-July 2019.The existing Liwonde National Park KBA has been adopted for freshwater trigger species. This freshwater KBA adopts the existing KBA boundary that itself follows the Liwonde National Park / PA boundary", "DelGeom": "3. draft polygon", "Shape_Leng": 1.3548964998399999, "Shape_Area": 0.04136763256, "GISArea": 49258.0, "KBA_Qual": "Global", "LegacyKBA": "confirmed", "Trigger Ecosystems": null }, "geometry": { "type": "MultiPolygon", "coordinates": [ [ [ [ 35.290387550145397, -14.89976086287345 ], [ 35.290180832879173, -14.898827808156796 ], [ 35.290045001975329, -14.897898561169598 ], [ 35.289999759781153, -14.896530210300909 ], [ 35.29017727606049, -14.895525549764272 ], [ 35.29037681403878, -14.894461943164117 ], [ 35.290509615126666, -14.893511939824123 ], [ 35.290521904362436, -14.892477309380297 ], [ 35.29052407712453, -14.891474401622304 ], [ 35.290538729778632, -14.890498476223627 ], [ 35.290554975132068, -14.889563190288982 ], [ 35.290370534972283, -14.888593770585999 ], [ 35.290172799235336, -14.887574791043733 ], [ 35.289929725076775, -14.886605956799428 ], [ 35.289652875979471, -14.885682633646582 ], [ 35.289338739191521, -14.884691919796239 ], [ 35.289108009127347, -14.883736513329382 ], [ 35.288887882969448, -14.882740340594182 ], [ 35.288691944077982, -14.881780067895761 ], [ 35.288555369434789, -14.880832754428013 ], [ 35.288533660699954, -14.87982104860248 ], [ 35.28855015876286, -14.878908347342303 ], [ 35.288660611697935, -14.877985671701367 ], [ 35.290401786413383, -14.877480398401644 ], [ 35.291290438003386, -14.877069463085206 ], [ 35.292321364139696, -14.877045607668606 ], [ 35.293267391576933, -14.876954834597882 ], [ 35.294367019622314, -14.876894143849597 ], [ 35.295408734025898, -14.876847579652008 ], [ 35.296587518599154, -14.876695736319107 ], [ 35.297605806562785, -14.876301549976517 ], [ 35.298419175904314, -14.875746784286605 ], [ 35.298968415260219, -14.874977825266399 ], [ 35.299715232971664, -14.874170743984621 ], [ 35.300453277796578, -14.873467651310989 ], [ 35.301123294304659, -14.872810414169237 ], [ 35.301470303112069, -14.87197119921143 ], [ 35.301589031608557, -14.870958093141439 ], [ 35.301463978180095, -14.870006159856359 ], [ 35.301174444145317, -14.869037805850041 ], [ 35.300721491603611, -14.868098195075618 ], [ 35.30022658388981, -14.867308080403518 ], [ 35.299718573053781, -14.866486472372742 ], [ 35.299163303743512, -14.865642749113533 ], [ 35.298610500374366, -14.864866760992186 ], [ 35.298019590032084, -14.86400080289468 ], [ 35.297394140327356, -14.86316229300536 ], [ 35.296805937843828, -14.862386653820977 ], [ 35.296225929083391, -14.861507027827031 ], [ 35.295844897124368, -14.860611857051538 ], [ 35.295507565921469, -14.859621380622173 ], [ 35.295208392953043, -14.858725389664983 ], [ 35.294874488167125, -14.857838780435316 ], [ 35.294455602843868, -14.85687622076091 ], [ 35.294064617188383, -14.856026320058561 ], [ 35.293729999240099, -14.855126161643 ], [ 35.293639009432809, -14.854151289350455 ], [ 35.293737014851388, -14.85320615224208 ], [ 35.293812182885972, -14.852297382817937 ], [ 35.29374672932812, -14.851376465351564 ], [ 35.293703581654995, -14.850423701992213 ], [ 35.293591016212474, -14.849494220281997 ], [ 35.293255123025574, -14.848196530945074 ], [ 35.293224503807835, -14.847275265441112 ], [ 35.293135068029017, -14.846336516217207 ], [ 35.29293820733244, -14.845340110557629 ], [ 35.29260270175331, -14.844408333777551 ], [ 35.292256552697779, -14.84351280237388 ], [ 35.291987731848394, -14.842462903240346 ], [ 35.291828212801818, -14.84153840287496 ], [ 35.291702420130662, -14.840563875022781 ], [ 35.291715319106743, -14.839529234686381 ], [ 35.291929141017079, -14.838555838181321 ], [ 35.292202358651991, -14.83759991820159 ], [ 35.292522877029228, -14.836670630744948 ], [ 35.292936558875169, -14.835713311420136 ], [ 35.293330436750296, -14.834860090420818 ], [ 35.293712940899582, -14.834029570108555 ], [ 35.294035905432736, -14.833168021387053 ], [ 35.294382664228635, -14.832306234345197 ], [ 35.294645942556258, -14.831400105330545 ], [ 35.294891274013139, -14.829617758752534 ], [ 35.294894194111805, -14.828628394784573 ], [ 35.294825484108856, -14.827617158405076 ], [ 35.294606437137418, -14.82666163142909 ], [ 35.294527902041125, -14.825709218805343 ], [ 35.294378994994702, -14.824743956668215 ], [ 35.294253258980746, -14.823773945211371 ], [ 35.294150550107872, -14.822785634349486 ], [ 35.294004151270599, -14.821892626443514 ], [ 35.293767590901666, -14.820761086854645 ], [ 35.293531900177129, -14.819656644738302 ], [ 35.293413596160576, -14.818564585387264 ], [ 35.293382809668969, -14.817625248006721 ], [ 35.293385259422223, -14.81664492222535 ], [ 35.293377546836382, -14.815691802734477 ], [ 35.293260932645978, -14.814649418335932 ], [ 35.293207029980522, -14.813719344871799 ], [ 35.293128513769943, -14.812766931348733 ], [ 35.292807864091685, -14.811916312987421 ], [ 35.292357650884924, -14.811053430571292 ], [ 35.291782106359165, -14.8103047341761 ], [ 35.291298997750573, -14.809514456726731 ], [ 35.290710075809386, -14.808707161406346 ], [ 35.289936199296221, -14.807973981913676 ], [ 35.28925903587583, -14.807330189636502 ], [ 35.288541522573269, -14.80654675243062 ], [ 35.286723446829683, -14.805756170111124 ], [ 35.285997799159134, -14.805081224418927 ], [ 35.285252931177865, -14.80451036895829 ], [ 35.284652627416847, -14.80372123634595 ], [ 35.284236376207843, -14.802826371339904 ], [ 35.283738925211253, -14.801936827622455 ], [ 35.283417029971986, -14.801072649283299 ], [ 35.28314095159368, -14.80014928656027 ], [ 35.282924450602991, -14.799261474937055 ], [ 35.282796299010045, -14.798219188564644 ], [ 35.282788834637074, -14.797284130158459 ], [ 35.282778732552515, -14.796263262939192 ], [ 35.28287031321446, -14.795142001701947 ], [ 35.282840407159142, -14.79422523460687 ], [ 35.282693273575774, -14.793309627637143 ], [ 35.282638853800108, -14.792379550575731 ], [ 35.282632023449196, -14.791449002269587 ], [ 35.282636171122476, -14.790513826951496 ], [ 35.282628524187089, -14.789560697568106 ], [ 35.282727644765032, -14.788660722614225 ], [ 35.282815157793323, -14.787760862773553 ], [ 35.282828229439303, -14.78673524803321 ], [ 35.282936506015005, -14.785767419230979 ], [ 35.283141054116413, -14.784848330086334 ], [ 35.283403773065743, -14.783942218158813 ], [ 35.283570518164936, -14.782960257409911 ], [ 35.283657792872873, -14.782037811995394 ], [ 35.283800696045319, -14.781051569574231 ], [ 35.28382772696807, -14.780084544765884 ], [ 35.283688948985855, -14.779078503769881 ], [ 35.283622837124312, -14.778139506333105 ], [ 35.283591354557416, -14.777182095277453 ], [ 35.283654745070464, -14.77625085089602 ], [ 35.283812627350926, -14.775698145552951 ], [ 35.28391566537573, -14.774784580044297 ], [ 35.283923738589692, -14.773835813272115 ], [ 35.283861518094625, -14.772824495953671 ], [ 35.283798778690709, -14.771763490192882 ], [ 35.283783739328157, -14.77082398643779 ], [ 35.283839176237052, -14.769797951714054 ], [ 35.283765481291994, -14.768854510727067 ], [ 35.283596416841192, -14.767781004389803 ], [ 35.283345664271053, -14.76677606776127 ], [ 35.283071675017823, -14.765879781826413 ], [ 35.282703531243044, -14.765025084140291 ], [ 35.282264692661499, -14.764180119816615 ], [ 35.281696147559217, -14.763417751927648 ], [ 35.281127840777287, -14.762510817120472 ], [ 35.280547636864014, -14.761631102992965 ], [ 35.279931618349565, -14.760711082150692 ], [ 35.279456918402104, -14.759708347961862 ], [ 35.279005936274984, -14.758809283121877 ], [ 35.278563989636439, -14.757941750311488 ], [ 35.278215280211043, -14.756720925130537 ], [ 35.277697802211833, -14.755732160111052 ], [ 35.277363308370013, -14.754872598891268 ], [ 35.277105345935013, -14.753894825385828 ], [ 35.276920573026075, -14.75297957724564 ], [ 35.276701711314956, -14.752078216436473 ], [ 35.276621007953224, -14.751125800215448 ], [ 35.276550279871572, -14.750128111223319 ], [ 35.276447045794555, -14.749184951724089 ], [ 35.276390135796191, -14.748232300779989 ], [ 35.276345647233882, -14.747302115799982 ], [ 35.276348015148812, -14.746357916684474 ], [ 35.276658601413374, -14.745478447172559 ], [ 35.276780335444187, -14.74457373099284 ], [ 35.276830468151616, -14.743647130710485 ], [ 35.276691894315547, -14.742708838342196 ], [ 35.276392822970479, -14.741848922789529 ], [ 35.275801849675702, -14.741041572610413 ], [ 35.27505259300284, -14.740357753307649 ], [ 35.274354082375055, -14.73975474798317 ], [ 35.273698198712964, -14.73906548688268 ], [ 35.273108544723584, -14.73827166790312 ], [ 35.272553848281518, -14.737491056367105 ], [ 35.272054542882927, -14.736624064049295 ], [ 35.271568240781733, -14.735779531400226 ], [ 35.271044482816706, -14.734903740115442 ], [ 35.270478058315803, -14.734109682815586 ], [ 35.26997105112315, -14.733337629228174 ], [ 35.269507831920976, -14.732479309972121 ], [ 35.269145887173011, -14.731538679366508 ], [ 35.268945880647948, -14.730546764921201 ], [ 35.268883789655206, -14.729481216684746 ], [ 35.269193674448559, -14.728588208778774 ], [ 35.269866319674975, -14.727650983905733 ], [ 35.270646336759114, -14.72699731527382 ], [ 35.271443812382074, -14.726460929927953 ], [ 35.272116788559003, -14.725781201641098 ], [ 35.272875168854, -14.725168397303662 ], [ 35.273636660803334, -14.724632359096063 ], [ 35.274478901979819, -14.724050350243431 ], [ 35.275240965897922, -14.723514303042577 ], [ 35.276048622745805, -14.722955217009599 ], [ 35.277025505922438, -14.722489334015506 ], [ 35.277862033705958, -14.72202934607742 ], [ 35.278635009997743, -14.721484147375463 ], [ 35.279435879662174, -14.720776038283475 ], [ 35.280128854962754, -14.720014778359314 ], [ 35.28076351192658, -14.719281195970382 ], [ 35.28136484631068, -14.718579564695119 ], [ 35.282122357860601, -14.71794415679733 ], [ 35.282929976037622, -14.71738505187858 ], [ 35.283746119787622, -14.716753580313423 ], [ 35.284457442157304, -14.716141210348553 ], [ 35.285150431847001, -14.715384456027778 ], [ 35.285920292887283, -14.714766987806172 ], [ 35.28659251363365, -14.714078198849734 ], [ 35.287393331137366, -14.713370069972711 ], [ 35.288128511621551, -14.712766489981504 ], [ 35.288776699784933, -14.71205534657696 ], [ 35.289353435013084, -14.711335872752272 ], [ 35.289867827438343, -14.710535699163131 ], [ 35.290236101614823, -14.709633064014668 ], [ 35.290585997246012, -14.708581530812978 ], [ 35.290831265750342, -14.707567172886684 ], [ 35.29095212833812, -14.706639878327678 ], [ 35.291080166616439, -14.705622161433553 ], [ 35.291519251612215, -14.704723343007799 ], [ 35.292069871427486, -14.703949914356997 ], [ 35.292567539160643, -14.70305051586854 ], [ 35.293143825627112, -14.702069022767148 ], [ 35.293550444197706, -14.701229252927646 ], [ 35.293821597888495, -14.700250777950998 ], [ 35.294019767997952, -14.699227850384943 ], [ 35.294125501290921, -14.698241976685836 ], [ 35.294173273277977, -14.697261194948169 ], [ 35.294205977124193, -14.696226351364999 ], [ 35.29421903977692, -14.695254946858256 ], [ 35.294300941934978, -14.694264792386207 ], [ 35.294552008368555, -14.693363314665191 ], [ 35.294638285728354, -14.692458951019717 ], [ 35.294793935891505, -14.691531312020402 ], [ 35.295644830344713, -14.692128245122376 ], [ 35.296142460306328, -14.692950031218913 ], [ 35.29659613680235, -14.693840013805527 ], [ 35.297045394029738, -14.694639688270968 ], [ 35.297567008011072, -14.695479303427078 ], [ 35.298122662231151, -14.696300507662272 ], [ 35.298756845252285, -14.697030580896524 ], [ 35.299515289399153, -14.697660034383034 ], [ 35.300370363901209, -14.698098789327616 ], [ 35.301300450855194, -14.698387717219305 ], [ 35.302412330364803, -14.698530275052121 ], [ 35.303451758691779, -14.69840249487919 ], [ 35.304528688748064, -14.698310478046096 ], [ 35.30547587271343, -14.698459175550454 ], [ 35.306444524395317, -14.698829013648037 ], [ 35.334071024058574, -14.675387080149562 ], [ 35.338643538868268, -14.666803109675698 ], [ 35.351879740957315, -14.639601182648391 ], [ 35.357610292081347, -14.626510502557608 ], [ 35.357931893242323, -14.625617320183153 ], [ 35.358285965325081, -14.624669599322488 ], [ 35.358645156348928, -14.623821207682568 ], [ 35.359072283958767, -14.622926956014169 ], [ 35.359478436680547, -14.622078088632861 ], [ 35.359873231864185, -14.621251924636567 ], [ 35.360314025571881, -14.620389153736426 ], [ 35.360753416337161, -14.619503810752235 ], [ 35.361302491117101, -14.618463763691693 ], [ 35.361835807976206, -14.617577468325464 ], [ 35.362487892901981, -14.616464097739879 ], [ 35.363046231598389, -14.615369746016938 ], [ 35.363498697606872, -14.614515889196866 ], [ 35.363960438323602, -14.613607728613715 ], [ 35.364377479137431, -14.612749714227903 ], [ 35.364794324798311, -14.611873629764148 ], [ 35.365266975190821, -14.610956323075811 ], [ 35.365773396924794, -14.609998017194698 ], [ 35.366215793224342, -14.609180398556475 ], [ 35.367391851952448, -14.608969694595658 ], [ 35.368256882848925, -14.608631142113495 ], [ 35.36909364355688, -14.608198007931662 ], [ 35.370004232309498, -14.607836398630866 ], [ 35.370965407027938, -14.607542033438051 ], [ 35.371929293202356, -14.607554816401603 ], [ 35.372661516715652, -14.608134623713852 ], [ 35.373277887764345, -14.60899568410349 ], [ 35.37381867169438, -14.609072241590638 ], [ 35.402961145940196, -14.646080705360191 ], [ 35.399816178074218, -14.646118057802084 ], [ 35.387866197167341, -14.673801101439608 ], [ 35.380844596401062, -14.689110105047291 ], [ 35.3908678877429, -14.702120690617335 ], [ 35.349157756625232, -14.713411552101377 ], [ 35.341624459601178, -14.715450862866987 ], [ 35.331320837886437, -14.718240148863742 ], [ 35.331805560778037, -14.718429519106962 ], [ 35.332062685944265, -14.718603109845617 ], [ 35.332780274789911, -14.718866927766442 ], [ 35.333857281288545, -14.719375580718406 ], [ 35.334395187388054, -14.719546338592579 ], [ 35.335138542709615, -14.71988668612164 ], [ 35.335834075682101, -14.720475972288227 ], [ 35.337016133787586, -14.721259110919164 ], [ 35.337555876302702, -14.721601505305159 ], [ 35.337916939715058, -14.721945701033235 ], [ 35.338458704805419, -14.722532012242539 ], [ 35.338642153012984, -14.722977382600106 ], [ 35.338763187371228, -14.723500181887857 ], [ 35.338737902032619, -14.723523023768507 ], [ 35.331851198673917, -14.74082652312552 ], [ 35.325029683573064, -14.747201573393852 ], [ 35.32254119112315, -14.746458620968554 ], [ 35.31823332880515, -14.760478912271935 ], [ 35.341930592422955, -14.771244236931921 ], [ 35.348929936767206, -14.765210173610569 ], [ 35.349048040234948, -14.762051324708807 ], [ 35.351410804764896, -14.757555079603208 ], [ 35.354972752290735, -14.758598446061399 ], [ 35.355106960817636, -14.762924712105757 ], [ 35.364445184597628, -14.771046323129269 ], [ 35.365143008143377, -14.771716773110541 ], [ 35.372659396114273, -14.777616028956515 ], [ 35.382951196240754, -14.779140700882579 ], [ 35.384129881888612, -14.779304696754309 ], [ 35.385107885620471, -14.779425589019695 ], [ 35.390433108701075, -14.779230437034983 ], [ 35.390312887329912, -14.793479103078084 ], [ 35.402623354284401, -14.803063124163828 ], [ 35.417168959380035, -14.814384567094066 ], [ 35.410704225119957, -14.829887576050737 ], [ 35.418274195597689, -14.859300605038868 ], [ 35.385671172386765, -14.882286658702299 ], [ 35.385650040117298, -14.896823338925913 ], [ 35.385639976703601, -14.903816117319934 ], [ 35.38512935243773, -14.911699486242242 ], [ 35.384419395238979, -14.931519445166202 ], [ 35.38348858882739, -14.946526338619606 ], [ 35.383146957965778, -14.952036397561642 ], [ 35.382731586293744, -14.96306727043816 ], [ 35.383183003692693, -14.963866619348948 ], [ 35.383835067034795, -14.964636767272964 ], [ 35.384896859702337, -14.964851528974862 ], [ 35.385806464596726, -14.965117566422521 ], [ 35.386175520284098, -14.966030699357248 ], [ 35.386179581622457, -14.966974752782562 ], [ 35.386901667977668, -14.967667363857686 ], [ 35.387881038679041, -14.967833283379264 ], [ 35.388812928773689, -14.967855144099588 ], [ 35.389827156298281, -14.967916792625829 ], [ 35.390466888136416, -14.968619288149569 ], [ 35.391094808278808, -14.969303835903247 ], [ 35.391698971030735, -14.969993148265132 ], [ 35.392584904869523, -14.970426537854394 ], [ 35.393272197354065, -14.971173696408925 ], [ 35.393275942131083, -14.972086127872444 ], [ 35.393468337693662, -14.972987545338924 ], [ 35.394025799551059, -14.97375864834288 ], [ 35.394076744346307, -14.974684135264567 ], [ 35.394692598284848, -14.975377830022808 ], [ 35.395602005328328, -14.975621236031145 ], [ 35.396604545263585, -14.975777834079736 ], [ 35.397526218160465, -14.976183720602194 ], [ 35.398048174783469, -14.976946149645016 ], [ 35.398193980068186, -14.977938393242198 ], [ 35.399233563977873, -14.978343030606311 ], [ 35.400130840066254, -14.978591061828013 ], [ 35.401062967581936, -14.978734828349616 ], [ 35.40179668127189, -14.979368532931403 ], [ 35.402260529100204, -14.980230938706825 ], [ 35.402711754943596, -14.981107026767802 ], [ 35.403539043991714, -14.981536465635315 ], [ 35.404096691109487, -14.982266878813334 ], [ 35.404171448153875, -14.983187589435659 ], [ 35.404728949581397, -14.984008344009794 ], [ 35.404933280046862, -14.984932203158621 ], [ 35.405784323787543, -14.985406552370478 ], [ 35.406762088299786, -14.985161333328847 ], [ 35.407751869553181, -14.98495212044395 ], [ 35.408544687587323, -14.985517417195013 ], [ 35.408984159291549, -14.986325853755091 ], [ 35.408528693144717, -14.987410266170798 ], [ 35.407777919315549, -14.988371318581414 ], [ 35.407014385905256, -14.989075029089292 ], [ 35.406370722231088, -14.990161427208079 ], [ 35.405972965579963, -14.991005817764233 ], [ 35.405576265632192, -14.991945058017961 ], [ 35.395809587742349, -15.008716372762365 ], [ 35.372937445806542, -15.045717276830828 ], [ 35.372160767905143, -15.046258427684222 ], [ 35.371241933268664, -15.046502923670971 ], [ 35.370192038631728, -15.046613268687338 ], [ 35.369260944437087, -15.046695265274252 ], [ 35.368305414763142, -15.046827202113661 ], [ 35.367303523239059, -15.047022861315952 ], [ 35.36636058857033, -15.047190797117537 ], [ 35.365441273695865, -15.047340413729046 ], [ 35.364415703921622, -15.047549858639002 ], [ 35.363401169728263, -15.047601080425466 ], [ 35.362351212138776, -15.047548769560024 ], [ 35.361383254733482, -15.047450427794956 ], [ 35.360321079854032, -15.047344028104362 ], [ 35.359282825142316, -15.047246407595594 ], [ 35.358243674705875, -15.047067482977923 ], [ 35.356649788257187, -15.04674524239897 ], [ 35.355599895418891, -15.04675162308888 ], [ 35.354596684589353, -15.04661748021249 ], [ 35.35362906532913, -15.046496514202715 ], [ 35.352531154988867, -15.046363342594134 ], [ 35.351551668274908, -15.046219905224405 ], [ 35.350311985209999, -15.046033983881216 ], [ 35.349368038804016, -15.045899203385488 ], [ 35.348258400404916, -15.045702890376049 ], [ 35.347136611265626, -15.045511214271073 ], [ 35.346062365685668, -15.045310006251725 ], [ 35.345106111158145, -15.045112090650434 ], [ 35.344090942942728, -15.044946401355276 ], [ 35.343134949218609, -15.044825268970953 ], [ 35.341943085804814, -15.044760774090378 ], [ 35.340763482848502, -15.044754870940494 ], [ 35.33967849306805, -15.044793159576614 ], [ 35.338628420365353, -15.044889809716892 ], [ 35.33741447679671, -15.045092040265388 ], [ 35.336330042797272, -15.04528841442874 ], [ 35.335339629320515, -15.045474780936331 ], [ 35.334314065841511, -15.045688609141962 ], [ 35.333382818762118, -15.045919532560333 ], [ 35.332263236559186, -15.046197560668816 ], [ 35.331309136807249, -15.046464850872098 ], [ 35.330377692776381, -15.046731903654404 ], [ 35.329125814904501, -15.037131844059331 ], [ 35.30416259183022, -15.036812766395997 ], [ 35.301792201049295, -15.04955785591028 ], [ 35.300813723374688, -15.0498343057086 ], [ 35.299788131117396, -15.049998294385716 ], [ 35.298809112950266, -15.050062422342876 ], [ 35.297865634191737, -15.050135220663833 ], [ 35.296816068706676, -15.050285886784195 ], [ 35.295566627997516, -15.050601197187461 ], [ 35.294400172230212, -15.050960836073671 ], [ 35.293386472607665, -15.051260198799071 ], [ 35.292302514349615, -15.051618994121213 ], [ 35.291301200190276, -15.052044711594135 ], [ 35.290358520929033, -15.052356897752588 ], [ 35.2892866540559, -15.052706522687799 ], [ 35.28824959724119, -15.053051275995529 ], [ 35.287142277294322, -15.053455459202041 ], [ 35.286211061691176, -15.053699751941963 ], [ 35.285161508796648, -15.053909093429866 ], [ 35.283994487355756, -15.054110576641733 ], [ 35.282709167294286, -15.054390042766215 ], [ 35.281589398032338, -15.054554901087783 ], [ 35.280256482250934, -15.054730929888478 ], [ 35.279042239208025, -15.054919311776757 ], [ 35.278099194822062, -15.055091413238074 ], [ 35.276966776595543, -15.055269927764925 ], [ 35.27572904416013, -15.055435940815983 ], [ 35.274514549307071, -15.055601714647366 ], [ 35.273299423129913, -15.055762972083471 ], [ 35.272273427976359, -15.055895222786262 ], [ 35.271270971678064, -15.055945919368639 ], [ 35.270173661185595, -15.055984006556628 ], [ 35.269241852029893, -15.05601139990614 ], [ 35.268251493411753, -15.056107136335243 ], [ 35.267225107053093, -15.056203228895868 ], [ 35.266234361726447, -15.0562628206726 ], [ 35.265376216938932, -15.057156825027391 ], [ 35.2638114766184, -15.055031140674544 ], [ 35.263395573446985, -15.054222136642238 ], [ 35.263026054608758, -15.053128064608472 ], [ 35.262939451694365, -15.052080863441063 ], [ 35.262900526338285, -15.051146124294178 ], [ 35.262826691098951, -15.050207214990905 ], [ 35.262257449022115, -15.049458463737039 ], [ 35.261267484306984, -15.049644512783971 ], [ 35.260345781732497, -15.049305845188542 ], [ 35.259717961414822, -15.048566704090092 ], [ 35.259879887946511, -15.04766610230871 ], [ 35.260029641255016, -15.046602991235034 ], [ 35.260156123706224, -15.045702742887215 ], [ 35.26006963770368, -15.044664570913199 ], [ 35.25963054191601, -15.043801575182499 ], [ 35.258616195680929, -15.04398785265721 ], [ 35.257815897086061, -15.044470154573901 ], [ 35.256932509227966, -15.044953281168944 ], [ 35.256058712639515, -15.044636702721618 ], [ 35.255695521431221, -15.043199214671972 ], [ 35.255733754309347, -15.042801290746922 ], [ 35.255753274993708, -15.041784649441979 ], [ 35.255043369955615, -15.04108244619789 ], [ 35.254497455393278, -15.040170804339084 ], [ 35.254281710732414, -15.03921522520244 ], [ 35.254148531929275, -15.038209132945099 ], [ 35.254062393065055, -15.037310995306143 ], [ 35.254047303340428, -15.036317283116091 ], [ 35.253454892029708, -15.035568729713077 ], [ 35.25252180673607, -15.035356624608482 ], [ 35.251589032607797, -15.035063195609951 ], [ 35.250607849772507, -15.034530813146489 ], [ 35.249909451559972, -15.03386913065583 ], [ 35.249128605300939, -15.033212781144869 ], [ 35.248407248295905, -15.032632638385508 ], [ 35.247802536957579, -15.031816423589021 ], [ 35.247457830414589, -15.030970531165053 ], [ 35.247347872106673, -15.030013892626982 ], [ 35.247038056561109, -15.029059230798794 ], [ 35.246433659985485, -15.028215903241289 ], [ 35.245806081585442, -15.027544469401676 ], [ 35.244860183650587, -15.027047845781397 ], [ 35.243962274439468, -15.026528157248606 ], [ 35.243286908763878, -15.025730694216122 ], [ 35.242812250185239, -15.024845414184483 ], [ 35.242443286228706, -15.023954571845991 ], [ 35.241815260865621, -15.023237951570138 ], [ 35.240988143588027, -15.022762724620009 ], [ 35.24019513309895, -15.022047726721155 ], [ 35.23947374281903, -15.021458511600997 ], [ 35.238693161859999, -15.020820182705222 ], [ 35.238077155036706, -15.020139573082758 ], [ 35.237496671434315, -15.019354705954868 ], [ 35.236340780003047, -15.018159876576988 ], [ 35.236099637588268, -15.017990579201808 ], [ 35.235180588013804, -15.018225495610068 ], [ 35.234379826268025, -15.018716750277747 ], [ 35.233436562447423, -15.018802817196217 ], [ 35.231927407423939, -15.017661126060091 ], [ 35.231997680448671, -15.01743455536041 ], [ 35.231979297406724, -15.016504105979664 ], [ 35.231842888238759, -15.015565780336431 ], [ 35.231776868108057, -15.014635797703875 ], [ 35.232076202055111, -15.013751925111194 ], [ 35.23254003639363, -15.01287547192544 ], [ 35.232780689577226, -15.011992174898921 ], [ 35.233103254811397, -15.011108072979141 ], [ 35.233424861368292, -15.010187838997524 ], [ 35.233853920721913, -15.009320762143432 ], [ 35.234344240094629, -15.008534400342228 ], [ 35.234807333391757, -15.007644398869843 ], [ 35.235211655093849, -15.006745940172948 ], [ 35.235615018118665, -15.005811349414216 ], [ 35.235984807652812, -15.004944851723508 ], [ 35.236107908653139, -15.004044636650633 ], [ 35.23530933585721, -15.00390340082123 ], [ 35.235228162150008, -15.002969051980131 ], [ 35.235665464689475, -15.002002505611074 ], [ 35.23612921808899, -15.001121533332025 ], [ 35.236519554433926, -15.000164482005175 ], [ 35.236901438950326, -14.999288831014667 ], [ 35.237459523138511, -14.998429518007811 ], [ 35.237925991591283, -14.997643386433083 ], [ 35.238461788780569, -14.996820432117204 ], [ 35.238963686025329, -14.996033950706192 ], [ 35.239559056105634, -14.99524203199411 ], [ 35.240262734237831, -14.994530364284856 ], [ 35.240620778626067, -14.993654942621447 ], [ 35.240822841001375, -14.993142465752157 ], [ 35.241487815010714, -14.991839369691093 ], [ 35.242011968677446, -14.991016525092505 ], [ 35.242657098246525, -14.99031898123593 ], [ 35.243386388171302, -14.989670300244143 ], [ 35.244165455571363, -14.989115996805765 ], [ 35.24481110584793, -14.988413925762018 ], [ 35.245428853758654, -14.987599187652336 ], [ 35.246050726859607, -14.986901865928303 ], [ 35.246937899064847, -14.98640973622031 ], [ 35.247731012975919, -14.985923048309985 ], [ 35.248410818604441, -14.985211596437978 ], [ 35.249008577284087, -14.984487401172601 ], [ 35.249774359898822, -14.983888037203087 ], [ 35.250641008675643, -14.983490966734678 ], [ 35.251518691234651, -14.983093783851018 ], [ 35.252141205552221, -14.982405478729788 ], [ 35.252687714566434, -14.981559808438362 ], [ 35.253079585154808, -14.980647901279553 ], [ 35.253556365234147, -14.979689979408988 ], [ 35.253960683338903, -14.978913475976071 ], [ 35.254388793008445, -14.978023798259642 ], [ 35.254854344152704, -14.977215065822577 ], [ 35.255464399262678, -14.976504290240769 ], [ 35.256144150931846, -14.975792822180949 ], [ 35.25682279733428, -14.975031671974023 ], [ 35.257348631833963, -14.974267515333509 ], [ 35.257857658004582, -14.973340890769464 ], [ 35.25836682177146, -14.972427818089272 ], [ 35.259134028912342, -14.971860041008028 ], [ 35.260115112822234, -14.971746414365498 ], [ 35.260401649416622, -14.971761644384344 ], [ 35.261969019354808, -14.971443424674248 ], [ 35.262723777180611, -14.970853172635771 ], [ 35.263539209566943, -14.970343632052959 ], [ 35.26457620612706, -14.970134563958936 ], [ 35.265543566382519, -14.970319210063451 ], [ 35.266462969390602, -14.970472706350279 ], [ 35.267448995974462, -14.9704990438957 ], [ 35.268456572113166, -14.970475469966914 ], [ 35.269422747961528, -14.970271602652303 ], [ 35.270337353985724, -14.969914649141685 ], [ 35.271104801245656, -14.969373938956096 ], [ 35.271738829583398, -14.968685478252155 ], [ 35.272240637795278, -14.967907981967755 ], [ 35.272705957813741, -14.967085673365091 ], [ 35.273014912708106, -14.966142949137748 ], [ 35.273182445613429, -14.965174530380239 ], [ 35.273316959010515, -14.964269683798818 ], [ 35.273416090380294, -14.963369708844937 ], [ 35.273430871637458, -14.962402810841013 ], [ 35.273398514929568, -14.961427347693871 ], [ 35.273473595729911, -14.960505024587178 ], [ 35.27345449412968, -14.95957460488404 ], [ 35.273340011332493, -14.958577372747527 ], [ 35.273154818440162, -14.957594396664035 ], [ 35.272960466852112, -14.95667927442895 ], [ 35.272707459681556, -14.955764735853847 ], [ 35.272547722999093, -14.954826680007216 ], [ 35.272493107171215, -14.953887578249066 ], [ 35.272484667933156, -14.952920909572299 ], [ 35.272558118262623, -14.951953427009016 ], [ 35.272642898251206, -14.950958727363343 ], [ 35.272819685180366, -14.949931486648723 ], [ 35.273009439434134, -14.948922189207622 ], [ 35.273165593217584, -14.947976471137167 ], [ 35.273523446949582, -14.947101025192126 ], [ 35.275784309298501, -14.945976228719928 ], [ 35.276189047386652, -14.945086761444827 ], [ 35.27660650188858, -14.944246859404984 ], [ 35.277072728423718, -14.943460680166197 ], [ 35.277618910984017, -14.942601422917278 ], [ 35.278180123014295, -14.941845917754847 ], [ 35.278821291069789, -14.941017334582284 ], [ 35.279414739298829, -14.940180190763158 ], [ 35.280020520830419, -14.939356475620798 ], [ 35.280672326966396, -14.938491642575173 ], [ 35.281255929417682, -14.937713321612478 ], [ 35.281884783955661, -14.936875820762452 ], [ 35.282396375892063, -14.936044008124441 ], [ 35.282862278671303, -14.935230719721915 ], [ 35.283348997158555, -14.934353977853732 ], [ 35.283777973774534, -14.933509436211466 ], [ 35.284065406093646, -14.932625649953764 ], [ 35.284347680800863, -14.931583803349781 ], [ 35.284512890757355, -14.930565713237058 ], [ 35.284717619622484, -14.92966016608375 ], [ 35.284930445084001, -14.928641600229639 ], [ 35.285075844774497, -14.927727611140313 ], [ 35.28520948672849, -14.926800187078925 ], [ 35.285658975980994, -14.925865088203238 ], [ 35.286147307852048, -14.924319738165366 ], [ 35.286328123743942, -14.923405394743099 ], [ 35.286555250224694, -14.922477036286125 ], [ 35.286735340363691, -14.92154914817462 ], [ 35.286889647839018, -14.920544719663042 ], [ 35.287056245449435, -14.91954920433227 ], [ 35.287190022301729, -14.918635331255473 ], [ 35.287549329338106, -14.917796000285136 ], [ 35.288025300027641, -14.916950984700122 ], [ 35.288574804683549, -14.916195583859064 ], [ 35.289571888431965, -14.915151102241509 ], [ 35.290034450229768, -14.914247491328638 ], [ 35.290401111022504, -14.913281595169451 ], [ 35.290795334237316, -14.912450947153445 ], [ 35.291007256779551, -14.911405284726072 ], [ 35.29109403326305, -14.910496400188663 ], [ 35.291249139336344, -14.909514550955691 ], [ 35.291344732773268, -14.908506193306152 ], [ 35.291338605692147, -14.907598237768411 ], [ 35.291421814565126, -14.906571934147394 ], [ 35.290842253667108, -14.902755250054724 ], [ 35.290811066077879, -14.902634273253057 ], [ 35.290604343415794, -14.901701219435665 ], [ 35.290491007254218, -14.900758194834793 ], [ 35.290387550145397, -14.89976086287345 ] ] ] ] } },
{ "type": "Feature", "properties": { "SitRecID": 48990, "Country": "Malawi", "ISO3": "MWI", "NatName": "Makanjira", "IntName": "Makanjira", "SitLat": -13.783165006500001, "SitLong": 34.946512382400002, "IbaStatus": null, "AzeStatus": "confirmed", "AddedDate": "2019-07-25", "ChangeDate": null, "Source": "Konings, A. (2016) Malawi cichlids in their natural habitat. 5th edition.", "DelTxt": "New Polygon delineated.Makanjira KBA has been delineated for freshwater fish trigger species.This includes two islands (Chinyamwezi and Chinyankwazi) that are inside the Lake Malawi National Park and UNESCO World Heritage site,and two reefs.", "DelGeom": "4. refined polygon", "Shape_Leng": 0.49874535470999998, "Shape_Area": 0.01282047401, "GISArea": 15338.0, "KBA_Qual": "Global", "LegacyKBA": null, "Trigger Ecosystems": null }, "geometry": { "type": "MultiPolygon", "coordinates": [ [ [ [ 34.890697380879487, -13.731969501591152 ], [ 34.890943135017721, -13.731933801203922 ], [ 34.892191339159012, -13.731879045981145 ], [ 34.893539495751156, -13.731823517341411 ], [ 34.895245496182781, -13.731503138359074 ], [ 34.896543229586428, -13.731285300975799 ], [ 34.897800229097356, -13.731103922108275 ], [ 34.898249598740051, -13.731299297124792 ], [ 34.898523396437668, -13.731432757415803 ], [ 34.898819490127437, -13.731713792857192 ], [ 34.898863432801249, -13.731755501615055 ], [ 34.899270427288457, -13.732213295207373 ], [ 34.899535209282533, -13.732518541297623 ], [ 34.899850413565787, -13.732986078144961 ], [ 34.900074525519017, -13.733119918849127 ], [ 34.900332721777716, -13.733181195056034 ], [ 34.900632294045181, -13.733142737347407 ], [ 34.900807495469564, -13.733014859148398 ], [ 34.9009405861392, -13.732824041895981 ], [ 34.901149574193539, -13.732515148155528 ], [ 34.901326132694919, -13.732369998476599 ], [ 34.901449203118261, -13.732268821149148 ], [ 34.901616314241551, -13.732141005003314 ], [ 34.901907645121753, -13.732012231978899 ], [ 34.902273227627404, -13.731991338929106 ], [ 34.902789753244576, -13.731987356731111 ], [ 34.903654745470192, -13.731989724646041 ], [ 34.904902232851839, -13.732133740279835 ], [ 34.905401417741302, -13.732057585689006 ], [ 34.906308287797287, -13.731951167112641 ], [ 34.907007392876949, -13.732018068578952 ], [ 34.90772239797036, -13.732193296983041 ], [ 34.908761830793935, -13.732474467322788 ], [ 34.909459650742349, -13.732667898904367 ], [ 34.910067542982802, -13.732744533733182 ], [ 34.910649624680502, -13.73255927429102 ], [ 34.911233634524649, -13.732184206635793 ], [ 34.911699638927246, -13.731864278213834 ], [ 34.911911473335863, -13.731767801642661 ], [ 34.912890711836951, -13.731321825142061 ], [ 34.91368185443406, -13.731053599643872 ], [ 34.915778480792312, -13.731028297218074 ], [ 34.917317701950424, -13.730953081519431 ], [ 34.918391876483952, -13.730745906498328 ], [ 34.919424018503719, -13.730557128908345 ], [ 34.920505909220367, -13.730304696404573 ], [ 34.9215545924705, -13.730160969453152 ], [ 34.92267753184268, -13.730125112583835 ], [ 34.924333949951858, -13.730039903618604 ], [ 34.925631775086401, -13.72983999152234 ], [ 34.926946782667926, -13.729621864557373 ], [ 34.928702699070357, -13.729481624277469 ], [ 34.930075770480471, -13.729299177015378 ], [ 34.931117135047771, -13.729110280714849 ], [ 34.932606031942896, -13.728890763397942 ], [ 34.933980174445537, -13.728699250070292 ], [ 34.935211817571371, -13.728463657371833 ], [ 34.935977941029194, -13.728249785998798 ], [ 34.936992700053111, -13.727988773962693 ], [ 34.937766759128692, -13.727756759666704 ], [ 34.938933088990893, -13.72744936239809 ], [ 34.940064932550627, -13.727304906995812 ], [ 34.942395312493716, -13.727187169552167 ], [ 34.943535274233568, -13.727187236101997 ], [ 34.945482156276569, -13.727018263382092 ], [ 34.946997143403507, -13.726744231860778 ], [ 34.948254249933711, -13.726517414746866 ], [ 34.950250967907891, -13.726158224622338 ], [ 34.951749505535304, -13.725992744869245 ], [ 34.95345546729601, -13.725897915856081 ], [ 34.954862363107623, -13.725760255731188 ], [ 34.9563934471999, -13.725549303557443 ], [ 34.958099280357544, -13.725300807386304 ], [ 34.96011321225501, -13.725140228039038 ], [ 34.961570183217418, -13.724911758870519 ], [ 34.962860561965442, -13.724729792745677 ], [ 34.964624121705924, -13.724616354960745 ], [ 34.966746674619401, -13.7245271584016 ], [ 34.968427611844845, -13.724414351940766 ], [ 34.969900565558703, -13.724303193937203 ], [ 34.971498251643027, -13.724046432996431 ], [ 34.972722701091811, -13.723928204522963 ], [ 34.973887670279794, -13.723882745592164 ], [ 34.975651641010472, -13.7239590125983 ], [ 34.976433583543098, -13.724124466271064 ], [ 34.976466589561483, -13.724133239157595 ], [ 34.977581350498951, -13.724232762631857 ], [ 34.979661639772928, -13.724342616618401 ], [ 34.981924581354406, -13.72432446380293 ], [ 34.982797809571309, -13.724330741970107 ], [ 34.983103182465925, -13.724332938114571 ], [ 34.983705926987, -13.724337271048171 ], [ 34.985486009971453, -13.724268740010302 ], [ 34.987924691671253, -13.724194894878451 ], [ 34.989047582479998, -13.724231039530821 ], [ 34.990529008706858, -13.72423717650446 ], [ 34.991769022722281, -13.724254288804332 ], [ 34.993025136401002, -13.72426222801937 ], [ 34.994073695544671, -13.724253762700926 ], [ 34.994914872823188, -13.723975849705653 ], [ 34.99602171073343, -13.723822308452725 ], [ 34.997944893841805, -13.723734456379987 ], [ 34.999634210950148, -13.723729819475523 ], [ 35.000683075863321, -13.723621914319835 ], [ 35.001287821375911, -13.723646512576465 ], [ 35.001568433236685, -13.724168041122141 ], [ 35.001842709373591, -13.724692928635704 ], [ 35.002110610216562, -13.725221099574014 ], [ 35.002372095296039, -13.72575247659546 ], [ 35.00262712684048, -13.726286979660358 ], [ 35.002875667078399, -13.726824532326248 ], [ 35.003117680036951, -13.727365055452879 ], [ 35.003353130642495, -13.727908469000624 ], [ 35.003581982922242, -13.728454693829008 ], [ 35.003804205399831, -13.729003649898459 ], [ 35.004019763901056, -13.729555256270032 ], [ 35.004228626949612, -13.73010943200461 ], [ 35.004430763968628, -13.730666097062681 ], [ 35.00462614528044, -13.731225168706544 ], [ 35.004814743905342, -13.731786565097877 ], [ 35.004996529266464, -13.732350204398358 ], [ 35.005171477082058, -13.732916003870457 ], [ 35.005339560372477, -13.733483879877099 ], [ 35.005500755755349, -13.734053748781434 ], [ 35.005655038049611, -13.734625528745084 ], [ 35.005802385671586, -13.735199135231881 ], [ 35.005942776138284, -13.735774482806107 ], [ 35.006076190563817, -13.736351488730179 ], [ 35.006202607364514, -13.736930068467814 ], [ 35.006322009453243, -13.737510135684147 ], [ 35.006434377944231, -13.738091606742216 ], [ 35.006539698448364, -13.738674395307044 ], [ 35.00663795297919, -13.739258416842404 ], [ 35.006729129845496, -13.739843585912695 ], [ 35.006813212859527, -13.740429815283676 ], [ 35.006890192128708, -13.741017019519802 ], [ 35.006960054163244, -13.741605114084678 ], [ 35.007022790869144, -13.742194010844855 ], [ 35.007078392354003, -13.742783623465414 ], [ 35.007296245925033, -13.763039794051224 ], [ 35.007055295965188, -13.769528326171269 ], [ 35.006522424270543, -13.77559950271484 ], [ 35.004801072411624, -13.782554392671045 ], [ 35.001013256556575, -13.792434388736012 ], [ 34.995375922860603, -13.803145526544768 ], [ 34.995017255242203, -13.803673479847191 ], [ 34.994652681775904, -13.804197372710519 ], [ 34.994447374646654, -13.804485447145623 ], [ 34.99428225102514, -13.804717139484353 ], [ 34.993906007955957, -13.805232715417446 ], [ 34.993524000232469, -13.805744035758607 ], [ 34.993136277317376, -13.806251033958006 ], [ 34.992742885975474, -13.80675364796241 ], [ 34.992343877468045, -13.807251814819381 ], [ 34.992307257973607, -13.807296496735887 ], [ 34.981456311559555, -13.823854719819394 ], [ 34.971243538458566, -13.843347121372517 ], [ 34.967630658727956, -13.858320259672212 ], [ 34.964361531359657, -13.880338283984599 ], [ 34.962376359781217, -13.88714952612969 ], [ 34.960587280878372, -13.890592577885116 ], [ 34.958490739056401, -13.892560665941915 ], [ 34.954893416697871, -13.893640419869428 ], [ 34.952450551351887, -13.89253943564637 ], [ 34.95067791565333, -13.891437274210773 ], [ 34.949459386441561, -13.888524352117088 ], [ 34.944758560858929, -13.863648936149445 ], [ 34.93696266629405, -13.842568994663338 ], [ 34.928025908868676, -13.829173364359235 ], [ 34.92057562016879, -13.819487483360604 ], [ 34.910904282106969, -13.812685344153238 ], [ 34.910527699094075, -13.812435220209181 ], [ 34.91027047140517, -13.812220319112384 ], [ 34.910016429114989, -13.812041541983547 ], [ 34.909709780981643, -13.811790873949633 ], [ 34.909511518242027, -13.811647813395837 ], [ 34.909370768945905, -13.811540455927229 ], [ 34.90900776569589, -13.811254074016233 ], [ 34.908599598492742, -13.810886703658412 ], [ 34.908528645580589, -13.810833029420735 ], [ 34.908470408182836, -13.810779256257604 ], [ 34.908024244623221, -13.810430254552557 ], [ 34.907570337900836, -13.809981898445812 ], [ 34.90709526923132, -13.809560818776731 ], [ 34.906661447967508, -13.809094228915512 ], [ 34.90665154912972, -13.809085268070646 ], [ 34.906182336845404, -13.808673178024719 ], [ 34.905770700957135, -13.808233527355355 ], [ 34.905747435495812, -13.808215632645272 ], [ 34.905723519824619, -13.808188705144573 ], [ 34.905270566383592, -13.807785524682174 ], [ 34.904870640567651, -13.807363855957135 ], [ 34.904833357373604, -13.807327994591219 ], [ 34.904796653342942, -13.807292128728704 ], [ 34.904357647487473, -13.806897874936908 ], [ 34.903970228543244, -13.806521296420669 ], [ 34.903904406263393, -13.806458542627581 ], [ 34.903815393165928, -13.806386931411737 ], [ 34.903371417656842, -13.806092129148396 ], [ 34.903070279669748, -13.805877558102793 ], [ 34.9028412475256, -13.805716654100252 ], [ 34.902747175741638, -13.80565196496616 ], [ 34.902516341356147, -13.805493229229114 ], [ 34.902311152038067, -13.805350215440058 ], [ 34.902170482781628, -13.805251889862802 ], [ 34.901777591462746, -13.804983801960873 ], [ 34.901293515183625, -13.804589890810746 ], [ 34.90128014945941, -13.804580956945586 ], [ 34.901270250621621, -13.804571996100719 ], [ 34.900862383792003, -13.804096154014246 ], [ 34.900363211493072, -13.803693320690172 ], [ 34.899950652001053, -13.803208475490692 ], [ 34.899470628067093, -13.802814528367719 ], [ 34.899456106714013, -13.802805603495756 ], [ 34.899442088981289, -13.802787635940604 ], [ 34.89903834824122, -13.802320796967138 ], [ 34.898570538, -13.801935790903997 ], [ 34.898546117809133, -13.801917904287791 ], [ 34.898521624773196, -13.801890980384371 ], [ 34.898126629940066, -13.801433109450386 ], [ 34.897670454228148, -13.801057049842939 ], [ 34.897636063253742, -13.801021164195333 ], [ 34.897607452222189, -13.800985234480947 ], [ 34.897232110273706, -13.80052720976289 ], [ 34.896770517045752, -13.800124076065231 ], [ 34.896752455061801, -13.800106139986326 ], [ 34.896735548706658, -13.800088194914224 ], [ 34.896361146549737, -13.799603048441895 ], [ 34.895887347722976, -13.799190969187805 ], [ 34.895870441367833, -13.799173024115703 ], [ 34.895492429332194, -13.798669827350579 ], [ 34.895121219768555, -13.798293105842106 ], [ 34.895053449557111, -13.798203251878533 ], [ 34.894970075208846, -13.798113517524769 ], [ 34.894685046777511, -13.797672865909988 ], [ 34.894376408444543, -13.797386037935269 ], [ 34.894243253923094, -13.797215347510246 ], [ 34.894070149717663, -13.797035927366096 ], [ 34.893846177159389, -13.79671229463662 ], [ 34.893648436026581, -13.796487875115304 ], [ 34.89344852393026, -13.79620924536033 ], [ 34.893170086630221, -13.795940258136341 ], [ 34.89302912959073, -13.795733476118983 ], [ 34.892900241453049, -13.795589864280771 ], [ 34.892656112389716, -13.795203121626741 ], [ 34.892270105381101, -13.794853621697257 ], [ 34.892202264123227, -13.794754728647774 ], [ 34.89214338371022, -13.794691918197429 ], [ 34.891856267053129, -13.794206090038983 ], [ 34.891369195132313, -13.79379410161647 ], [ 34.891049494238814, -13.793209107014604 ], [ 34.890698964585624, -13.792886444653675 ], [ 34.890602011373801, -13.792760661874979 ], [ 34.890470163567272, -13.792608034333284 ], [ 34.890234205744036, -13.792230262416638 ], [ 34.889997027540858, -13.791988066895726 ], [ 34.889821037411025, -13.791736362842812 ], [ 34.889570276746952, -13.791458119796346 ], [ 34.889445217023194, -13.791215060926277 ], [ 34.889360978426453, -13.791089180121503 ], [ 34.884941000326933, -13.78492318805462 ], [ 34.884850915237621, -13.784788311331454 ], [ 34.884631082258693, -13.784329068931356 ], [ 34.884170048409032, -13.7839168628729 ], [ 34.884158345531262, -13.783898876431977 ], [ 34.884150182385042, -13.783889901197938 ], [ 34.883892061669371, -13.783268270913936 ], [ 34.883623403597255, -13.782990156470476 ], [ 34.883493876041598, -13.782765203651195 ], [ 34.88327000690532, -13.782522896614353 ], [ 34.883127259315643, -13.782234779911107 ], [ 34.883026124256276, -13.782090949537633 ], [ 34.88282312928402, -13.781640613123727 ], [ 34.882377345238353, -13.781183097421945 ], [ 34.882370338620262, -13.781174113194709 ], [ 34.882124216659349, -13.780534312108784 ], [ 34.88192693418074, -13.780291800925852 ], [ 34.881775377731572, -13.779985674399313 ], [ 34.881470173909463, -13.779689760573945 ], [ 34.881355965405533, -13.779500839991726 ], [ 34.881259166877101, -13.779393127290973 ], [ 34.881000844713242, -13.778961287233585 ], [ 34.88056995164203, -13.778557879242669 ], [ 34.880543078999949, -13.778521933340528 ], [ 34.880520902617604, -13.778494989652017 ], [ 34.880217145804693, -13.777946003904901 ], [ 34.879895259558623, -13.777586951376634 ], [ 34.879798896302077, -13.777461157806158 ], [ 34.879670242887471, -13.777272346041912 ], [ 34.879479900477065, -13.776885174411234 ], [ 34.879344241343688, -13.776687378419751 ], [ 34.879152816149599, -13.776309251270902 ], [ 34.878770184296627, -13.775869320013044 ], [ 34.87873919545757, -13.775824367400617 ], [ 34.878718102758285, -13.775788377431638 ], [ 34.878421288711536, -13.775239335926585 ], [ 34.878101792863504, -13.774889299101801 ], [ 34.878008827245651, -13.774754440365086 ], [ 34.877869847815305, -13.774574745028417 ], [ 34.877654228160168, -13.774205838628518 ], [ 34.87747913195642, -13.773990266637441 ], [ 34.877281354850709, -13.773684489047866 ], [ 34.876970315327867, -13.773307272012971 ], [ 34.876886018275172, -13.773172347625689 ], [ 34.876825848234375, -13.773091466198139 ], [ 34.87655612896225, -13.772605478859703 ], [ 34.876210130992831, -13.772192376177145 ], [ 34.876155089785641, -13.77210241699288 ], [ 34.876069782794275, -13.771985575274016 ], [ 34.872484532934891, -13.767783877923591 ], [ 34.870202807213843, -13.764534414231775 ], [ 34.868491513372703, -13.760221557978468 ], [ 34.869491826586568, -13.756211685121116 ], [ 34.871500183586647, -13.753708303495387 ], [ 34.873849954711716, -13.751181120412355 ], [ 34.875697962590948, -13.749193602502714 ], [ 34.886447002327373, -13.737670940761234 ], [ 34.890697380879487, -13.731969501591152 ] ] ] ] } },
{ "type": "Feature", "properties": { "SitRecID": 48991, "Country": "Malawi", "ISO3": "MWI", "NatName": "Maleri Islands", "IntName": "Maleri Islands", "SitLat": -13.92203015, "SitLong": 34.604479628, "IbaStatus": null, "AzeStatus": "confirmed", "AddedDate": "2019-07-25", "ChangeDate": null, "Source": "Konings, A. (2016) Malawi cichlids in their natural habitat. 5th edition.", "DelTxt": "New Polygon delineated.Maleri Islands KBA has been newly delineated for freshwater fish trigger species-endemic cichlids. The Maleri Islands are in south-western Lake Malawi, part of the Lake Malawi National Park and UNESCO World Heritage Site.", "DelGeom": "4. refined polygon", "Shape_Leng": 0.25001508716999998, "Shape_Area": 0.00272583768, "GISArea": 3259.0, "KBA_Qual": "Global", "LegacyKBA": null, "Trigger Ecosystems": null }, "geometry": { "type": "MultiPolygon", "coordinates": [ [ [ [ 34.633934066803818, -13.898189188979813 ], [ 34.633951537033852, -13.898266170047691 ], [ 34.63395726661463, -13.898308681900119 ], [ 34.633975022829077, -13.898334803608236 ], [ 34.633951537033852, -13.898266170047691 ], [ 34.637276781198523, -13.903192136407938 ], [ 34.645308344004945, -13.915090394605954 ], [ 34.644669460227476, -13.919063160536382 ], [ 34.643711135460592, -13.919819885179493 ], [ 34.561142540196101, -13.96443611973109 ], [ 34.561049920817254, -13.964520935692576 ], [ 34.560952763459341, -13.964600513103164 ], [ 34.56085136489861, -13.964674609145845 ], [ 34.560746031804001, -13.964742998090856 ], [ 34.560637087031978, -13.964805473094088 ], [ 34.560524861533167, -13.964861841700611 ], [ 34.56040969704992, -13.964911933938538 ], [ 34.560291944317839, -13.964955596023913 ], [ 34.56017196306567, -13.96499269575628 ], [ 34.560050116619664, -13.965023119821069 ], [ 34.559926778198303, -13.965046776487497 ], [ 34.559802321919676, -13.96506359201112 ], [ 34.559677128196938, -13.965073516029918 ], [ 34.559551577443415, -13.965076518866226 ], [ 34.559426051870844, -13.965072589728209 ], [ 34.55930093459051, -13.965061743004981 ], [ 34.559176606015626, -13.965044009273583 ], [ 34.559053444760707, -13.965019444291897 ], [ 34.55893182674248, -13.96498812270363 ], [ 34.558812122481527, -13.964950138937695 ], [ 34.558694694404664, -13.964905609006621 ], [ 34.558579903140071, -13.964854668707972 ], [ 34.558468095826015, -13.964797473624458 ], [ 34.558359615104223, -13.964734198224619 ], [ 34.558254790126512, -13.964665033164692 ], [ 34.558153940152295, -13.964590191584023 ], [ 34.558057371850282, -13.96450990011175 ], [ 34.557965381097517, -13.964424403363466 ], [ 34.557878246683799, -13.964333962142575 ], [ 34.55779623480845, -13.964238850742333 ], [ 34.557719594583659, -13.964139360543015 ], [ 34.55764855893392, -13.964035793716846 ], [ 34.557583345495061, -13.963928465925903 ], [ 34.557524153017312, -13.963817704523422 ], [ 34.557471160465752, -13.963703845855775 ], [ 34.557424529718332, -13.96358723616197 ], [ 34.557384402867967, -13.963468232472906 ], [ 34.557350903121744, -13.963347196316022 ], [ 34.557324131203757, -13.963224496413318 ], [ 34.557304168952271, -13.963100505983505 ], [ 34.557291077521256, -13.962975603641155 ], [ 34.557284895581518, -13.962850168900104 ], [ 34.557285643817465, -13.962724584871637 ], [ 34.557293319531141, -13.962599232868229 ], [ 34.557307898440797, -13.962474495101844 ], [ 34.557329336479768, -13.962350751086262 ], [ 34.557357567997428, -13.962228378536793 ], [ 34.557392508457554, -13.962107750672089 ], [ 34.557434049941492, -13.961989233516249 ], [ 34.557482065644876, -13.961873187697392 ], [ 34.557536411676097, -13.961759968447723 ], [ 34.557591410615146, -13.961648572123863 ], [ 34.557652251550223, -13.96154025417934 ], [ 34.557718761811486, -13.961435322182354 ], [ 34.557790752541223, -13.961334072909096 ], [ 34.557868022291473, -13.961236791444719 ], [ 34.557950350728163, -13.961143752981741 ], [ 34.56844034524579, -13.945528235239806 ], [ 34.607222636315669, -13.884922418934423 ], [ 34.607227369447571, -13.884911256549231 ], [ 34.607264638252502, -13.884841315374331 ], [ 34.60730800446089, -13.884774814106322 ], [ 34.607357138021541, -13.884712257264823 ], [ 34.607411666615178, -13.884654123289124 ], [ 34.607471172956309, -13.884600852847029 ], [ 34.607535205585293, -13.884552851532817 ], [ 34.607603276170323, -13.884510485370583 ], [ 34.607674868500453, -13.884474076317531 ], [ 34.607749435787866, -13.884443902264252 ], [ 34.607826411459769, -13.884420190739149 ], [ 34.607905209158105, -13.884403125204017 ], [ 34.607985229934457, -13.88439283246322 ], [ 34.608065864048456, -13.884389393455706 ], [ 34.608146498162398, -13.88439283246322 ], [ 34.60822651893875, -13.884403125204017 ], [ 34.608231015548995, -13.884403910312187 ], [ 34.609856443020476, -13.884691995539129 ], [ 34.609932952843565, -13.884708856928171 ], [ 34.610007726075764, -13.884731987491193 ], [ 34.610082293363178, -13.884762162443792 ], [ 34.610153885693308, -13.884798571496844 ], [ 34.610173658187819, -13.884810045946836 ], [ 34.61084809576306, -13.88521260587703 ], [ 34.613569918217195, -13.886837220361372 ], [ 34.613623146391149, -13.886871506115085 ], [ 34.613673831282313, -13.886909291130848 ], [ 34.616404405938624, -13.889094343329248 ], [ 34.61641284517674, -13.889101178176759 ], [ 34.61647235241719, -13.889154448618854 ], [ 34.616526881010827, -13.889212583493872 ], [ 34.616576016370118, -13.889275139436108 ], [ 34.616619383477826, -13.889341640704117 ], [ 34.616656653182076, -13.88941158187896 ], [ 34.61668754039772, -13.889484430561993 ], [ 34.616711811301116, -13.889559630972144 ], [ 34.61672928153115, -13.889636612939285 ], [ 34.622465640477003, -13.891567853073923 ], [ 34.622481990151755, -13.89156477199657 ], [ 34.62249667518148, -13.891561870783676 ], [ 34.622576698655791, -13.891551578942142 ], [ 34.622657335467693, -13.891548139934685 ], [ 34.622737971380332, -13.891551578942142 ], [ 34.622817994854643, -13.891561870783676 ], [ 34.622896795250938, -13.891578937218128 ], [ 34.62297377272148, -13.891602647843854 ], [ 34.623048342706909, -13.89163282279651 ], [ 34.623119936835678, -13.891669231849505 ], [ 34.623188010118611, -13.891711598011796 ], [ 34.623252044546291, -13.891759598426688 ], [ 34.623311552686062, -13.891812868868783 ], [ 34.623366082179018, -13.891871003743802 ], [ 34.623393503407499, -13.891905343456813 ], [ 34.623415151887798, -13.89193360824936 ], [ 34.623419880523102, -13.891940410721304 ], [ 34.62454280370747, -13.893537537427392 ], [ 34.625637192302634, -13.894180809896397 ], [ 34.626673215796302, -13.894477060967517 ], [ 34.626729744482191, -13.894495172414224 ], [ 34.62680431536694, -13.894525346467503 ], [ 34.626875910395029, -13.894561755520556 ], [ 34.626943984577281, -13.894604121682846 ], [ 34.627008019904224, -13.894652122997059 ], [ 34.627065325604349, -13.894703248556027 ], [ 34.627118044762028, -13.894758886013733 ], [ 34.628497711800037, -13.896343354761939 ], [ 34.628501729071616, -13.896348000659657 ], [ 34.628550866229546, -13.896410556601836 ], [ 34.628594234236573, -13.896477057869902 ], [ 34.628631504840143, -13.896546999044745 ], [ 34.628662753583285, -13.89662081719689 ], [ 34.629175282613232, -13.898006242593965 ], [ 34.629521383105384, -13.898139328766945 ], [ 34.630049084597601, -13.898044275822599 ], [ 34.630069337330099, -13.898026146389498 ], [ 34.630133373556419, -13.897978145075285 ], [ 34.63020144863799, -13.897935778912995 ], [ 34.630273044565399, -13.897899370759319 ], [ 34.630347616349468, -13.89786919580672 ], [ 34.630424595618649, -13.897845485180937 ], [ 34.63050339871296, -13.897828418746485 ], [ 34.630547267642328, -13.89782191754739 ], [ 34.632923560673817, -13.897526508241697 ], [ 34.632981845735628, -13.897521087128439 ], [ 34.633040364621195, -13.897519276793162 ], [ 34.633121003231793, -13.897522716699996 ], [ 34.633201028504686, -13.897533008541473 ], [ 34.633279830699678, -13.897550074975925 ], [ 34.633356810868179, -13.897573785601651 ], [ 34.633431381752928, -13.897603960554306 ], [ 34.633502977680337, -13.897640368707982 ], [ 34.633571052761909, -13.897682734870273 ], [ 34.633635088988228, -13.897730736184485 ], [ 34.633694598926638, -13.89778400662658 ], [ 34.633749130218234, -13.897842141501599 ], [ 34.633798266476845, -13.897904697443778 ], [ 34.633841635383192, -13.897971198711787 ], [ 34.633878905986762, -13.898041139886629 ], [ 34.633909795001102, -13.898113987670342 ], [ 34.633934066803818, -13.898189188979813 ] ] ] ] } },
{ "type": "Feature", "properties": { "SitRecID": 48992, "Country": "Malawi", "ISO3": "MWI", "NatName": "Mbenji Island", "IntName": "Mbenji Island", "SitLat": -13.4374493999, "SitLong": 34.490039970399998, "IbaStatus": null, "AzeStatus": null, "AddedDate": "2019-07-25", "ChangeDate": null, "Source": "Konings, A. 2016 Malawi Cichlids in their Natural Habitat, New 5th Revised & Expanded Edition. Hollywood Import & Export Inc. Others see references.", "DelTxt": "New Polygon delineated.The Mbenji Island KBA incorporates the small island of Mbenji in Malawi and the surrounding lake to a distance of 2 km from the island perimeter.", "DelGeom": "4. refined polygon", "Shape_Leng": 0.14351676789000001, "Shape_Area": 0.00160686422, "GISArea": 1925.0, "KBA_Qual": "Global", "LegacyKBA": null, "Trigger Ecosystems": null }, "geometry": { "type": "MultiPolygon", "coordinates": [ [ [ [ 34.487768135990734, -13.461678267837726 ], [ 34.486593083603964, -13.461638475535153 ], [ 34.485539689704979, -13.46153475312633 ], [ 34.485064330554451, -13.461473287162448 ], [ 34.484947702874251, -13.461457805333396 ], [ 34.483787724024296, -13.461259699075811 ], [ 34.482642753959965, -13.460983538859182 ], [ 34.481517696684421, -13.460630507292024 ], [ 34.480417368966471, -13.460202117034044 ], [ 34.479346482354345, -13.459700202702152 ], [ 34.478309623390487, -13.459126914575393 ], [ 34.477311232027773, -13.458484706903675 ], [ 34.47635558274402, -13.457776330713045 ], [ 34.47544676835372, -13.457004821215492 ], [ 34.474588680223462, -13.456173480721532 ], [ 34.473784992983099, -13.455285870546447 ], [ 34.473316047797425, -13.454709593073233 ], [ 34.472692137731997, -13.453910563421744 ], [ 34.472415238272674, -13.453546763372401 ], [ 34.471730429715592, -13.452558246565786 ], [ 34.471109589935679, -13.451525521785356 ], [ 34.470555377328878, -13.450453010997592 ], [ 34.470204676804428, -13.449672332012483 ], [ 34.46987204815656, -13.449008636839096 ], [ 34.469386836033721, -13.447900940076295 ], [ 34.468972701828761, -13.446762795866277 ], [ 34.468631419004851, -13.445599076735959 ], [ 34.468364449859507, -13.444414766728073 ], [ 34.468172936531857, -13.443214938018912 ], [ 34.468057699203484, -13.442004727536073 ], [ 34.468021779381672, -13.441102211098098 ], [ 34.467998279197275, -13.440775515277778 ], [ 34.467959812495394, -13.439560113008781 ], [ 34.467998279197275, -13.438344716135703 ], [ 34.468113516525591, -13.437134530833873 ], [ 34.468305029853298, -13.435934737198295 ], [ 34.468571998998584, -13.434750473955148 ], [ 34.46888178396722, -13.433683659473274 ], [ 34.469000623979639, -13.433314906857447 ], [ 34.469032121835028, -13.433218059765579 ], [ 34.46944625603993, -13.432079983004769 ], [ 34.46993146816277, -13.430972362684372 ], [ 34.470485680769627, -13.429899941828808 ], [ 34.47110652054954, -13.428867311477177 ], [ 34.471671913528041, -13.428041701463314 ], [ 34.472919731860202, -13.426320902687451 ], [ 34.473039147438783, -13.426158096618792 ], [ 34.473784992983099, -13.425218129712846 ], [ 34.474588680223462, -13.424330631053749 ], [ 34.47544676835372, -13.4234994011764 ], [ 34.47635558274402, -13.422727998698122 ], [ 34.477311232027773, -13.422019725929545 ], [ 34.47762978988294, -13.421804590109673 ], [ 34.478297811694688, -13.420842137454656 ], [ 34.479043656339741, -13.41990219123312 ], [ 34.479847343580104, -13.419014711459738 ], [ 34.480705431710362, -13.418183499568784 ], [ 34.481614246100605, -13.417412114177694 ], [ 34.482569895384415, -13.416703855798232 ], [ 34.483568287646392, -13.416061759642446 ], [ 34.484605146610306, -13.415488572239781 ], [ 34.485676033222433, -13.414986749638729 ], [ 34.486649138347104, -13.414603653735583 ], [ 34.487332467519423, -13.414357837544117 ], [ 34.487459690112644, -13.414312623228909 ], [ 34.488584747388245, -13.413959659110958 ], [ 34.489729717452576, -13.413683551954307 ], [ 34.490889696302474, -13.413485483468264 ], [ 34.492059716982396, -13.413366301713381 ], [ 34.493234769369167, -13.413326518404062 ], [ 34.494409822655257, -13.413366301713381 ], [ 34.495579843335179, -13.413485483468264 ], [ 34.496739822185077, -13.413683551954307 ], [ 34.497884791350089, -13.413959659110958 ], [ 34.498916213912196, -13.414280047086436 ], [ 34.499361863958882, -13.4144336818689 ], [ 34.499455498672376, -13.414466258011373 ], [ 34.500555826390325, -13.41489456822967 ], [ 34.501626713002452, -13.415396391730042 ], [ 34.502663571966309, -13.415969578233387 ], [ 34.503661963329023, -13.41661167438923 ], [ 34.504617612612776, -13.417319931869315 ], [ 34.505526427902396, -13.418091317260462 ], [ 34.506384516032654, -13.418922529151359 ], [ 34.507188203273017, -13.419810008025422 ], [ 34.507934047918013, -13.420749954246958 ], [ 34.508618856475096, -13.42173834334983 ], [ 34.509239696255008, -13.422770943124476 ], [ 34.509793908861866, -13.423843333403056 ], [ 34.510279120984706, -13.424950921347886 ], [ 34.510693255189608, -13.426088965733129 ], [ 34.510908018690145, -13.426788410756501 ], [ 34.511079485230084, -13.427287376211382 ], [ 34.511420767154732, -13.428451009006835 ], [ 34.511687737199338, -13.429635241672997 ], [ 34.511879250527045, -13.430835004731648 ], [ 34.511994486956041, -13.432045159456493 ], [ 34.512032954557242, -13.433260524853267 ], [ 34.511994486956041, -13.434475895646017 ], [ 34.511879250527045, -13.435686068357313 ], [ 34.511687737199338, -13.436885861093572 ], [ 34.511420767154732, -13.438070134229292 ], [ 34.511079485230084, -13.439233817386707 ], [ 34.510665351025182, -13.440371927422461 ], [ 34.510180138902342, -13.441479590010999 ], [ 34.509625925396165, -13.442552062127902 ], [ 34.50942599261549, -13.442901383991625 ], [ 34.509417531793702, -13.44292254683802 ], [ 34.508932319670862, -13.444030221117771 ], [ 34.508378107064061, -13.44510270402651 ], [ 34.507757267284092, -13.446135401827291 ], [ 34.50723552919635, -13.446900609775298 ], [ 34.506882332153964, -13.447687195507626 ], [ 34.506375512020327, -13.448674264405724 ], [ 34.505823050393531, -13.449743096066982 ], [ 34.505669752856875, -13.450012484388594 ], [ 34.505224103709452, -13.450780770715937 ], [ 34.504756560566875, -13.451544101778836 ], [ 34.504109092760473, -13.452482099169515 ], [ 34.503158374459474, -13.453772834049005 ], [ 34.503121033708794, -13.453823349867662 ], [ 34.502375188164478, -13.454763426490899 ], [ 34.501571500924058, -13.455651033968024 ], [ 34.5007134127938, -13.456482372663345 ], [ 34.499804598403557, -13.457253881261579 ], [ 34.498848949119747, -13.457962255653513 ], [ 34.49785055775709, -13.458604461526647 ], [ 34.497074497689994, -13.4590419745075 ], [ 34.495975228474094, -13.459625893520126 ], [ 34.495714429577333, -13.459761667766713 ], [ 34.494643543864527, -13.460263582098605 ], [ 34.493543215247257, -13.460691972356585 ], [ 34.492418157971656, -13.461045003923743 ], [ 34.491273187907325, -13.461321165039692 ], [ 34.490113209057427, -13.461519271297277 ], [ 34.488943188377505, -13.461638475535153 ], [ 34.487768135990734, -13.461678267837726 ] ] ] ] } },
{ "type": "Feature", "properties": { "SitRecID": 6671, "Country": "Malawi", "ISO3": "MWI", "NatName": "Nkhotakota Wildlife Reserve", "IntName": "Nkhotakota Wildlife Reserve", "SitLat": -12.8723008439, "SitLong": 34.034958126699998, "IbaStatus": "confirmed", "AzeStatus": null, "AddedDate": "2005-05-12", "ChangeDate": "2019-07-25", "Source": "RSPB funded initiative to create polygon boundaries for IBAs in Africa. KBA Assessment (2018) completed by Freshwater Biodiversity Unit (IUCN). Refined delinations from WDPA (July 2019)", "DelTxt": "New Polygon delineated from Park and Protected Area boundaries - July 2019", "DelGeom": "3. draft polygon", "Shape_Leng": 2.2117448892499998, "Shape_Area": 0.14811394363, "GISArea": 177850.0, "KBA_Qual": "Global", "LegacyKBA": "confirmed", "Trigger Ecosystems": null }, "geometry": { "type": "MultiPolygon", "coordinates": [ [ [ [ 33.822220127157209, -12.743166265410764 ], [ 33.823084230852601, -12.740658932163967 ], [ 33.823083244296356, -12.739818023782732 ], [ 33.823154686439693, -12.739121565407856 ], [ 33.823449094799912, -12.738478662560169 ], [ 33.823789266061851, -12.737745198881782 ], [ 33.824131541737302, -12.737129273896812 ], [ 33.824577869872826, -12.736467815337335 ], [ 33.825012681290275, -12.735806390952121 ], [ 33.825400948295169, -12.735172236709332 ], [ 33.82577634330363, -12.734474828650377 ], [ 33.826188062828862, -12.733795390844591 ], [ 33.826622954285938, -12.733161090911551 ], [ 33.82710574183659, -12.732562807927195 ], [ 33.827623760328322, -12.732000583260287 ], [ 33.82818693198135, -12.731338753280795 ], [ 33.828670522626567, -12.730812801869263 ], [ 33.829200624409339, -12.730250535833534 ], [ 33.829706427409747, -12.729652177306093 ], [ 33.830164963842037, -12.729035881800485 ], [ 33.830472097609288, -12.728420060237568 ], [ 33.830731362262611, -12.727777261711196 ], [ 33.830908158185025, -12.727089513270357 ], [ 33.831143641166136, -12.72639253688601 ], [ 33.831484468933127, -12.72569522955115 ], [ 33.831967377892227, -12.725142150090107 ], [ 33.832511083719567, -12.72469738227835 ], [ 33.833101533608954, -12.724288635012442 ], [ 33.833786566996537, -12.723933839874746 ], [ 33.834437177034147, -12.723615320690442 ], [ 33.835064213142971, -12.723305917034395 ], [ 33.83579656256137, -12.722987136147367 ], [ 33.836528821148249, -12.722641229009469 ], [ 33.836530054118782, -12.721963071838275 ], [ 33.835996670709847, -12.721512653586046 ], [ 33.83548610939647, -12.720998868203139 ], [ 33.834951342830266, -12.720476114780809 ], [ 33.834347647725792, -12.71999878791371 ], [ 33.83386011805004, -12.719484926088398 ], [ 33.833454095729962, -12.718898470987597 ], [ 33.833057626907987, -12.718239648341068 ], [ 33.832661646417876, -12.717553696745654 ], [ 33.832311630277559, -12.716840475007871 ], [ 33.832009690095163, -12.716217520921816 ], [ 33.831847512652644, -12.715557960831177 ], [ 33.831684497041977, -12.714817024685885 ], [ 33.8316275753524, -12.714130008293182 ], [ 33.831628763356775, -12.713433765755667 ], [ 33.831653522592035, -12.712728408589157 ], [ 33.83177222770621, -12.71205892537904 ], [ 33.832019991829213, -12.711425203710121 ], [ 33.832302779149984, -12.71076424787168 ], [ 33.833621240128195, -12.708725645771892 ], [ 33.833829910721875, -12.708815410702584 ], [ 33.834691588945702, -12.709156298724167 ], [ 33.835623039271923, -12.709533131748572 ], [ 33.836544777819313, -12.709756276930591 ], [ 33.83688209463304, -12.709687755785239 ], [ 33.837449066821023, -12.709572583208114 ], [ 33.838217016801934, -12.709063802552407 ], [ 33.8389873670734, -12.708410340764544 ], [ 33.839651858146794, -12.707775296192892 ], [ 33.840225896308141, -12.706941612065691 ], [ 33.840774354153154, -12.706207469399146 ], [ 33.841439292189648, -12.705536251396836 ], [ 33.842221651108389, -12.704864658377232 ], [ 33.843014576161806, -12.704256323670336 ], [ 33.843854696736912, -12.703647837877384 ], [ 33.844658610606473, -12.703057548067363 ], [ 33.845370758553713, -12.702395212668876 ], [ 33.846058729127094, -12.701732952813472 ], [ 33.846734698247758, -12.701097855181843 ], [ 33.847411694394225, -12.700426585018818 ], [ 33.848170877783843, -12.699718882420427 ], [ 33.848871436167883, -12.699038491333283 ], [ 33.849594528864486, -12.698385151853245 ], [ 33.850283022843257, -12.697713839422079 ], [ 33.850959971325665, -12.697033517582724 ], [ 33.851683112585647, -12.696398258073089 ], [ 33.852150723177374, -12.695601060340607 ], [ 33.852641384292497, -12.69481282974823 ], [ 33.853132617376446, -12.694024597357213 ], [ 33.853694494005765, -12.693190925820545 ], [ 33.854162092007016, -12.692393725390048 ], [ 33.854665738433141, -12.691533112862828 ], [ 33.855227604270567, -12.690699438628144 ], [ 33.855732183293696, -12.689775529117355 ], [ 33.85626038660763, -12.688860584048655 ], [ 33.856286465148287, -12.688803022041782 ], [ 33.856670624949459, -12.687955060277773 ], [ 33.856976561719023, -12.687013703919263 ], [ 33.857270498834509, -12.686099511583166 ], [ 33.857540836840201, -12.685185396588736 ], [ 33.857740924304267, -12.684262466439634 ], [ 33.857940919138173, -12.683312409140342 ], [ 33.85808332588482, -12.68235349621682 ], [ 33.858272383163978, -12.681403473991111 ], [ 33.85842532996503, -12.680498779395123 ], [ 33.858450777181702, -12.679504075252851 ], [ 33.858451716073887, -12.678581787219684 ], [ 33.858535020275042, -12.677677315655558 ], [ 33.858793320855114, -12.676781322899672 ], [ 33.859250758315909, -12.675884686229267 ], [ 33.859846748029042, -12.675114187569648 ], [ 33.860476932664369, -12.674415914362896 ], [ 33.86105989120108, -12.673708751357765 ], [ 33.861574112755136, -12.67292947171768 ], [ 33.862171026971396, -12.672095673376589 ], [ 33.86267373180732, -12.671316429709407 ], [ 33.863037789062787, -12.670383921780513 ], [ 33.863389395204479, -12.66951474770741 ], [ 33.86375299380569, -12.668618408712518 ], [ 33.864152150701273, -12.667685785670415 ], [ 33.864547884777096, -12.666901118192015 ], [ 33.864670000120441, -12.666989999988459 ], [ 33.866129999999544, -12.668380000236766 ], [ 33.86762960871954, -12.670079541737437 ], [ 33.867799467271652, -12.669659557442571 ], [ 33.867804038525605, -12.669625924596687 ], [ 33.868506392855807, -12.663700432828648 ], [ 33.868510000036508, -12.663669999770605 ], [ 33.869000000149924, -12.661369999825581 ], [ 33.870399999960057, -12.659290000133353 ], [ 33.872289999883662, -12.657919999908017 ], [ 33.874629999874628, -12.657460000278718 ], [ 33.875467657206684, -12.656531510520722 ], [ 33.876289999983555, -12.655619999962994 ], [ 33.878159999884133, -12.654699999805075 ], [ 33.878537685465858, -12.654149429452559 ], [ 33.879414121564537, -12.652871807587815 ], [ 33.87952091156086, -12.652716134941613 ], [ 33.879579999717237, -12.652629999674673 ], [ 33.879270295687661, -12.651401172326189 ], [ 33.879312059304141, -12.650988754027708 ], [ 33.879359578581727, -12.650519499475251 ], [ 33.881239471924118, -12.648479604150339 ], [ 33.883269509780121, -12.647369445943127 ], [ 33.883271818339779, -12.647369590734002 ], [ 33.884763667709137, -12.647033677761954 ], [ 33.884780000296814, -12.647030000434142 ], [ 33.886249999737743, -12.646230000414164 ], [ 33.889119999888123, -12.64375000026223 ], [ 33.890109999676781, -12.643059999918989 ], [ 33.891459999879146, -12.643059999918989 ], [ 33.892569999805687, -12.642369999575749 ], [ 33.893220000102986, -12.641450000317207 ], [ 33.894040000145935, -12.640530000159345 ], [ 33.8962699995609, -12.636909999596753 ], [ 33.897849999577886, -12.635070000180292 ], [ 33.897933109525411, -12.634949787802441 ], [ 33.898979468028074, -12.633449611610217 ], [ 33.90012278064188, -12.632422326828873 ], [ 33.900260000098967, -12.632300000144824 ], [ 33.901490000163449, -12.632529999959502 ], [ 33.90254000002102, -12.633049999657715 ], [ 33.904770000335304, -12.633800000069925 ], [ 33.905479999802196, -12.63394000023078 ], [ 33.906390000398233, -12.634239999676197 ], [ 33.908980000226904, -12.634470000390138 ], [ 33.91132000021787, -12.634239999676197 ], [ 33.913439999956097, -12.634479999951964 ], [ 33.915780000846439, -12.634020000322721 ], [ 33.916949932493424, -12.633710017503233 ], [ 33.917249459794789, -12.634019564151515 ], [ 33.918009513728123, -12.635469440362328 ], [ 33.918009777229486, -12.635469574361309 ], [ 33.91969948104628, -12.636329473726164 ], [ 33.920939541826442, -12.636789590267313 ], [ 33.922159536033803, -12.63677955653128 ], [ 33.923399596813965, -12.636499509444775 ], [ 33.924339543934877, -12.635399560341398 ], [ 33.924919529312888, -12.634249446154968 ], [ 33.925038400801611, -12.633228793873684 ], [ 33.925159273281906, -12.63218627097956 ], [ 33.925064991056558, -12.630426656564907 ], [ 33.925050162135335, -12.630149897399804 ], [ 33.927299999695265, -12.628730000089377 ], [ 33.9282500003373, -12.627119999588274 ], [ 33.9282500003373, -12.627010764335239 ], [ 33.9282500003373, -12.623077850062657 ], [ 33.928249475133214, -12.622969559097839 ], [ 33.928645527569074, -12.622197596341948 ], [ 33.930051163430505, -12.619452628935619 ], [ 33.930369459582948, -12.618829569628872 ], [ 33.932959593410544, -12.618379485924493 ], [ 33.935279536721282, -12.618379485924493 ], [ 33.935779609241649, -12.618379485924493 ], [ 33.93882950707615, -12.619299542739668 ], [ 33.939459482169411, -12.619299542739668 ], [ 33.939493216638709, -12.619286690528327 ], [ 33.942276440305534, -12.618171461044028 ], [ 33.942330000329321, -12.618149999622744 ], [ 33.942367422018947, -12.618157003542819 ], [ 33.945179584070615, -12.618683322777088 ], [ 33.949649999747749, -12.61951999984808 ], [ 33.952109999876654, -12.619700000054934 ], [ 33.954630000074474, -12.61951999984808 ], [ 33.956499999975051, -12.618949999642723 ], [ 33.958439655066059, -12.619349929055943 ], [ 33.959029557268309, -12.621359504637383 ], [ 33.959029968258506, -12.621359890446513 ], [ 33.960369597478973, -12.622619454823962 ], [ 33.96044069787996, -12.622658278556685 ], [ 33.961747956003421, -12.623366075583874 ], [ 33.962180000206899, -12.623600000039914 ], [ 33.963290000133441, -12.623660000108885 ], [ 33.964409999621864, -12.623829999854536 ], [ 33.966229999914617, -12.623829999854536 ], [ 33.96762999972475, -12.623600000039914 ], [ 33.967690265993042, -12.623444845403242 ], [ 33.968579521028119, -12.621179611449861 ], [ 33.968740638169947, -12.620146693315178 ], [ 33.968750000112493, -12.620090000053438 ], [ 33.969380000386764, -12.618149999622744 ], [ 33.973590000278364, -12.615659999909042 ], [ 33.975230000364263, -12.61428000012188 ], [ 33.976880000012045, -12.613139999711166 ], [ 33.977519999848141, -12.611730000339207 ], [ 33.977521099719013, -12.611728774563232 ], [ 33.978324360680745, -12.610833473386037 ], [ 33.978480000052002, -12.610659999559289 ], [ 33.978480000052002, -12.608639999935974 ], [ 33.977479999802199, -12.606859999689163 ], [ 33.977479739898115, -12.606859727194603 ], [ 33.975780001445969, -12.605079998543033 ], [ 33.974560000043994, -12.6034099997716 ], [ 33.974029999884635, -12.602029999984438 ], [ 33.974560000043994, -12.600929999619723 ], [ 33.975609999901621, -12.59995000029221 ], [ 33.976550000082511, -12.59938000008691 ], [ 33.976625341686201, -12.599324696277677 ], [ 33.977490000263344, -12.598689999743669 ], [ 33.979130000349301, -12.598399999860078 ], [ 33.981335893436778, -12.598231080200151 ], [ 33.981349592809522, -12.598229600815387 ], [ 33.982869525308388, -12.598339613981977 ], [ 33.983929517533284, -12.597999543444132 ], [ 33.984809617469921, -12.597189498896228 ], [ 33.984979476921353, -12.595869525258365 ], [ 33.98498338537496, -12.595304580142226 ], [ 33.984989509758122, -12.594281870212114 ], [ 33.984989999888626, -12.594200000429623 ], [ 33.983819999893115, -12.59189999958528 ], [ 33.983520000447697, -12.590519999798119 ], [ 33.984109999776706, -12.5895999996402 ], [ 33.985230000164449, -12.588850000127366 ], [ 33.985380139282029, -12.588855966229801 ], [ 33.986649938843641, -12.588906421793865 ], [ 33.986739500527563, -12.588909519958349 ], [ 33.988209618679036, -12.589189567944175 ], [ 33.989559516358668, -12.589659541054914 ], [ 33.991259516513537, -12.590109448492228 ], [ 33.992369498453627, -12.590509541582037 ], [ 33.9923870981861, -12.590507529798629 ], [ 33.995069999780696, -12.590120000237789 ], [ 33.996529999659799, -12.5895999996402 ], [ 33.997759999724281, -12.588560000243774 ], [ 33.998399999560377, -12.587580000016942 ], [ 33.998869999650822, -12.586020000022927 ], [ 33.999050000756995, -12.584879999612269 ], [ 33.998759999974084, -12.583729999639729 ], [ 33.998081884171654, -12.582152536610238 ], [ 33.998872201191205, -12.581661335901856 ], [ 33.999768372912115, -12.581169735894548 ], [ 34.000695909388753, -12.58090406087365 ], [ 34.001624052907744, -12.580647422240702 ], [ 34.002550349219291, -12.580508328596466 ], [ 34.003524690012512, -12.580296719018349 ], [ 34.004462020106189, -12.580184703960867 ], [ 34.005411865165513, -12.580036472305324 ], [ 34.006293763746271, -12.579725740350568 ], [ 34.007268062271294, -12.579505076398107 ], [ 34.008138415355631, -12.579185340431081 ], [ 34.008974505169306, -12.57878435611309 ], [ 34.009916811211895, -12.578328717296415 ], [ 34.010810602427398, -12.577972717966531 ], [ 34.011648055613307, -12.577481303219542 ], [ 34.012381164059548, -12.576936029873821 ], [ 34.013161196432122, -12.576327285975424 ], [ 34.013999179318716, -12.575826819552049 ], [ 34.014882281192399, -12.575389473845121 ], [ 34.015786834594792, -12.575141919264126 ], [ 34.016784585640153, -12.57489400765229 ], [ 34.017712220142869, -12.574664442210178 ], [ 34.018674079245386, -12.574507077939245 ], [ 34.019577654185468, -12.574304723284286 ], [ 34.020609226934312, -12.574174210971023 ], [ 34.021629655284414, -12.573989486625464 ], [ 34.02267456677788, -12.573741375364136 ], [ 34.023646556743245, -12.573674371375091 ], [ 34.024644760147623, -12.573399304734096 ], [ 34.025571408094038, -12.573214924828847 ], [ 34.026488850580051, -12.572885910556295 ], [ 34.027451990317161, -12.572620009805576 ], [ 34.028299531198456, -12.572218924763547 ], [ 34.029147140428222, -12.571835919691921 ], [ 34.030099628595053, -12.571497717945306 ], [ 34.030969922324118, -12.571177911831114 ], [ 34.031863188335535, -12.57084897400091 ], [ 34.032886822768717, -12.570465280048609 ], [ 34.034668529029432, -12.571480114615554 ], [ 34.035450672110869, -12.571847802434093 ], [ 34.036092770065352, -12.572152735560223 ], [ 34.036746876667053, -12.57243953925331 ], [ 34.037412025144874, -12.57275342333179 ], [ 34.038112522375059, -12.573130458703645 ], [ 34.038777636678617, -12.573435297401033 ], [ 34.039513368447274, -12.573703692871106 ], [ 34.040236873932656, -12.573935967970499 ], [ 34.040960708569912, -12.574249613728625 ], [ 34.041602716592138, -12.574672075655712 ], [ 34.042233082890505, -12.575203081257143 ], [ 34.042839946306515, -12.57589692620212 ], [ 34.043132956221029, -12.576356368251766 ], [ 34.044329534780275, -12.576109525034497 ], [ 34.047149550611323, -12.575879466763922 ], [ 34.047153487843218, -12.575882393157883 ], [ 34.047463964390488, -12.575553385180513 ], [ 34.048165197266087, -12.574971977974371 ], [ 34.048877686056414, -12.574471900058086 ], [ 34.049741876986104, -12.574070683715036 ], [ 34.050664610183674, -12.573777734055113 ], [ 34.051587354173137, -12.573629448440272 ], [ 34.052369667226401, -12.573608292788435 ], [ 34.053093986598242, -12.573614489117347 ], [ 34.053829346946884, -12.573647763133692 ], [ 34.054576730331917, -12.573807571761961 ], [ 34.055323501278622, -12.573958337707097 ], [ 34.055942644937147, -12.573567110133979 ], [ 34.056468743837513, -12.57293212311896 ], [ 34.056971496337553, -12.572215852679392 ], [ 34.05745058587587, -12.571481593100998 ], [ 34.058034484204143, -12.57077404158872 ], [ 34.058595365283907, -12.57034687171074 ], [ 34.059296238430704, -12.570109020814641 ], [ 34.060101827737185, -12.570015419376034 ], [ 34.060860912201406, -12.570084748112606 ], [ 34.061433014122372, -12.570570729155804 ], [ 34.068970866212567, -12.579727003898086 ], [ 34.084085275415191, -12.595633574629744 ], [ 34.086816556938629, -12.599085389379184 ], [ 34.097205650220644, -12.610064524258348 ], [ 34.099341701958053, -12.612560230170459 ], [ 34.104186123191084, -12.617612503614112 ], [ 34.109999734799999, -12.624007818306097 ], [ 34.116608054817902, -12.631014469642025 ], [ 34.12181522659148, -12.636489788672748 ], [ 34.127349340599665, -12.642460878766485 ], [ 34.128920229584992, -12.64336740797944 ], [ 34.129418927941231, -12.643844486633725 ], [ 34.130021381981237, -12.644230712177603 ], [ 34.130589352416735, -12.644626123396847 ], [ 34.131217030641494, -12.645120734334398 ], [ 34.131785698950921, -12.645543262811259 ], [ 34.132412608255322, -12.645992666628217 ], [ 34.132957727816915, -12.646424334915082 ], [ 34.133444969709615, -12.646910495822681 ], [ 34.133840542806865, -12.647487458579292 ], [ 34.134304931127701, -12.64800988015179 ], [ 34.134828055970047, -12.64854109169795 ], [ 34.135269429740447, -12.649063608598624 ], [ 34.136591026654628, -12.651227894551653 ], [ 34.138672970681114, -12.653425087597668 ], [ 34.137585535644007, -12.654894431432808 ], [ 34.137126508181836, -12.655456953775342 ], [ 34.136585683782357, -12.656001743285799 ], [ 34.136080080431441, -12.656573505262998 ], [ 34.135598802842537, -12.65718132825566 ], [ 34.135210668037928, -12.657770670180241 ], [ 34.134787428197285, -12.658360161392295 ], [ 34.134352796644293, -12.65897682382132 ], [ 34.133825018709672, -12.65961196641905 ], [ 34.133389529203441, -12.660165341757079 ], [ 34.132814358795656, -12.660755477783027 ], [ 34.132250119647381, -12.661345566144917 ], [ 34.131732906948173, -12.661899286822575 ], [ 34.131436449032947, -12.662227085211782 ], [ 34.131215771590632, -12.662471091067971 ], [ 34.130792436421871, -12.663042494215688 ], [ 34.130474568346699, -12.663649614837823 ], [ 34.130486466377363, -12.664390954778696 ], [ 34.13067310987617, -12.665086344758947 ], [ 34.13080105642365, -12.665781984750765 ], [ 34.131206234280342, -12.666964678676948 ], [ 34.131661983713627, -12.668391272339306 ], [ 34.131790549893992, -12.669095949618338 ], [ 34.131906337607461, -12.669773558203076 ], [ 34.132186754315285, -12.670459506201212 ], [ 34.132536845998686, -12.671154198307534 ], [ 34.132827881001958, -12.671767769766689 ], [ 34.133236021225457, -12.672444130991778 ], [ 34.133608084245736, -12.673030231759753 ], [ 34.133922758828305, -12.673652741580725 ], [ 34.134213999776307, -12.674311516563193 ], [ 34.134564758756653, -12.675024285942015 ], [ 34.134785137624078, -12.675665278629651 ], [ 34.135006789032161, -12.676333391272919 ], [ 34.135297996705219, -12.676983122672937 ], [ 34.13551899520553, -12.677633155345802 ], [ 34.135705544275481, -12.678301416377224 ], [ 34.135973240972362, -12.67896933027032 ], [ 34.136264413571894, -12.679610018987148 ], [ 34.136462396622335, -12.680260147887452 ], [ 34.136626211730345, -12.680991794036004 ], [ 34.136707649838229, -12.681705710050437 ], [ 34.1367668836848, -12.682473967599492 ], [ 34.136779502072386, -12.683242425697358 ], [ 34.136744152420761, -12.683965881720042 ], [ 34.136568255820407, -12.684662815836248 ], [ 34.136368722338716, -12.685350808892679 ], [ 34.136121874624848, -12.686011880743649 ], [ 34.135898662893055, -12.686681892755075 ], [ 34.135592950054672, -12.687307051079472 ], [ 34.135206366580633, -12.687995842733926 ], [ 34.134842562934011, -12.688630290155743 ], [ 34.134524678671028, -12.689237416173796 ], [ 34.134254843386373, -12.689907626036074 ], [ 34.134137066372546, -12.69060431014077 ], [ 34.134078687781255, -12.691327865088851 ], [ 34.134089789012592, -12.692014957923902 ], [ 34.134135958407796, -12.692692858788348 ], [ 34.134333493595932, -12.693370113939579 ], [ 34.134626073634422, -12.694065045265575 ], [ 34.134965516445504, -12.694814024047901 ], [ 34.135292591779717, -12.69549976520193 ], [ 34.135596154339112, -12.696203688849096 ], [ 34.135911764216587, -12.696898520350373 ], [ 34.136248965017785, -12.697529967633841 ], [ 34.13661025955588, -12.698143229726213 ], [ 34.136982413407679, -12.698738363284804 ], [ 34.137296596960425, -12.699369907695029 ], [ 34.13767022570039, -12.700037362933926 ], [ 34.138020380336343, -12.700732041550452 ], [ 34.138912864836868, -12.702364688779312 ], [ 34.140599391348871, -12.703939670579302 ], [ 34.141063864206046, -12.704453027884881 ], [ 34.141575575752256, -12.704975221029599 ], [ 34.142063771825633, -12.705515596667396 ], [ 34.142424436838326, -12.706110768896849 ], [ 34.142787518329385, -12.706859631666646 ], [ 34.143032246341136, -12.707527632793983 ], [ 34.143196063247785, -12.708250229064788 ], [ 34.143361396411365, -12.709054190598351 ], [ 34.143489449078857, -12.709758857984866 ], [ 34.143582271704531, -12.710436553803845 ], [ 34.143710246130979, -12.711123139421318 ], [ 34.143908359583179, -12.711791339298827 ], [ 34.144386619047282, -12.71242216515077 ], [ 34.144933545346873, -12.712962279985163 ], [ 34.145386573431665, -12.713484717745473 ], [ 34.145817519562911, -12.714088620593316 ], [ 34.146178207957973, -12.714683785628154 ], [ 34.146470394992775, -12.715405824319305 ], [ 34.146739438874079, -12.716100836584303 ], [ 34.146925437558934, -12.716760045040019 ], [ 34.147077104624714, -12.717464607205784 ], [ 34.147146999934137, -12.718160481920677 ], [ 34.147253644240323, -12.718964692566487 ], [ 34.147277078774209, -12.719696934066235 ], [ 34.147311904121125, -12.720402000751676 ], [ 34.147404742934611, -12.721079693872753 ], [ 34.147709030347528, -12.72180167680591 ], [ 34.147965340727922, -12.722478661261164 ], [ 34.148268033642864, -12.723101196263144 ], [ 34.1485943679358, -12.723732669626941 ], [ 34.148851299747719, -12.724418691369465 ], [ 34.149026619882648, -12.725132190098464 ], [ 34.149084434599047, -12.725828116074638 ], [ 34.149178101688108, -12.726560050905562 ], [ 34.149198405681943, -12.728512872970668 ], [ 34.149942276315073, -12.73110448168643 ], [ 34.150198482374094, -12.731754338991493 ], [ 34.150455550883009, -12.73246748068965 ], [ 34.150689676787181, -12.733198803981566 ], [ 34.150888732728902, -12.733939321042783 ], [ 34.151017483270266, -12.734662060305766 ], [ 34.151134638852568, -12.735366768161782 ], [ 34.151216926819757, -12.736125874209677 ], [ 34.151324334650383, -12.736966242098333 ], [ 34.151347746701219, -12.737689439116252 ], [ 34.151383451585048, -12.738457789295467 ], [ 34.151383223157268, -12.739172047951627 ], [ 34.151289699959761, -12.739877671317458 ], [ 34.151254355703998, -12.740592082858313 ], [ 34.151219711120802, -12.741333615254121 ], [ 34.151218825288595, -12.742029793939764 ], [ 34.151220156285262, -12.742834457843912 ], [ 34.151314415128184, -12.743566388178238 ], [ 34.151443213333664, -12.74429816742645 ], [ 34.151641544421807, -12.745002520050207 ], [ 34.151909203347088, -12.745634240727554 ], [ 34.152165472358718, -12.746293135319888 ], [ 34.152468290279444, -12.746933743097713 ], [ 34.152829702628708, -12.747546971015879 ], [ 34.153319530072281, -12.748168681339507 ], [ 34.153749081355045, -12.748700239124673 ], [ 34.154261774961014, -12.749285681588901 ], [ 34.1547393977051, -12.749880316923054 ], [ 34.155181002601239, -12.750402778965054 ], [ 34.155852303341192, -12.75067108180491 ], [ 34.156624881233313, -12.750676744835857 ], [ 34.15737229519533, -12.750592104242173 ], [ 34.158118968115957, -12.750471299211029 ], [ 34.158855607300495, -12.750422866222266 ], [ 34.159566300144661, -12.750238926085501 ], [ 34.160254006317416, -12.75006412665806 ], [ 34.160941094655868, -12.749880287245389 ], [ 34.161665682924991, -12.749840941006596 ], [ 34.16243912236763, -12.749909871343448 ], [ 34.16315676607195, -12.750114663161128 ], [ 34.163864832895797, -12.750491277650269 ], [ 34.164480593304802, -12.750949668392423 ], [ 34.164968765096489, -12.751453823834879 ], [ 34.166225587440977, -12.752488019906139 ], [ 34.166771782591752, -12.75296479279092 ], [ 34.167454611740993, -12.75323301379251 ], [ 34.168136411166472, -12.753401785064284 ], [ 34.168817635025903, -12.753570557235378 ], [ 34.169589560010252, -12.75355810162506 ], [ 34.17031485604582, -12.753545851060153 ], [ 34.171040152081389, -12.75353359779723 ], [ 34.171721211364854, -12.753666198336362 ], [ 34.172326386753411, -12.754196944033708 ], [ 34.172746700200094, -12.754837002325758 ], [ 34.17302593519878, -12.755468644762118 ], [ 34.173386750398265, -12.7560637603342 ], [ 34.173794237713935, -12.756667709047463 ], [ 34.174189513135559, -12.757244587267849 ], [ 34.174411270663654, -12.75789456508204 ], [ 34.174446227311591, -12.758608660960874 ], [ 34.174410867767392, -12.759304988034728 ], [ 34.174236035964327, -12.760092345385374 ], [ 34.174177815653707, -12.760824937620725 ], [ 34.174189746059994, -12.761539136022236 ], [ 34.174375857160157, -12.762198313001704 ], [ 34.174643591628524, -12.762830004001444 ], [ 34.1751096895606, -12.763406564761112 ], [ 34.175575297362116, -12.764001209088462 ], [ 34.176097890705137, -12.764469022927017 ], [ 34.176563209824337, -12.765000378364732 ], [ 34.176983763390012, -12.765685632086218 ], [ 34.17721643329179, -12.766326515955882 ], [ 34.177275087974976, -12.767058586584483 ], [ 34.177180973922873, -12.767746133577134 ], [ 34.177040889225736, -12.768451967384351 ], [ 34.17687670719431, -12.769175990879205 ], [ 34.176795466937278, -12.76990868473797 ], [ 34.17686493506875, -12.770613585048864 ], [ 34.17734401111727, -12.771253369947033 ], [ 34.177831672993364, -12.771757499309103 ], [ 34.178539037446683, -12.772088864409511 ], [ 34.179187345219873, -12.772348162337778 ], [ 34.179953474972933, -12.772688302123413 ], [ 34.180614252745613, -12.773028911355141 ], [ 34.181286379063181, -12.77333330308943 ], [ 34.181843461406686, -12.773782866086378 ], [ 34.182378344884739, -12.774286774215227 ], [ 34.182925574255876, -12.774844870993945 ], [ 34.183460419962444, -12.775339736439662 ], [ 34.183994397823255, -12.77577131479427 ], [ 34.184587310056372, -12.776247833170942 ], [ 34.185212197684848, -12.776543384569493 ], [ 34.18589502413613, -12.776793468943367 ], [ 34.186621997407315, -12.77688061235034 ], [ 34.187357337071489, -12.77678689399994 ], [ 34.18805655996232, -12.776602925084887 ], [ 34.188941473070599, -12.776607981972745 ], [ 34.189290642049571, -12.776913806327059 ], [ 34.189768482429599, -12.777526446987906 ], [ 34.19017587621579, -12.778094198888141 ], [ 34.190642910342092, -12.778734009866639 ], [ 34.191049775326917, -12.779310803550686 ], [ 34.191468689428518, -12.779878502390943 ], [ 34.191923341688891, -12.780455078439047 ], [ 34.192353114204934, -12.781004643349547 ], [ 34.192795723643769, -12.781590313342235 ], [ 34.193296214348891, -12.782853802361046 ], [ 34.192822777049571, -12.784655119238323 ], [ 34.192553147709646, -12.785352502116211 ], [ 34.192400882594711, -12.78603127172579 ], [ 34.192247998746211, -12.786701004048041 ], [ 34.192119016179731, -12.787433914643373 ], [ 34.192025686336422, -12.788157623375582 ], [ 34.191862073575862, -12.788872608683903 ], [ 34.191687241772854, -12.789650932344614 ], [ 34.191511452191833, -12.79034788984319 ], [ 34.191244052271259, -12.791153755241567 ], [ 34.190975116308607, -12.791878257175767 ], [ 34.190741426575642, -12.79262972258357 ], [ 34.190439774176298, -12.79349902975639 ], [ 34.190183009638247, -12.794241557701696 ], [ 34.189960788959297, -12.79498393096361 ], [ 34.189750531961522, -12.79569912581394 ], [ 34.189574157821198, -12.796396086010532 ], [ 34.189353256447703, -12.797174615615972 ], [ 34.189130244365344, -12.797871787153213 ], [ 34.188931413254181, -12.798568848073842 ], [ 34.188710634188453, -12.799374501232194 ], [ 34.188511224813226, -12.800071563951462 ], [ 34.188311815437999, -12.800768626670731 ], [ 34.188100889344639, -12.801465741550658 ], [ 34.187924338937137, -12.802126538209109 ], [ 34.187726417040551, -12.802895922608684 ], [ 34.187575089019219, -12.803656056581701 ], [ 34.187446664032393, -12.804388963579754 ], [ 34.183296908825355, -12.817580517027181 ], [ 34.176093620724089, -12.840188453434337 ], [ 34.171104092080213, -12.857180901577294 ], [ 34.163928227905444, -12.880159183299611 ], [ 34.154619346305822, -12.913923771764587 ], [ 34.154038619886478, -12.914911818225789 ], [ 34.154187184291175, -12.915652533137859 ], [ 34.154369403125486, -12.916320770786911 ], [ 34.154599107962497, -12.91704304420108 ], [ 34.154793551281443, -12.917738351443745 ], [ 34.154998198308249, -12.918397446584834 ], [ 34.155041227270885, -12.919111503792806 ], [ 34.163963742133035, -12.947813469416019 ], [ 34.17330803903485, -12.97786915303891 ], [ 34.173548688621111, -12.9785642255585 ], [ 34.173755473336485, -12.979286573616434 ], [ 34.173903360551719, -12.97998206432078 ], [ 34.174033187581585, -12.981003113203087 ], [ 34.174082302256522, -12.98140069538573 ], [ 34.174137020607077, -12.98213276961161 ], [ 34.174179384970671, -12.982810655187563 ], [ 34.174198956916371, -12.983542887694057 ], [ 34.174184575857566, -12.984284315768491 ], [ 34.174205556141544, -12.985070789085626 ], [ 34.174224297113653, -12.985748779882215 ], [ 34.174220865300754, -12.986490157594631 ], [ 34.175599175261766, -13.004005381643026 ], [ 34.175954685360466, -13.004609518314567 ], [ 34.176617610714231, -13.004904867365667 ], [ 34.177300024376677, -13.005055469634158 ], [ 34.178011463658152, -13.005007038444035 ], [ 34.178646926414558, -13.004732924185078 ], [ 34.179304603324852, -13.004404462995524 ], [ 34.179865620202236, -13.003986029131909 ], [ 34.180415067301567, -13.003558604745763 ], [ 34.180964470334118, -13.003122140374444 ], [ 34.181667446995107, -13.002748260723592 ], [ 34.182397656926355, -13.002527953801973 ], [ 34.183145561918195, -13.002515506285533 ], [ 34.183849653738605, -13.002620789018181 ], [ 34.184375794907055, -13.002731438904732 ], [ 34.184649124057898, -13.002788920871978 ], [ 34.185344426803908, -13.002984649322059 ], [ 34.186037700679378, -13.003117096976382 ], [ 34.186911946928888, -13.003013651558717 ], [ 34.187620556043896, -13.002856715365056 ], [ 34.188338572067494, -13.002618365345256 ], [ 34.189047093048941, -13.002443343785217 ], [ 34.189842418392971, -13.002466823285204 ], [ 34.190650506915404, -13.002508324299697 ], [ 34.191447200128209, -13.002576997430424 ], [ 34.19226897363427, -13.002708838941714 ], [ 34.193138084754878, -13.002858542787465 ], [ 34.193900249397018, -13.002936407888853 ], [ 34.194613001688708, -13.002924088076156 ], [ 34.19495702834422, -13.003528248130124 ], [ 34.194986991056851, -13.00368163559898 ], [ 34.195092894321647, -13.004223774807315 ], [ 34.195379517250956, -13.004873401885959 ], [ 34.195769518148779, -13.005450226146991 ], [ 34.196311026932392, -13.006017309850904 ], [ 34.197021401416578, -13.006348549046265 ], [ 34.197705944673658, -13.006580456322979 ], [ 34.198449440289494, -13.0068482519452 ], [ 34.199056356765482, -13.007234208591797 ], [ 34.199674756684715, -13.007611070394546 ], [ 34.200302606679998, -13.007915558356274 ], [ 34.200863559705567, -13.00832884629915 ], [ 34.201346973184343, -13.008914268078968 ], [ 34.201749139211472, -13.009500064876022 ], [ 34.202094736982588, -13.010185574004993 ], [ 34.2024868386967, -13.010834702859199 ], [ 34.202878943108772, -13.011483830814086 ], [ 34.203294761743905, -13.012150929921461 ], [ 34.203605130372523, -13.012818517360643 ], [ 34.2040066443912, -13.013386230590015 ], [ 34.204477134612148, -13.013917460122627 ], [ 34.20500649355489, -13.014466497131082 ], [ 34.205602753064682, -13.014906730561108 ], [ 34.206221180862883, -13.015283574377406 ], [ 34.206871977060132, -13.015560813780496 ], [ 34.207555933959213, -13.015783654092331 ], [ 34.208248586403215, -13.01589795972302 ], [ 34.208963451202351, -13.01595791572521 ], [ 34.209122283166892, -13.016626201038321 ], [ 34.209140552894269, -13.017304181942393 ], [ 34.208793854352962, -13.019132055799673 ], [ 34.209856648865298, -13.023792194254327 ], [ 34.210202824001158, -13.024468643612977 ], [ 34.210489512580978, -13.025118248208514 ], [ 34.210998778870589, -13.025793934942101 ], [ 34.211367258991856, -13.026434114642655 ], [ 34.211723552400088, -13.027056270130743 ], [ 34.212232825884257, -13.027731954166313 ], [ 34.21259993993533, -13.028326933940775 ], [ 34.212969846381384, -13.029021349055995 ], [ 34.213278847141112, -13.029634682194796 ], [ 34.213635814141583, -13.030274911358049 ], [ 34.213992827007417, -13.030924181405794 ], [ 34.214326965617033, -13.031609721111693 ], [ 34.214625777957338, -13.032259261855415 ], [ 34.214913240853434, -13.032945019197257 ], [ 34.215277924936345, -13.033865476210735 ], [ 34.216417668140934, -13.035831031776638 ], [ 34.225083190936573, -13.050716585102293 ], [ 34.233143354881975, -13.065025970671968 ], [ 34.237709015958387, -13.073131847156958 ], [ 34.235422198275899, -13.07541155390004 ], [ 34.233165327118229, -13.077661428332192 ], [ 34.232409504495081, -13.078189566894935 ], [ 34.232072765046098, -13.0787725344249 ], [ 34.180504524664116, -13.132382477769113 ], [ 34.180459152068238, -13.132418849949943 ], [ 34.180378567416994, -13.132446342224853 ], [ 34.180343399428409, -13.132446504102859 ], [ 34.180344105396216, -13.132473623159115 ], [ 34.156144186405129, -13.160068010730072 ], [ 34.156133891865693, -13.160086139263854 ], [ 34.156134595135484, -13.160113259219486 ], [ 34.156124300596048, -13.160131386853948 ], [ 34.156113472758591, -13.160158558970295 ], [ 34.156089832279974, -13.16015866509025 ], [ 34.156091112914567, -13.160185782347924 ], [ 34.156068091169516, -13.160194926654469 ], [ 34.156057838898221, -13.160222096072857 ], [ 34.156046968792623, -13.160240226405278 ], [ 34.15599067303117, -13.160285685336078 ], [ 34.155968313187145, -13.160312907814387 ], [ 34.155934462705318, -13.160349224237279 ], [ 34.155901189588292, -13.160385537962156 ], [ 34.155879447578513, -13.160421800425695 ], [ 34.155822576250955, -13.160467260255814 ], [ 34.155789303133872, -13.160503573980691 ], [ 34.155766943289848, -13.160530797358376 ], [ 34.15573304964056, -13.16055807289672 ], [ 34.155734330275152, -13.160585190154336 ], [ 34.155711970431128, -13.160612412632702 ], [ 34.155678697314102, -13.160648727256898 ], [ 34.155668487310891, -13.160684936660459 ], [ 34.15564546466652, -13.160694080967005 ], [ 34.155646126567547, -13.160712160038088 ], [ 34.155646787569253, -13.160730239109228 ], [ 34.155603305348336, -13.160802762237665 ], [ 34.155570032231253, -13.160839075962542 ], [ 34.155479885987972, -13.160920850416858 ], [ 34.155399992016044, -13.160975454553522 ], [ 34.155343078420401, -13.161011875297788 ], [ 34.155297695931949, -13.161048242981963 ], [ 34.155229249430363, -13.161084714987567 ], [ 34.155160845196917, -13.161130226978344 ], [ 34.155012503824025, -13.161221304019932 ], [ 34.154886567261315, -13.161294197669065 ], [ 34.154748478159775, -13.161358106191585 ], [ 34.154541322923762, -13.161449446734537 ], [ 34.154438322670501, -13.161495115207344 ], [ 34.154322635681126, -13.161540840337466 ], [ 34.154161524834535, -13.161613892267269 ], [ 34.154034306737913, -13.161659667759409 ], [ 34.153896133100091, -13.161705493613567 ], [ 34.153687740396947, -13.161778757783395 ], [ 34.153584739244366, -13.161824426256203 ], [ 34.153480541993474, -13.161861058341117 ], [ 34.153365474636985, -13.161915819859132 ], [ 34.153273386757462, -13.161952397984749 ], [ 34.153169809139456, -13.161998068256196 ], [ 34.15300807776066, -13.162062081100089 ], [ 34.152881436129405, -13.16210785389427 ], [ 34.152765749140087, -13.162153579024391 ], [ 34.152592444385846, -13.16220860314445 ], [ 34.15247671512833, -13.162245285591439 ], [ 34.152395539622489, -13.16227277336975 ], [ 34.152302833009401, -13.162300312409457 ], [ 34.152245298881496, -13.162327693168436 ], [ 34.152176850581213, -13.16236416427472 ], [ 34.152073272963207, -13.162409833646848 ], [ 34.152015738835303, -13.162437215305204 ], [ 34.151924311957487, -13.162491870703207 ], [ 34.151855863657261, -13.162528341809491 ], [ 34.151763818045822, -13.162573959020961 ], [ 34.151649367624259, -13.162637759624886 ], [ 34.151570092385896, -13.162701401948084 ], [ 34.151490816248213, -13.162765044271339 ], [ 34.151387855565133, -13.162819751830057 ], [ 34.151307959794565, -13.162874355966721 ], [ 34.151251045299546, -13.162910774912291 ], [ 34.151159575254269, -13.162956390325121 ], [ 34.15110265985993, -13.16299280927069 ], [ 34.151034253827788, -13.163038320362148 ], [ 34.150942207317087, -13.163083937573617 ], [ 34.150885291922748, -13.163120357418507 ], [ 34.150828375629089, -13.163156776364076 ], [ 34.150748480757841, -13.163211379601421 ], [ 34.150680033356878, -13.163247849808386 ], [ 34.150599475685283, -13.163284374873967 ], [ 34.150485687164803, -13.163366253649656 ], [ 34.150371897744947, -13.163448132425344 ], [ 34.150269598063574, -13.163520918155825 ], [ 34.150122492359174, -13.163630068872521 ], [ 34.1500201926778, -13.163702854603002 ], [ 34.149918511729993, -13.163784679419393 ], [ 34.149793851305219, -13.163884687628183 ], [ 34.149679442252534, -13.163957528217281 ], [ 34.149566890299809, -13.164057483366093 ], [ 34.149408911791909, -13.164184764415324 ], [ 34.149284291836636, -13.164293812609344 ], [ 34.149160250145485, -13.164402859903987 ], [ 34.148943499143229, -13.164539445339074 ], [ 34.148876329678899, -13.164603031904335 ], [ 34.148728644811172, -13.164712185319047 ], [ 34.148626345129799, -13.164784970150208 ], [ 34.148534915553967, -13.164839624648891 ], [ 34.148408355761035, -13.164903478312851 ], [ 34.148340526194374, -13.16494898580703 ], [ 34.14825996762346, -13.164985510872555 ], [ 34.148145516302577, -13.165049308778521 ], [ 34.148065619632689, -13.165103912015866 ], [ 34.14798568069466, -13.165149475268038 ], [ 34.14787250820973, -13.16524039133094 ], [ 34.147781739635604, -13.165313124001443 ], [ 34.147680057788477, -13.165394947918458 ], [ 34.147532372021431, -13.165504098635211 ], [ 34.147442222180871, -13.165585871290887 ], [ 34.147340498065603, -13.165658654323408 ], [ 34.147205005306773, -13.165785832849849 ], [ 34.147103322560326, -13.165867655867601 ], [ 34.146990192343537, -13.165967611915733 ], [ 34.146832872139385, -13.16611297113667 ], [ 34.146708208117388, -13.16621297844614 ], [ 34.146519143643616, -13.166476011258851 ], [ 34.146323963779935, -13.166540169792938 ], [ 34.146222899767054, -13.166631030997223 ], [ 34.146076492835903, -13.166767298971649 ], [ 34.14598634209608, -13.166849069828686 ], [ 34.14589614908806, -13.166921800700493 ], [ 34.145772763901959, -13.167048925267636 ], [ 34.145658970884824, -13.167130802244685 ], [ 34.145557948240764, -13.167230703434143 ], [ 34.145423648882343, -13.167366917449215 ], [ 34.145356519887514, -13.167439544899025 ], [ 34.145199197884722, -13.167584902321323 ], [ 34.145087964338131, -13.167721012914342 ], [ 34.144917253228698, -13.167839307937641 ], [ 34.144752277995281, -13.168075109278846 ], [ 34.144619298841633, -13.168247479637444 ], [ 34.144486361956069, -13.168428892679231 ], [ 34.144320724821625, -13.168646614949296 ], [ 34.144155087687182, -13.168864337219361 ], [ 34.144021448431147, -13.169018629406196 ], [ 34.14385333636244, -13.169200198030694 ], [ 34.143741397747362, -13.169309187768761 ], [ 34.143651245208844, -13.169390958625797 ], [ 34.143550263034285, -13.169499900699805 ], [ 34.14349462287862, -13.169563435104408 ], [ 34.143438942253454, -13.169617928624461 ], [ 34.143360982723209, -13.169717728190562 ], [ 34.143282319923173, -13.169790406002392 ], [ 34.143215190029025, -13.169863032552882 ], [ 34.143137189130016, -13.169953790335114 ], [ 34.14305852632998, -13.170026468146943 ], [ 34.142969651728095, -13.170135356261653 ], [ 34.142834773206289, -13.170271571176045 ], [ 34.142733086862506, -13.17035339329442 ], [ 34.142642934323987, -13.170435163252137 ], [ 34.142519546439985, -13.17056228602064 ], [ 34.14244154284296, -13.170653042903552 ], [ 34.14234051840026, -13.170752944093067 ], [ 34.142194723907437, -13.17089824935465 ], [ 34.142094317298984, -13.171007186932059 ], [ 34.141981140317398, -13.171098101196378 ], [ 34.141857750634756, -13.171225223964882 ], [ 34.141789959738901, -13.171279771444233 ], [ 34.141655080317776, -13.171415986358625 ], [ 34.141564883712476, -13.171488715431849 ], [ 34.141473492807506, -13.171552409016442 ], [ 34.141383296202207, -13.17162513808961 ], [ 34.141314267839221, -13.171661609195837 ], [ 34.141245815941716, -13.171698076704843 ], [ 34.141142892130802, -13.171761821550774 ], [ 34.141074441132616, -13.171798289959042 ], [ 34.14100541187031, -13.171834761065327 ], [ 34.140902445791312, -13.171889465026766 ], [ 34.140821885421701, -13.171925987394332 ], [ 34.140740705419262, -13.171953470676101 ], [ 34.140624969866508, -13.171990150425074 ], [ 34.140509809879859, -13.172026824778072 ], [ 34.14040564860187, -13.172072493250937 ], [ 34.140278380143172, -13.172109223361929 ], [ 34.140197776606158, -13.172136703945682 ], [ 34.140104445863528, -13.17215520120152 ], [ 34.140000243216718, -13.172191827890515 ], [ 34.139930553852025, -13.17221021902634 ], [ 34.139860823118568, -13.172219570176992 ], [ 34.139802625290997, -13.172228870066249 ], [ 34.139780219581496, -13.172247050760745 ], [ 34.13975657820356, -13.172247155981438 ], [ 34.13972140302036, -13.172247313362789 ], [ 34.139709953751435, -13.17226544459453 ], [ 34.139663865295176, -13.172274691423809 ], [ 34.139605708836427, -13.172293031298295 ], [ 34.139536638205357, -13.17232046062071 ], [ 34.139477821644221, -13.172320722323434 ], [ 34.13939660027296, -13.172339164720654 ], [ 34.139362043823326, -13.172348360288538 ], [ 34.139315378002323, -13.172357608017137 ], [ 34.139268712181376, -13.172366855745736 ], [ 34.139235276287025, -13.172375752738731 ], [ 34.139325615884502, -13.172442197349483 ], [ 34.137762837884736, -13.171812998371138 ], [ 34.137701463651695, -13.171759023759876 ], [ 34.137616406671896, -13.171696114384133 ], [ 34.137483363666377, -13.171606293695447 ], [ 34.137386197315209, -13.171543438279002 ], [ 34.13730114033541, -13.17148052800394 ], [ 34.137203313881855, -13.171399592617036 ], [ 34.137131067744633, -13.171363749237571 ], [ 34.137034520127031, -13.171309931108397 ], [ 34.13687721701001, -13.171211176554493 ], [ 34.136804928604647, -13.171166293189856 ], [ 34.136623942740812, -13.171058602072776 ], [ 34.136514625649511, -13.170986758831816 ], [ 34.136418078031909, -13.170932939803265 ], [ 34.136333639785676, -13.170879068614056 ], [ 34.13628507819385, -13.170852160898448 ], [ 34.136249242908264, -13.170834237410077 ], [ 34.136200681316438, -13.170807328795149 ], [ 34.136128393810395, -13.170762445430455 ], [ 34.13601969455334, -13.170699638577389 ], [ 34.135861775400656, -13.170591845836952 ], [ 34.135728733294457, -13.170502025148323 ], [ 34.135618714731947, -13.170403061052355 ], [ 34.135472326686568, -13.17029521705058 ], [ 34.135375737700201, -13.170232357137536 ], [ 34.135277955313427, -13.170160461735861 ], [ 34.135155827379606, -13.170061550699984 ], [ 34.13507011119674, -13.169980562253102 ], [ 34.13497290437607, -13.169908664153468 ], [ 34.1348738431534, -13.169809650594857 ], [ 34.134800319079488, -13.1697466890584 ], [ 34.134739524009888, -13.169692711749178 ], [ 34.134653231361597, -13.169611725100992 ], [ 34.134592435392619, -13.169557746892451 ], [ 34.134542595864161, -13.16950372191917 ], [ 34.134520785505913, -13.169487589880305 ], [ 34.134457539783682, -13.169440810744788 ], [ 34.13439616734928, -13.169386836133526 ], [ 34.134334794914878, -13.169332860623001 ], [ 34.134237546725444, -13.169251921638818 ], [ 34.134164642284475, -13.16919799918827 ], [ 34.134091161378024, -13.169144076737723 ], [ 34.134005486563979, -13.169072128276071 ], [ 34.133956842234511, -13.169027137892044 ], [ 34.13385967768204, -13.16896427977764 ], [ 34.133774581132059, -13.168892327718709 ], [ 34.13368956731972, -13.168838458328139 ], [ 34.133592401867929, -13.168775600213735 ], [ 34.13352015842861, -13.168739755035631 ], [ 34.133459403828454, -13.168694818610959 ], [ 34.133410183033561, -13.168649830924892 ], [ 34.133373689444284, -13.168613828365437 ], [ 34.133336659859026, -13.168586869388491 ], [ 34.133264374151622, -13.168541983325838 ], [ 34.133180554638955, -13.168497147625203 ], [ 34.133107033263002, -13.168434186088746 ], [ 34.133020740614711, -13.16835319764192 ], [ 34.132948497175448, -13.168317353363136 ], [ 34.132888361308858, -13.168281454225678 ], [ 34.132839139614646, -13.168236465640348 ], [ 34.132790496184498, -13.168191476155641 ], [ 34.132741934592673, -13.168164566641394 ], [ 34.132633855867823, -13.168110797974919 ], [ 34.132537928782426, -13.168066017132958 ], [ 34.132440765129274, -13.168003158119234 ], [ 34.132332067670859, -13.167940351266168 ], [ 34.132260442065785, -13.167913544274597 ], [ 34.132235522751216, -13.167886531338297 ], [ 34.13219972973377, -13.167877647835155 ], [ 34.132186878421749, -13.167841540055008 ], [ 34.132161381742435, -13.167814529816667 ], [ 34.132148571799178, -13.167787462921012 ], [ 34.132123611115787, -13.167751409999539 ], [ 34.132086498792944, -13.167706368354175 ], [ 34.132060961644129, -13.167670317231284 ], [ 34.132048150801552, -13.167643250335686 ], [ 34.132023190118161, -13.167607195615517 ], [ 34.132009143607149, -13.167562053246115 ], [ 34.13198422429258, -13.167535040309815 ], [ 34.131956749104745, -13.167453791958906 ], [ 34.131952916194166, -13.167372440185943 ], [ 34.1319375503777, -13.167291138774999 ], [ 34.131932397262403, -13.167173627960494 ], [ 34.131917072814701, -13.167101368333419 ], [ 34.131902366201302, -13.167038145993615 ], [ 34.131897914557157, -13.166947755134743 ], [ 34.131895358683892, -13.166893520619453 ], [ 34.131892802810626, -13.166839286104107 ], [ 34.131876777791092, -13.16673990472276 ], [ 34.131874221917883, -13.166685671106791 ], [ 34.131871049109691, -13.166622398404911 ], [ 34.131867215299792, -13.166541044833309 ], [ 34.131864000223459, -13.16646873124688 ], [ 34.131860785147182, -13.166396417660508 ], [ 34.131845459800161, -13.166324157134113 ], [ 34.131842946195036, -13.166278962603997 ], [ 34.131840348953006, -13.166215688103478 ], [ 34.131812833295669, -13.166125398868019 ], [ 34.131798168051091, -13.166071217412707 ], [ 34.131784080171201, -13.166017033259436 ], [ 34.131768714354735, -13.165935731848492 ], [ 34.131754667843722, -13.165890588579771 ], [ 34.1317412391669, -13.165854484396903 ], [ 34.13173934429534, -13.165818328952696 ], [ 34.131738684192953, -13.165800248982237 ], [ 34.13173740625632, -13.16577313172462 ], [ 34.131736169688509, -13.165755055351497 ], [ 34.131734231649546, -13.165709859022741 ], [ 34.131731635306778, -13.165646582723582 ], [ 34.131727802396199, -13.165565230950619 ], [ 34.13174827006668, -13.165501853927367 ], [ 34.131757204831217, -13.16543852726619 ], [ 34.131766799698084, -13.165393279676096 ], [ 34.131765564029592, -13.165375203302972 ], [ 34.131764903927206, -13.165357124231832 ], [ 34.131775776730763, -13.165338993899411 ], [ 34.131775116628376, -13.165320914828328 ], [ 34.131773880959884, -13.165302839354524 ], [ 34.131784093661054, -13.165266629950963 ], [ 34.131807117204744, -13.165257487443057 ], [ 34.131805840167431, -13.165230370185384 ], [ 34.131805180065044, -13.165212291114301 ], [ 34.131780260750475, -13.165185277278681 ], [ 34.131744427263584, -13.16516735289099 ], [ 34.131696443036446, -13.165140441578046 ], [ 34.131623540394116, -13.165086517328859 ], [ 34.131550061286362, -13.165032594878312 ], [ 34.131465624838768, -13.164978720991144 ], [ 34.131368462984256, -13.16491586287674 ], [ 34.131307711082059, -13.164870924653428 ], [ 34.131246999649363, -13.164835029113249 ], [ 34.131186246847847, -13.164790090889937 ], [ 34.131126112779953, -13.164754191752479 ], [ 34.131066020080823, -13.16472733439889 ], [ 34.13098162680069, -13.164682501396271 ], [ 34.130909341992606, -13.164637614434298 ], [ 34.130847972256163, -13.164583638923773 ], [ 34.130774450880267, -13.164520675588676 ], [ 34.130712463309578, -13.164457660992241 ], [ 34.13065100903691, -13.164385603712617 ], [ 34.13052888739827, -13.164286690878043 ], [ 34.130419574803568, -13.164214844039748 ], [ 34.1303101803706, -13.164124916331787 ], [ 34.130151647880325, -13.164008080008841 ], [ 34.130041718350697, -13.163927194984012 ], [ 34.129920213646983, -13.163837320336029 ], [ 34.129773791427397, -13.163720430953106 ], [ 34.129651669788757, -13.163621517219212 ], [ 34.129518016143606, -13.163522653847338 ], [ 34.129276945674576, -13.163388099980807 ], [ 34.129154824035936, -13.163289186246914 ], [ 34.129044811768722, -13.163190217654403 ], [ 34.128932945998713, -13.163064136300818 ], [ 34.128883684734319, -13.163010106830939 ], [ 34.128785205372992, -13.162911087876353 ], [ 34.128723835636549, -13.162857112365771 ], [ 34.128673957437229, -13.162794043810038 ], [ 34.128611927598456, -13.162721989228373 ], [ 34.128562750870287, -13.162686040628216 ], [ 34.128524981143016, -13.162622919911769 ], [ 34.128475102943696, -13.162559852255356 ], [ 34.128424648278951, -13.162496787296845 ], [ 34.128351745636621, -13.162442861249019 ], [ 34.128265417015427, -13.162352830118948 ], [ 34.12819185606935, -13.162280825000039 ], [ 34.128130487232227, -13.162226848590137 ], [ 34.128021135067399, -13.162145959968029 ], [ 34.127948274693154, -13.162101074804696 ], [ 34.127875372950143, -13.162047148756869 ], [ 34.127778172424769, -13.161975247959276 ], [ 34.127692502107323, -13.161903295900345 ], [ 34.127619601263632, -13.161849369852519 ], [ 34.127523016773864, -13.161786507241459 ], [ 34.127449540364069, -13.161732583891592 ], [ 34.127377257354567, -13.161687696030299 ], [ 34.127303736877991, -13.161624731795882 ], [ 34.127255136615304, -13.161588781397086 ], [ 34.127218068359241, -13.161552779736951 ], [ 34.127157317356364, -13.16150784061432 ], [ 34.127108099259431, -13.161462852028933 ], [ 34.127047306887732, -13.161408872921129 ], [ 34.126973828679297, -13.161354948671885 ], [ 34.12691307767642, -13.161310011347894 ], [ 34.126876586785102, -13.1612740069898 ], [ 34.12682740915767, -13.161238059288962 ], [ 34.126815217947978, -13.161220029680578 ], [ 34.126790918266295, -13.161202054930868 ], [ 34.126742317104288, -13.161166103632752 ], [ 34.1266828440381, -13.161148282667057 ], [ 34.126609983663855, -13.161103396604403 ], [ 34.126478310325808, -13.161058770445834 ], [ 34.126347831287433, -13.161023177977256 ], [ 34.126216775783632, -13.1609875891059 ], [ 34.126050464157629, -13.160934072249574 ], [ 34.125931559394019, -13.16090747120279 ], [ 34.125835635006581, -13.160862685864231 ], [ 34.125716110610085, -13.160827045731537 ], [ 34.125609933052033, -13.160809428911989 ], [ 34.125502518026849, -13.16077373571926 ], [ 34.125347779776291, -13.160729209385465 ], [ 34.125228875012624, -13.160702607439362 ], [ 34.125122120089827, -13.160684993317716 ], [ 34.124979491210581, -13.160640413024623 ], [ 34.124895758932155, -13.160613657294391 ], [ 34.124835625763581, -13.16057775635835 ], [ 34.124740980212096, -13.160560089176727 ], [ 34.124705806827592, -13.160560242960798 ], [ 34.124670015608785, -13.16055135765896 ], [ 34.124623310217657, -13.160551562704427 ], [ 34.119502978779508, -13.160058599324827 ], [ 34.119421100903139, -13.160058956355726 ], [ 34.119385928417898, -13.160059110139798 ], [ 34.119350137199149, -13.16005022483796 ], [ 34.119326495821156, -13.160050328260013 ], [ 34.119291323335972, -13.160050481144765 ], [ 34.119267640589214, -13.160041542782949 ], [ 34.119243382276295, -13.160032608018412 ], [ 34.119219081695292, -13.160014632369325 ], [ 34.119206891384977, -13.159996602760941 ], [ 34.119182015237868, -13.159978628910551 ], [ 34.119134075077568, -13.159960755784198 ], [ 34.119086092649127, -13.159933841773352 ], [ 34.119014469742012, -13.159907031184503 ], [ 34.118930080059215, -13.159862192785909 ], [ 34.118834198839238, -13.159826447432579 ], [ 34.118738277149816, -13.159781660295323 ], [ 34.118607140707013, -13.159727985158327 ], [ 34.118522751024216, -13.159683146759789 ], [ 34.118438401810863, -13.159647350145065 ], [ 34.118354587694114, -13.159602509947831 ], [ 34.118305989230066, -13.159566556851075 ], [ 34.118282389220951, -13.159575701157621 ], [ 34.118258049069766, -13.159548683724722 ], [ 34.118197959068596, -13.159521822773854 ], [ 34.118149358805908, -13.159485869677098 ], [ 34.118064352188128, -13.159431993991291 ], [ 34.117919831135339, -13.159351253757336 ], [ 34.117786842089117, -13.159270463161306 ], [ 34.117607189919909, -13.159198916696596 ], [ 34.117425602409696, -13.15908217300381 ], [ 34.11728108225617, -13.159001432769855 ], [ 34.117148093210005, -13.158920642173825 ], [ 34.116992082418733, -13.158848992287119 ], [ 34.116883393054195, -13.158786177340176 ], [ 34.116786854429847, -13.158732351117067 ], [ 34.116655101052118, -13.158669635994841 ], [ 34.116570712268583, -13.158624797596303 ], [ 34.116486363954607, -13.158589000082259 ], [ 34.116378910258561, -13.158544262407759 ], [ 34.116330352264015, -13.158517350195496 ], [ 34.116281753799967, -13.15848139709874 ], [ 34.116245263807912, -13.158445391841326 ], [ 34.116209472589162, -13.158436505640168 ], [ 34.116173065334749, -13.158418582151796 ], [ 34.116112317029831, -13.158373641230526 ], [ 34.116064295031265, -13.15833768633513 ], [ 34.115992714392291, -13.158319913932814 ], [ 34.115908284239993, -13.158266034649728 ], [ 34.115835467932527, -13.158230186773665 ], [ 34.115775338361232, -13.158194284038927 ], [ 34.115703057150427, -13.158149392580356 ], [ 34.1156545000552, -13.158122481267469 ], [ 34.115594368685208, -13.158086577633412 ], [ 34.115533621279667, -13.158041635812822 ], [ 34.115508745132558, -13.158023661962375 ], [ 34.115462039741374, -13.158023865209145 ], [ 34.115460804972201, -13.158005787936702 ], [ 34.11543774095901, -13.158005888660796 ], [ 34.115413482646147, -13.157996952996939 ], [ 34.115377650957896, -13.157979025911288 ], [ 34.115342438003154, -13.157970137911491 ], [ 34.115318796625218, -13.157970241333544 ], [ 34.115294497842854, -13.157952263885818 ], [ 34.115270857364237, -13.157952367307871 ], [ 34.115247215986301, -13.157952469830548 ], [ 34.115188978588549, -13.157952723439394 ], [ 34.114780429173493, -13.157502442783482 ], [ 34.11416664457505, -13.157188670220933 ], [ 34.113497198237155, -13.157444723395201 ], [ 34.112816217194734, -13.157700824233586 ], [ 34.112020129225641, -13.157749477556308 ], [ 34.111324456858256, -13.157689202294819 ], [ 34.110618569991061, -13.157665131940234 ], [ 34.109878126674232, -13.157650250858353 ], [ 34.109124916581663, -13.157617341067407 ], [ 34.108360215851349, -13.157593518925694 ], [ 34.10766960486842, -13.157632662817093 ], [ 34.10692474318239, -13.157789572930426 ], [ 34.106181073098071, -13.157955516733637 ], [ 34.105486040148662, -13.158166455417529 ], [ 34.104776884245837, -13.158314163667683 ], [ 34.104067150078947, -13.158461872817156 ], [ 34.103324772320434, -13.158401775621428 ], [ 34.102629694404925, -13.158603666226156 ], [ 34.102022249127572, -13.158931753297736 ], [ 34.101466524760383, -13.159350027981361 ], [ 34.100899306158112, -13.159777392112915 ], [ 34.100342344323792, -13.160177586826137 ], [ 34.09992214599032, -13.160730894714959 ], [ 34.099403559126984, -13.161203252827818 ], [ 34.098718687617406, -13.161368925035788 ], [ 34.098026828375453, -13.161389967373054 ], [ 34.097325408440895, -13.161465293688309 ], [ 34.096608592112887, -13.161450275010111 ], [ 34.095880324717257, -13.161453383966432 ], [ 34.095189080611647, -13.161483457295674 ], [ 34.094494016185934, -13.161432174355298 ], [ 34.093758106351572, -13.161272569873177 ], [ 34.093004227163419, -13.161221534246351 ], [ 34.092297670301321, -13.161179335357986 ], [ 34.091582784817717, -13.161209498619428 ], [ 34.090856406897728, -13.161248751328742 ], [ 34.090151819550897, -13.161260784257763 ], [ 34.089447152164382, -13.161254733618989 ], [ 34.088755907159452, -13.161284789861099 ], [ 34.088099834639706, -13.161314694117777 ], [ 34.086899373707183, -13.161202243788466 ], [ 34.082270721416705, -13.162767833068983 ], [ 34.081608019094858, -13.162996654771746 ], [ 34.080839357750222, -13.163126468311816 ], [ 34.080152496940229, -13.163237852944519 ], [ 34.079302133986346, -13.163277593985754 ], [ 34.078451272808024, -13.163335416796031 ], [ 34.077659622993281, -13.163483400238704 ], [ 34.076798514939583, -13.163704001238614 ], [ 34.07608901909299, -13.163914922835374 ], [ 34.075379876680017, -13.16420721239291 ], [ 34.074752613942053, -13.164499155711439 ], [ 34.074066297221918, -13.164737099237698 ], [ 34.073403503169175, -13.164947819386327 ], [ 34.072764362185637, -13.16529405477678 ], [ 34.07209066115513, -13.165649475842599 ], [ 34.071358481708614, -13.165950891720229 ], [ 34.070649171122398, -13.166207004249827 ], [ 34.069800703939393, -13.166554106586716 ], [ 34.06910331386689, -13.166900577599506 ], [ 34.068394887314241, -13.167229010010772 ], [ 34.067674661656383, -13.167629819860224 ], [ 34.067070758808541, -13.167993978739105 ], [ 34.066479315168294, -13.168439455216628 ], [ 34.066086976932468, -13.169055885620594 ], [ 34.066069043551579, -13.169842544197991 ], [ 34.066213216566723, -13.170510993187747 ], [ 34.066333865115837, -13.171206661957854 ], [ 34.066361635281282, -13.171893676551861 ], [ 34.066343273823065, -13.172580882701538 ], [ 34.066126046180159, -13.173286997996513 ], [ 34.065967518186483, -13.173965746022304 ], [ 34.06589088425693, -13.174779770969621 ], [ 34.06569838167502, -13.175603317938737 ], [ 34.065588542077592, -13.17596563500598 ], [ 34.065412968333874, -13.176544786712498 ], [ 34.065067324697338, -13.17716102286289 ], [ 34.064382437899269, -13.177606885149601 ], [ 34.063731367408707, -13.177871779558927 ], [ 34.063021504638755, -13.178010341703839 ], [ 34.062299259103554, -13.178085664421815 ], [ 34.061541563192634, -13.178097843040973 ], [ 34.06077206098189, -13.178046780434499 ], [ 34.060036731210232, -13.177896119710113 ], [ 34.059335846372278, -13.17770915065671 ], [ 34.058600361917229, -13.177522321897584 ], [ 34.057887712148272, -13.177281150704516 ], [ 34.057325295026374, -13.176840451425619 ], [ 34.056948170621638, -13.176172955717277 ], [ 34.056826619153185, -13.175395912691158 ], [ 34.056949569966719, -13.174617863323704 ], [ 34.057061874605893, -13.173912185998518 ], [ 34.057033896697021, -13.173170921600729 ], [ 34.056691263091352, -13.17247616114588 ], [ 34.056175491106103, -13.172017183146465 ], [ 34.055498306101981, -13.171839146159641 ], [ 34.054728938789538, -13.171815186421668 ], [ 34.053994288006038, -13.171818205445788 ], [ 34.053282660766229, -13.171676467794725 ], [ 34.052581680600156, -13.171462356302641 ], [ 34.052054192247226, -13.170958210752758 ], [ 34.051688740143277, -13.170317781940014 ], [ 34.05147379318106, -13.169541118427844 ], [ 34.051329352167897, -13.16880032887201 ], [ 34.051301625169913, -13.168113308882027 ], [ 34.051401718814304, -13.167380560164702 ], [ 34.051560284579523, -13.166701818434149 ], [ 34.051683096897477, -13.165887604629177 ], [ 34.051771580294258, -13.165136820008172 ], [ 34.051930759397067, -13.164467117363529 ], [ 34.052444318150833, -13.162792386359513 ], [ 34.053222143587107, -13.160483682775691 ], [ 34.052601613173977, -13.160061290096394 ], [ 34.051947065904415, -13.159774652777969 ], [ 34.051361713372444, -13.159352112609838 ], [ 34.050973487736314, -13.158775062618986 ], [ 34.050909089982554, -13.157871202593867 ], [ 34.051079453953662, -13.15712008342507 ], [ 34.051213758708059, -13.156296781071546 ], [ 34.051384390677129, -13.155608948993745 ], [ 34.051589695108419, -13.154939058390767 ], [ 34.051781964765894, -13.154052228827254 ], [ 34.051952594936381, -13.153364396749453 ], [ 34.052122107249488, -13.152549992288243 ], [ 34.052245798205092, -13.151808103760914 ], [ 34.052345732669494, -13.151039189706808 ], [ 34.052456083081836, -13.150143654705857 ], [ 34.052450805860076, -13.14931188343661 ], [ 34.052421272124036, -13.148335550645072 ], [ 34.052392815775875, -13.147476750251769 ], [ 34.052376470597665, -13.146753518160267 ], [ 34.05225530224044, -13.146057838598324 ], [ 34.052157890374417, -13.145389186361797 ], [ 34.052059823801869, -13.144702453255547 ], [ 34.052171905409182, -13.143942529723915 ], [ 34.052517387167711, -13.143290146223251 ], [ 34.052827619099389, -13.142619823945665 ], [ 34.052974484684796, -13.141904965441768 ], [ 34.052993117738254, -13.141136383237438 ], [ 34.052987033824593, -13.140250366661064 ], [ 34.053028538436365, -13.139436484705982 ], [ 34.053152454222413, -13.138748843284418 ], [ 34.053311040672043, -13.138079142438414 ], [ 34.053575217422406, -13.137427090787583 ], [ 34.05390927239506, -13.136801875805872 ], [ 34.054289181100899, -13.136113184875512 ], [ 34.054704295566864, -13.135433390038884 ], [ 34.055061409156735, -13.134808079729055 ], [ 34.055395378693845, -13.134164782078983 ], [ 34.055752217990516, -13.133476183778839 ], [ 34.056109131930953, -13.132805668147 ], [ 34.056431373409225, -13.132117211040395 ], [ 34.056717981949362, -13.131456023176895 ], [ 34.05674813621755, -13.130687394207825 ], [ 34.056429017185451, -13.129947323210331 ], [ 34.056261147933697, -13.129251837002641 ], [ 34.056373443579616, -13.128546158778136 ], [ 34.056824099252822, -13.127956628895276 ], [ 34.057181351338329, -13.127367481224212 ], [ 34.057421868724305, -13.126715524002179 ], [ 34.057626210880983, -13.125828643177272 ], [ 34.057819794447994, -13.12512263130435 ], [ 34.058013493128271, -13.124443742084964 ], [ 34.058265575795758, -13.123800778083421 ], [ 34.058505971773229, -13.12312169730842 ], [ 34.058816397958424, -13.122505615841476 ], [ 34.059255777032547, -13.121979417116336 ], [ 34.059648876094798, -13.121417242811447 ], [ 34.060205137357229, -13.12099001537689 ], [ 34.060855950641667, -13.120698015401047 ], [ 34.061529747000293, -13.120387835630083 ], [ 34.062180829181955, -13.120159120047333 ], [ 34.062889868172931, -13.119866874556578 ], [ 34.063564507196304, -13.119619977380012 ], [ 34.065154785564971, -13.118727364276367 ], [ 34.064242464718006, -13.118134415171085 ], [ 34.063668883412277, -13.117748011561446 ], [ 34.062979196033098, -13.117443457049831 ], [ 34.062161754561373, -13.117193674848181 ], [ 34.061437907333584, -13.116988711259978 ], [ 34.060679467683315, -13.116783887066674 ], [ 34.059978681770815, -13.116578823653754 ], [ 34.059278550564727, -13.11639183841254 ], [ 34.05843836613775, -13.116214466924077 ], [ 34.057667978094742, -13.116045847637736 ], [ 34.056932759839071, -13.11587708176188 ], [ 34.056244471804973, -13.115762369637594 ], [ 34.055486503399436, -13.11566602256886 ], [ 34.054740218086636, -13.115605791374151 ], [ 34.054017072330055, -13.115563544821669 ], [ 34.05329611822134, -13.115765402151567 ], [ 34.052599837912226, -13.116211268934876 ], [ 34.051926847346181, -13.116711288395209 ], [ 34.051241861622657, -13.117102858609996 ], [ 34.050638626071816, -13.117466970724081 ], [ 34.050011019792805, -13.11779501642684 ], [ 34.049383836195148, -13.118086893195539 ], [ 34.048839206764058, -13.118541174935217 ], [ 34.048364833270512, -13.119112705786677 ], [ 34.048031051691737, -13.119801200664824 ], [ 34.047837480715202, -13.120516248925696 ], [ 34.047714438170829, -13.121276215624789 ], [ 34.047579172041196, -13.122009109133046 ], [ 34.047338975713217, -13.122742428919935 ], [ 34.046888420764049, -13.12335906706727 ], [ 34.046225705851668, -13.123569710773495 ], [ 34.045560000693513, -13.123346383029116 ], [ 34.044893916021465, -13.123032642842134 ], [ 34.044261928245419, -13.122601226365475 ], [ 34.043653118696511, -13.122196837214233 ], [ 34.043068100712333, -13.121828516272956 ], [ 34.042286096126475, -13.121641816116892 ], [ 34.04159790971579, -13.121554187975335 ], [ 34.040828471356917, -13.121475928071561 ], [ 34.04001309203062, -13.121578677413993 ], [ 34.039338844212352, -13.121789348999187 ], [ 34.038605635941394, -13.121964091769371 ], [ 34.037779756130874, -13.122175372195613 ], [ 34.037104661151261, -13.122322753092533 ], [ 34.036407110999448, -13.122614882570701 ], [ 34.035744953666722, -13.122961117061834 ], [ 34.035211780699171, -13.123406285971271 ], [ 34.034749511181076, -13.123986786660851 ], [ 34.034380978899094, -13.124648282991814 ], [ 34.034082623414406, -13.125408951162115 ], [ 34.03371328444058, -13.126016202185951 ], [ 34.033286514760903, -13.12667792964271 ], [ 34.032823583341724, -13.127240348563191 ], [ 34.032209328397812, -13.12774008473707 ], [ 34.031466234778975, -13.128177047332827 ], [ 34.03075705369514, -13.128451127417577 ], [ 34.030047645982108, -13.128670958597809 ], [ 34.029336868601661, -13.128700926706358 ], [ 34.028637207740985, -13.128631393823696 ], [ 34.027924613729965, -13.128363001950959 ], [ 34.027373518173363, -13.127831765223732 ], [ 34.026984412101001, -13.127155218738324 ], [ 34.026793452755669, -13.126432676426816 ], [ 34.02670720057688, -13.12565546612683 ], [ 34.0266325181762, -13.124887251745236 ], [ 34.02661625483637, -13.124164010660536 ], [ 34.026682086109417, -13.123494691127064 ], [ 34.025980926978264, -13.123199122641324 ], [ 34.025223389348014, -13.123211181650674 ], [ 34.024572332347304, -13.123457889969586 ], [ 34.023887691963466, -13.123948845163 ], [ 34.023354530687072, -13.124403031574616 ], [ 34.022727294029437, -13.124694847189403 ], [ 34.022006691555646, -13.124996073310115 ], [ 34.021203995368126, -13.125243374282263 ], [ 34.020528991220033, -13.125417837363273 ], [ 34.019807751126848, -13.125565356755772 ], [ 34.019085858125891, -13.125694794379228 ], [ 34.018305286160057, -13.12571596621882 ], [ 34.017604872566892, -13.125601199235916 ], [ 34.016776019597671, -13.125378439863084 ], [ 34.016075924364486, -13.125200377695251 ], [ 34.015364521055858, -13.125076605800643 ], [ 34.014675529751969, -13.124934662204851 ], [ 34.014405812278483, -13.124818021934118 ], [ 34.014033260026963, -13.124656911087527 ], [ 34.013818886832212, -13.123979653238337 ], [ 34.014013396700932, -13.123327910054968 ], [ 34.014241364947111, -13.122540414208686 ], [ 34.014365312209463, -13.121834700910654 ], [ 34.014535565563961, -13.121174011271535 ], [ 34.0147176306142, -13.120440944194172 ], [ 34.014910277986985, -13.119617422406066 ], [ 34.014987078291085, -13.118803398358125 ], [ 34.0149696800068, -13.117935495926361 ], [ 34.014650848757697, -13.117231527313095 ], [ 34.014135197281576, -13.116754365921224 ], [ 34.013469090126478, -13.116422457630279 ], [ 34.012779605994069, -13.116153929060545 ], [ 34.012125031744858, -13.1158219713069 ], [ 34.011620881698377, -13.115335717769142 ], [ 34.011604407017842, -13.114549184197472 ], [ 34.01175134634758, -13.113825298298821 ], [ 34.01127014969768, -13.113311830376631 ], [ 34.010525115341864, -13.113414208299048 ], [ 34.009932884794864, -13.113805309067686 ], [ 34.009318351960417, -13.114241703291952 ], [ 34.008761397320654, -13.114659788218603 ], [ 34.008124350858168, -13.115231888340929 ], [ 34.007522484075423, -13.115948512214004 ], [ 34.007071724980165, -13.116537963855876 ], [ 34.00672596623042, -13.11714508717597 ], [ 34.006637094326493, -13.117832579310061 ], [ 34.006874649345662, -13.118545918859013 ], [ 34.007088456866825, -13.11923222658595 ], [ 34.007233745041333, -13.120081548124915 ], [ 34.007203435190434, -13.120850183389223 ], [ 34.006764308825836, -13.121466713617906 ], [ 34.006044711794061, -13.121876388084786 ], [ 34.005311324558022, -13.12201487378735 ], [ 34.004542108331691, -13.121990752171428 ], [ 34.003679710650204, -13.122021239188769 ], [ 34.002980438296618, -13.12204204680296 ], [ 34.00224697641687, -13.122162440843908 ], [ 34.001560248706539, -13.122291693207046 ], [ 34.000886105209645, -13.122538432102886 ], [ 34.001006501049233, -13.123225108551878 ], [ 34.0013956790674, -13.123937865340167 ], [ 34.001679706553261, -13.124596780616912 ], [ 34.001135408072685, -13.125159463938076 ], [ 34.00041357622564, -13.125306932069236 ], [ 33.999738517218873, -13.125472300306342 ], [ 33.998993730176551, -13.125646978325335 ], [ 33.998284112022191, -13.125821516949429 ], [ 33.997598387055973, -13.126059251832942 ], [ 33.996959112972718, -13.126378178410164 ], [ 33.996332781932381, -13.12690500396269 ], [ 33.995765075897566, -13.127386394866164 ], [ 33.99540788856325, -13.128029715898606 ], [ 33.995505429931711, -13.1287707329829 ], [ 33.9960107401036, -13.129401674847372 ], [ 33.996607318872748, -13.129788145006842 ], [ 33.997250380900425, -13.130120184598809 ], [ 33.997928871720092, -13.130515376383471 ], [ 33.998456020129254, -13.130983483400996 ], [ 33.99841404337343, -13.131725039179173 ], [ 33.998056857837753, -13.132368363808894 ], [ 33.997664536689058, -13.133020865120784 ], [ 33.997260500971379, -13.133628205177502 ], [ 33.99708998141756, -13.134379300963928 ], [ 33.997280753703876, -13.135074747601493 ], [ 33.997565078865364, -13.13580599804834 ], [ 33.997336719414136, -13.136512110645356 ], [ 33.996803514970281, -13.136975289378029 ], [ 33.996223752624132, -13.13747481061398 ], [ 33.995784207175461, -13.138000914010945 ], [ 33.995449960647193, -13.138617021558275 ], [ 33.995384079911389, -13.13929538197624 ], [ 33.995283604055146, -13.139973874594602 ], [ 33.995066007690127, -13.140634737802884 ], [ 33.99479078816438, -13.141304865826839 ], [ 33.994245460859361, -13.141768085928391 ], [ 33.993701073345903, -13.142321714875209 ], [ 33.993168609044119, -13.142830089936638 ], [ 33.992647097585518, -13.143338422729983 ], [ 33.992196074988897, -13.143882646566851 ], [ 33.992153358091059, -13.144588040605527 ], [ 33.992495553726883, -13.145228658275926 ], [ 33.993058080566016, -13.145741844710301 ], [ 33.993867188020374, -13.146489152552306 ], [ 33.994418735036618, -13.147137999019378 ], [ 33.994783822915167, -13.147733317838288 ], [ 33.995021635140404, -13.148509956169505 ], [ 33.995165601311498, -13.149178460917199 ], [ 33.995170502616645, -13.149965042152928 ], [ 33.995070024062386, -13.150643534771291 ], [ 33.994899490119451, -13.151394629658398 ], [ 33.99458908641725, -13.15206489437935 ], [ 33.994184868137211, -13.152636064602632 ], [ 33.993710301289411, -13.153207508219907 ], [ 33.993189384282687, -13.153724881897745 ], [ 33.992632641882949, -13.15422430960416 ], [ 33.991993975741423, -13.1545703489424 ], [ 33.991354912998872, -13.154961596300609 ], [ 33.990740066301043, -13.155352748330642 ], [ 33.990066763670256, -13.15583453763378 ], [ 33.989545003099465, -13.156288617925327 ], [ 33.989000429426312, -13.156806075240127 ], [ 33.988596191361182, -13.157377239168227 ], [ 33.988425416399878, -13.158074083352233 ], [ 33.988523422717833, -13.158787975984239 ], [ 33.98879521133, -13.159410786178796 ], [ 33.989137567045134, -13.160087570984558 ], [ 33.989514196822768, -13.160682852031925 ], [ 33.990054052652454, -13.16128654443844 ], [ 33.99060540811314, -13.161881148296288 ], [ 33.990962496522059, -13.162292339020212 ], [ 33.991098417358103, -13.162448853431783 ], [ 33.991521836163884, -13.163062031887193 ], [ 33.991817350690212, -13.163702827623354 ], [ 33.991879582876493, -13.164407815168488 ], [ 33.991627544275786, -13.165114016798384 ], [ 33.99127033535774, -13.165766376017416 ], [ 33.990713994055625, -13.166229633890453 ], [ 33.990156856853503, -13.166638645556986 ], [ 33.989553984628742, -13.167147288616434 ], [ 33.989138417803815, -13.167772746415096 ], [ 33.988768799140814, -13.168352819027348 ], [ 33.987999905771062, -13.168446193836758 ], [ 33.98729984471214, -13.168304225959218 ], [ 33.98660003906059, -13.168225545172731 ], [ 33.985900775700316, -13.168282481251481 ], [ 33.985249592794503, -13.168538141422061 ], [ 33.984657732768198, -13.168920150944189 ], [ 33.984475841287122, -13.16972553340662 ], [ 33.984480353185802, -13.170421703099066 ], [ 33.984484865084482, -13.171117872791569 ], [ 33.983857784908878, -13.171490975428128 ], [ 33.983132739784139, -13.171159222719893 ], [ 33.982467021136188, -13.170953821161845 ], [ 33.98175563761265, -13.170866130067793 ], [ 33.981164343259877, -13.171392792843051 ], [ 33.980889272122283, -13.172117157180992 ], [ 33.980870743390142, -13.172967119037253 ], [ 33.980875461233609, -13.173717536734898 ], [ 33.980623417236984, -13.174432771155409 ], [ 33.980208067148624, -13.17512150525323 ], [ 33.979803924411613, -13.175728822826841 ], [ 33.979352853251612, -13.176282071360447 ], [ 33.978428301624888, -13.179007062126175 ], [ 33.977179727862222, -13.17841509058394 ], [ 33.976498243199444, -13.178164526871399 ], [ 33.975840438585408, -13.17792291321183 ], [ 33.975204227593053, -13.177599841659344 ], [ 33.97443873456001, -13.177250136684393 ], [ 33.97376659385327, -13.176881991110974 ], [ 33.973081590143295, -13.176468686080966 ], [ 33.972536648647463, -13.176036765084575 ], [ 33.972093963665543, -13.17550499865672 ], [ 33.97188264007184, -13.174854817595701 ], [ 33.971868394810599, -13.174167723861331 ], [ 33.971831012691155, -13.173462634692783 ], [ 33.971711060217331, -13.172730734036122 ], [ 33.971613419923415, -13.17195354082321 ], [ 33.971320214856064, -13.171303669128974 ], [ 33.970630133573877, -13.171206823835803 ], [ 33.969836609571928, -13.171200783988922 ], [ 33.969150737116877, -13.171293790076277 ], [ 33.968370005071733, -13.17131481982301 ], [ 33.967599475835186, -13.171290602878969 ], [ 33.966839548706275, -13.171175929425544 ], [ 33.96607620685154, -13.170925643603539 ], [ 33.965396188982993, -13.170747374591599 ], [ 33.964704639107879, -13.170569146948537 ], [ 33.963998860159336, -13.170291515441022 ], [ 33.963351868094264, -13.170004618218513 ], [ 33.96263452386421, -13.169717983597991 ], [ 33.961973952935637, -13.169349761582168 ], [ 33.961360093693429, -13.168981363299224 ], [ 33.960734703343917, -13.168613006385101 ], [ 33.96010805484292, -13.168217526817386 ], [ 33.959435852982267, -13.167822217221499 ], [ 33.95868266087615, -13.16750857955725 ], [ 33.957861060039932, -13.167249446204949 ], [ 33.957191768385428, -13.167007822652863 ], [ 33.956522652098784, -13.16681140622137 ], [ 33.955787852927131, -13.166777976622257 ], [ 33.955057529681312, -13.167006732674508 ], [ 33.954411170738979, -13.167325588205301 ], [ 33.953777777322614, -13.167716725846162 ], [ 33.953168914713672, -13.168189145112933 ], [ 33.952538276820064, -13.168697808856734 ], [ 33.95188194889289, -13.169125192773379 ], [ 33.951146530987671, -13.169082713296518 ], [ 33.950435508092255, -13.169085347410828 ], [ 33.949789886594033, -13.169449395673041 ], [ 33.949078819631893, -13.170039723254604 ], [ 33.947570456911137, -13.170994653980074 ], [ 33.946860329740502, -13.170481910012086 ], [ 33.946487311640169, -13.169904631593454 ], [ 33.946379720347863, -13.169217876004154 ], [ 33.946388578669996, -13.168521648755018 ], [ 33.946525930327482, -13.167797823111016 ], [ 33.946687131106273, -13.167128159137178 ], [ 33.946894325013147, -13.166422158056093 ], [ 33.94714894197017, -13.165752148742627 ], [ 33.94743815764491, -13.165082011725417 ], [ 33.947774011261686, -13.164393619370003 ], [ 33.948146539231459, -13.163795504558834 ], [ 33.948401762331514, -13.16313453433122 ], [ 33.949106055600055, -13.161088555992023 ], [ 33.949068927089343, -13.15983192700179 ], [ 33.948926771253525, -13.159154340900045 ], [ 33.948689769317468, -13.158404773061761 ], [ 33.948524548569139, -13.157727270597036 ], [ 33.948598167071793, -13.156777643173655 ], [ 33.949185632111266, -13.155844199949797 ], [ 33.949772298552773, -13.155453246669936 ], [ 33.950469568116148, -13.155333128720883 ], [ 33.951153941401344, -13.155158806833413 ], [ 33.951802283348741, -13.154912285573459 ], [ 33.952340734437371, -13.154431090722198 ], [ 33.952760693551227, -13.153878004066598 ], [ 33.95319139956348, -13.153270627137658 ], [ 33.953645097643175, -13.152645081205492 ], [ 33.954159899259992, -13.152163970890513 ], [ 33.954756612028064, -13.151691598388481 ], [ 33.955388533254279, -13.151228132772076 ], [ 33.955974461352355, -13.150801005162236 ], [ 33.95662868936256, -13.150292246989579 ], [ 33.95752178720079, -13.148335963433908 ], [ 33.957870522706514, -13.147710800612913 ], [ 33.958266031951837, -13.147103547790437 ], [ 33.958709644134842, -13.146559405791891 ], [ 33.959165467312516, -13.146042340581516 ], [ 33.959383355957186, -13.14528204383123 ], [ 33.959380544676435, -13.14455873709602 ], [ 33.959445492815291, -13.14376284517914 ], [ 33.959594398063075, -13.143057055438703 ], [ 33.959755445957114, -13.142360259818076 ], [ 33.95986928304103, -13.14168172493163 ], [ 33.959936205191752, -13.140949115609146 ], [ 33.959991663684377, -13.140234632122542 ], [ 33.960080932189328, -13.139465773826373 ], [ 33.960078190156423, -13.138760548860205 ], [ 33.960052456056076, -13.13807349289732 ], [ 33.960015189949104, -13.137386480101952 ], [ 33.959870871243766, -13.136600409681137 ], [ 33.959703558672345, -13.135832509162924 ], [ 33.959607342904576, -13.135109549566039 ], [ 33.959488171042324, -13.134413800756249 ], [ 33.959333791621248, -13.133709140564349 ], [ 33.959189547559617, -13.132941152811895 ], [ 33.959058880562964, -13.132254488054116 ], [ 33.958903753805259, -13.131504623439582 ], [ 33.958747946260758, -13.1307276361714 ], [ 33.958780346136109, -13.130013238120398 ], [ 33.958835809125333, -13.129298754633794 ], [ 33.958995630344134, -13.128583881740724 ], [ 33.95906327015382, -13.127887435956382 ], [ 33.959092749930505, -13.127498578096834 ], [ 33.959118120704773, -13.127163911585228 ], [ 33.959022628891262, -13.126477114627107 ], [ 33.958868223389857, -13.125763412651338 ], [ 33.958551369749955, -13.125086482155382 ], [ 33.957915388984077, -13.124781439311903 ], [ 33.957125490149281, -13.124929041442044 ], [ 33.957020396274345, -13.12499583948636 ], [ 33.956538836298307, -13.125301922845438 ], [ 33.956001205391374, -13.125828325716611 ], [ 33.95548853786579, -13.126399843977595 ], [ 33.954986038075276, -13.126917073763877 ], [ 33.954350056410021, -13.126612021927201 ], [ 33.953838457279005, -13.126116635774054 ], [ 33.953291550764504, -13.125585213786565 ], [ 33.952654893708427, -13.125253034799698 ], [ 33.951874267783296, -13.125264965205929 ], [ 33.951161362606854, -13.125195267747358 ], [ 33.950438322970285, -13.125188896949965 ], [ 33.94973820705269, -13.125146273581606 ], [ 33.948789614748989, -13.124959899879457 ], [ 33.948154222139692, -13.124654830056329 ], [ 33.947518968925351, -13.124385922872023 ], [ 33.946915345766627, -13.123945110278555 ], [ 33.94627659059222, -13.12351346627338 ], [ 33.945672187721357, -13.123018402976868 ], [ 33.945218164986386, -13.12249566214507 ], [ 33.944843869848739, -13.121864130325321 ], [ 33.94466712698636, -13.121177622948892 ], [ 33.944559536593374, -13.120481820179805 ], [ 33.944138545957173, -13.119850457432619 ], [ 33.943603919685188, -13.119355133332704 ], [ 33.9430571192907, -13.11884176883251 ], [ 33.942741031873197, -13.118200977593006 ], [ 33.942563720639271, -13.117514470216577 ], [ 33.942665931287763, -13.11679981495945 ], [ 33.942850791430942, -13.116139107333879 ], [ 33.943103407396393, -13.115405818123975 ], [ 33.943426969978759, -13.114681310793799 ], [ 33.943749815801425, -13.113920639925539 ], [ 33.943840594268067, -13.113233151388783 ], [ 33.943668931675916, -13.112490947199433 ], [ 33.943418529841324, -13.11140830824678 ], [ 33.943138336165362, -13.110803551042977 ], [ 33.942822328787486, -13.110180841572515 ], [ 33.942423640438733, -13.109495142686626 ], [ 33.941934991107019, -13.108954437896955 ], [ 33.941401106775686, -13.108495270140565 ], [ 33.940731379849353, -13.108244551744633 ], [ 33.940051585911988, -13.10807524267824 ], [ 33.939338696923357, -13.107996469261593 ], [ 33.938693883016356, -13.108006172946489 ], [ 33.938546015586212, -13.108008397869241 ], [ 33.93783594687153, -13.108065232324577 ], [ 33.937044656785531, -13.108140442627302 ], [ 33.936310881941722, -13.108179276252542 ], [ 33.935620884296441, -13.108055200387128 ], [ 33.934994397673393, -13.107650604391836 ], [ 33.934495629169987, -13.10717321007553 ], [ 33.933959725860689, -13.10663265906993 ], [ 33.933510920092942, -13.106272438322321 ], [ 33.93231870954088, -13.105999776468479 ], [ 33.931954111792891, -13.106052216836304 ], [ 33.931258291037352, -13.106217479852774 ], [ 33.930571997699587, -13.106310374424197 ], [ 33.929840294893722, -13.10643959710967 ], [ 33.929129583163785, -13.106478326413594 ], [ 33.928405170262465, -13.106399561990145 ], [ 33.927506072147537, -13.106321425293515 ], [ 33.926734216411035, -13.106197619224702 ], [ 33.926020589078973, -13.10607360181524 ], [ 33.925350137299063, -13.105777636728533 ], [ 33.924735066670053, -13.105336807047934 ], [ 33.924097819658698, -13.104977428965128 ], [ 33.923474036397693, -13.104672251223349 ], [ 33.922774823399436, -13.104701879388188 ], [ 33.922029522844241, -13.104740712114108 ], [ 33.921449476312318, -13.104857634771975 ], [ 33.920470718948593, -13.104927114594602 ], [ 33.919678686022621, -13.10495706561602 ], [ 33.918956409910436, -13.104986766625927 ], [ 33.918375843570402, -13.104518673098255 ], [ 33.918361664858992, -13.103804436925202 ], [ 33.918346843132383, -13.10307212078169 ], [ 33.918227840342581, -13.102385384078161 ], [ 33.917911873434264, -13.101753596850983 ], [ 33.917537002730569, -13.101094893814263 ], [ 33.917151958895829, -13.100490476554228 ], [ 33.916649209993125, -13.099859353026659 ], [ 33.916249932588357, -13.099146484722439 ], [ 33.915944628042212, -13.098433282769747 ], [ 33.915650312312096, -13.097729082131366 ], [ 33.915554956296262, -13.097042259092916 ], [ 33.915622784064283, -13.096363897775632 ], [ 33.91584293989979, -13.095721162201812 ], [ 33.916191720371671, -13.095096053340171 ], [ 33.916504654766072, -13.094443945031969 ], [ 33.916794496368937, -13.093782877677597 ], [ 33.91703625302074, -13.093058691405417 ], [ 33.91732328334291, -13.092262008984505 ], [ 33.917601622616814, -13.091610023883447 ], [ 33.917890814909242, -13.090930874760033 ], [ 33.91822734301752, -13.090269640131737 ], [ 33.918479912218231, -13.089509247154012 ], [ 33.918211267635968, -13.088886331738763 ], [ 33.917657948055933, -13.086890104794463 ], [ 33.91771960827333, -13.085325687330567 ], [ 33.917843587911307, -13.084556710323852 ], [ 33.917828805754823, -13.083833433266307 ], [ 33.917780147036183, -13.083146443853252 ], [ 33.917766007895011, -13.082441248564749 ], [ 33.917751226637847, -13.081717972406466 ], [ 33.917770189742498, -13.080922243266855 ], [ 33.917754665645361, -13.080153760887299 ], [ 33.917703977156862, -13.079385404412847 ], [ 33.917619478656093, -13.078671417351984 ], [ 33.917582317769813, -13.077975344786296 ], [ 33.917532984559614, -13.07726123182033 ], [ 33.917529667859924, -13.076519831624864 ], [ 33.917549375603244, -13.075769306907944 ], [ 33.917582609150145, -13.075091067898427 ], [ 33.917521882428957, -13.074413163436702 ], [ 33.917093736786569, -13.072271819189041 ], [ 33.916893446975052, -13.071576324887417 ], [ 33.916727778364304, -13.070889750061895 ], [ 33.916538073573292, -13.069000724104114 ], [ 33.91631263512005, -13.0682058601123 ], [ 33.915893298337096, -13.067664848653806 ], [ 33.915337239422115, -13.067250904205821 ], [ 33.915440227084844, -13.066572416983433 ], [ 33.915906862811539, -13.066028266890953 ], [ 33.916243434087278, -13.065385117629035 ], [ 33.916560819226504, -13.064921085439721 ], [ 33.916640186195707, -13.064805047714742 ], [ 33.916800744858563, -13.064108272778526 ], [ 33.916353282677903, -13.063722462721444 ], [ 33.916278567901657, -13.063658043383953 ], [ 33.91545082739384, -13.063660975173832 ], [ 33.914648070951785, -13.063718065935973 ], [ 33.913933929207531, -13.063575926287911 ], [ 33.913513828900136, -13.062980662327675 ], [ 33.913381853389865, -13.062203548255127 ], [ 33.91323851584491, -13.061471681772673 ], [ 33.913013096277439, -13.06067681418358 ], [ 33.912720292307711, -13.060053975210735 ], [ 33.912219637026681, -13.059495158974357 ], [ 33.911410677061156, -13.059271970624877 ], [ 33.91071007191232, -13.059202104993119 ], [ 33.910006763401441, -13.059023747847618 ], [ 33.909690780305311, -13.058364819980397 ], [ 33.909804666851926, -13.057668212318106 ], [ 33.909942185783279, -13.056971521918172 ], [ 33.910183159125552, -13.056193093036768 ], [ 33.910413411649699, -13.055477991715918 ], [ 33.910688999897502, -13.054708482310559 ], [ 33.910860899910631, -13.053957420698339 ], [ 33.910961870394033, -13.053197567313816 ], [ 33.910993095754804, -13.052437957645566 ], [ 33.910979017767488, -13.051741801442915 ], [ 33.911058282214015, -13.051036274304579 ], [ 33.911207323259418, -13.050339541636504 ], [ 33.911377935443397, -13.049552318284839 ], [ 33.91147883577969, -13.048774381332578 ], [ 33.911533116160456, -13.048014690725324 ], [ 33.911460146968238, -13.047291616015229 ], [ 33.911469733741285, -13.046604417060166 ], [ 33.911559881783148, -13.045880767683229 ], [ 33.911944413004335, -13.045273622779405 ], [ 33.91239955899249, -13.044747603019403 ], [ 33.912902642443044, -13.044248538639124 ], [ 33.91323913008182, -13.043587312104705 ], [ 33.913236609282137, -13.042900156317103 ], [ 33.913152819447134, -13.042213285614594 ], [ 33.9131975939938, -13.041535004336936 ], [ 33.913376952084718, -13.040621165434402 ], [ 33.913724995112489, -13.039968939315031 ], [ 33.914003229165758, -13.039298875142947 ], [ 33.914232815292223, -13.038565691153678 ], [ 33.914358078262751, -13.037832874987146 ], [ 33.914563190239107, -13.037027443961335 ], [ 33.914735944608196, -13.036357752108529 ], [ 33.914803636578597, -13.035643222756505 ], [ 33.914731406629187, -13.034965354267626 ], [ 33.914485284668217, -13.034333308035684 ], [ 33.914354745375249, -13.033628520140041 ], [ 33.914503802608465, -13.032940828356516 ], [ 33.914794264743591, -13.032306887253014 ], [ 33.91518901136385, -13.031663535643588 ], [ 33.915503166138251, -13.031047593571543 ], [ 33.915744877823897, -13.030323408198683 ], [ 33.915835686867524, -13.029626879676698 ], [ 33.915910811734648, -13.028740532149811 ], [ 33.915917485603529, -13.0278905927766 ], [ 33.916002042560251, -13.026904754151019 ], [ 33.916069796583884, -13.026208308366677 ], [ 33.916113887645849, -13.025502902636788 ], [ 33.916239141623123, -13.024770085570935 ], [ 33.916434906046106, -13.024091270095994 ], [ 33.916759190784092, -13.023411999564075 ], [ 33.917132252051829, -13.022832015085385 ], [ 33.917550708398551, -13.022215701593325 ], [ 33.918017806376724, -13.021662507918336 ], [ 33.918554092797194, -13.021118109613042 ], [ 33.919032780338569, -13.02058295723765 ], [ 33.919449533369345, -13.019959116420068 ], [ 33.919449533369345, -13.017849572199964 ], [ 33.919885406886067, -13.017211077828961 ], [ 33.919879076558175, -13.016900005031175 ], [ 33.91986494910816, -13.016194806145336 ], [ 33.919718967556378, -13.013021703888455 ], [ 33.91989881397916, -13.011312193402944 ], [ 33.920399379327932, -13.010776960987926 ], [ 33.920912821169793, -13.010295931611893 ], [ 33.921378229321874, -13.009760823303282 ], [ 33.921936383657226, -13.009216341361025 ], [ 33.922520805390889, -13.008762181929114 ], [ 33.923154574723924, -13.008407304953096 ], [ 33.92377617622958, -13.008034385778217 ], [ 33.924386957991771, -13.007697669711661 ], [ 33.925079605039798, -13.007369703149209 ], [ 33.925806760873343, -13.007023528912669 ], [ 33.926502722822477, -13.006813087553894 ], [ 33.927249322897978, -13.006738088591874 ], [ 33.927920266607089, -13.00646444198037 ], [ 33.92818219415301, -13.005767300120738 ], [ 33.928232422188557, -13.005016663887886 ], [ 33.92826777184024, -13.004139499338351 ], [ 33.928248979606792, -13.003425275755831 ], [ 33.928230189171927, -13.002711053971893 ], [ 33.928234314362157, -13.00196058321427 ], [ 33.928286539792055, -13.001282273158324 ], [ 33.928349612844386, -13.000576799079965 ], [ 33.928422858128442, -12.999817040124242 ], [ 33.928497999183378, -12.999102481094553 ], [ 33.928605752353633, -12.998324515364061 ], [ 33.929267343113452, -12.993683786077838 ], [ 33.929363532800835, -12.992896818133602 ], [ 33.929521276585717, -12.992236213930084 ], [ 33.92971210732793, -12.991485074976197 ], [ 33.929928659580014, -12.990833302115163 ], [ 33.930145178557211, -12.990172486570941 ], [ 33.93038203840041, -12.989403098574087 ], [ 33.93062967571899, -12.988588463886458 ], [ 33.930833380256331, -12.987891527971613 ], [ 33.930884953677719, -12.987195137045887 ], [ 33.930889175994707, -12.986471789841175 ], [ 33.930893398311753, -12.985748442636464 ], [ 33.930932093441413, -12.984997847772433 ], [ 33.931041055300511, -12.984237960213648 ], [ 33.931112258224175, -12.98339683059919 ], [ 33.93124426880803, -12.982636860302819 ], [ 33.931366785248997, -12.981958298436666 ], [ 33.931546180212081, -12.981234324404511 ], [ 33.931774144860924, -12.980555383024466 ], [ 33.932046819305299, -12.979812990876781 ], [ 33.932332404416968, -12.979133843552006 ], [ 33.93264215611066, -12.978445568108441 ], [ 33.933000678938242, -12.977856576020145 ], [ 33.933462683156336, -12.977203920024863 ], [ 33.933915871320437, -12.976659794214072 ], [ 33.934378583305033, -12.976043300857611 ], [ 33.93476001186508, -12.975418057097613 ], [ 33.935047551203581, -12.974802192367235 ], [ 33.935297906273433, -12.974105085581186 ], [ 33.935558395803355, -12.97334465123464 ], [ 33.935692421767897, -12.972666046201027 ], [ 33.935826380283288, -12.971969357599733 ], [ 33.936099677957827, -12.97124504272449 ], [ 33.936469707610968, -12.970656004770774 ], [ 33.936768016330916, -12.969994891550982 ], [ 33.937231420793466, -12.969414559034647 ], [ 33.937576192986967, -12.969160150720313 ], [ 33.938487876214595, -12.968731907951167 ], [ 33.939231002209056, -12.968530312323992 ], [ 33.939960025934511, -12.96825643098947 ], [ 33.940770225165807, -12.967964172008863 ], [ 33.941450504737077, -12.967600047304302 ], [ 33.942024695783118, -12.967218222143174 ], [ 33.942761743259894, -12.966781555424404 ], [ 33.943360266363243, -12.966435804768537 ], [ 33.944060939860549, -12.965981183984411 ], [ 33.944716838811132, -12.965571931299564 ], [ 33.945399855019332, -12.965325328201288 ], [ 33.946131543436024, -12.965150878610132 ], [ 33.946879368388181, -12.965130078190498 ], [ 33.947594116275525, -12.965199809823332 ], [ 33.948310935301492, -12.965359950301433 ], [ 33.948985664257066, -12.965664905910614 ], [ 33.949593530417133, -12.966114771079788 ], [ 33.950097890005679, -12.96661926106998 ], [ 33.950648956783994, -12.967132621073574 ], [ 33.951360280052938, -12.967057689560704 ], [ 33.951861405679381, -12.966558569422375 ], [ 33.952408555910154, -12.966041196643857 ], [ 33.952992786088259, -12.965577936972181 ], [ 33.953625147982223, -12.96519587439002 ], [ 33.954305399674524, -12.964831717309835 ], [ 33.955000536945249, -12.964594086747638 ], [ 33.955699036781198, -12.964483024971571 ], [ 33.956421297604834, -12.964408040398723 ], [ 33.957129959779877, -12.964242686550676 ], [ 33.957849430906549, -12.964041125997142 ], [ 33.958508054802962, -12.963749372435529 ], [ 33.959129489034751, -12.963376377717623 ], [ 33.959772540270592, -12.962930969588513 ], [ 33.96036626728943, -12.962395327981937 ], [ 33.960853903984514, -12.961841992214147 ], [ 33.961282665662566, -12.961261747831372 ], [ 33.9616762089899, -12.960663550282561 ], [ 33.961938645552095, -12.95998446141374 ], [ 33.962178715975028, -12.959332579734735 ], [ 33.962440469951787, -12.958626369111585 ], [ 33.962748928420353, -12.957929026703198 ], [ 33.963094466836253, -12.957285797401596 ], [ 33.963509039910321, -12.956615186441638 ], [ 33.963949850705092, -12.956025851711615 ], [ 33.964329954563823, -12.955382492907688 ], [ 33.964781675034317, -12.954784075924294 ], [ 33.965374690689487, -12.954221300872291 ], [ 33.965971789266689, -12.953821258144501 ], [ 33.976231981820547, -12.949777609449086 ], [ 33.976985209000247, -12.94953066460846 ], [ 33.977712085144674, -12.949175319085668 ], [ 33.978201597825546, -12.948676197148757 ], [ 33.97878509235818, -12.948194804446644 ], [ 33.979451829938057, -12.947785428554653 ], [ 33.980167856661296, -12.947457241658356 ], [ 33.980853477306198, -12.947309999257016 ], [ 33.981591727176522, -12.94736146925635 ], [ 33.982350434824752, -12.947340527643178 ], [ 33.983085343713697, -12.947274467042973 ], [ 33.983850761203712, -12.947054582802707 ], [ 33.984482918951585, -12.946645327419901 ], [ 33.985125950402335, -12.946217945301896 ], [ 33.985732469378036, -12.945736450976369 ], [ 33.986233446616325, -12.945228229699012 ], [ 33.986710152951275, -12.944702016584756 ], [ 33.987220636023608, -12.944121425962976 ], [ 33.98780413685148, -12.943649057058281 ], [ 33.988448448936822, -12.943257828585899 ], [ 33.989092076638087, -12.94283947835919 ], [ 33.989761478909202, -12.942529526116687 ], [ 33.990418638709286, -12.942183452604183 ], [ 33.991169130151263, -12.941837022960215 ], [ 33.991942627150593, -12.941481463398759 ], [ 33.992613282177274, -12.94119862391733 ], [ 33.993399593616402, -12.940879176632677 ], [ 33.994105423826284, -12.940605242238121 ], [ 33.99484650476245, -12.940358294699479 ], [ 33.995588195438927, -12.940120385347484 ], [ 33.996353540983193, -12.939891425149085 ], [ 33.997039056407402, -12.939726057811299 ], [ 33.998566644834852, -12.939213890308736 ], [ 33.9999328769008, -12.938693289863409 ], [ 34.000502727818684, -12.93813053099916 ], [ 34.000828160990864, -12.937821871981782 ], [ 34.000945896635869, -12.936429027177837 ], [ 34.001076383768122, -12.935922201648225 ], [ 34.001251879270853, -12.935288622971541 ], [ 34.001449084407795, -12.934609752637925 ], [ 34.001659178628245, -12.933985081746073 ], [ 34.001825454281345, -12.933496202187939 ], [ 34.001945136958568, -12.933025584263248 ], [ 34.002111482758778, -12.932554787373476 ], [ 34.002266307344257, -12.932084033651165 ], [ 34.002420481719923, -12.931595199958451 ], [ 34.002552260278662, -12.931124535269021 ], [ 34.002599989997577, -12.931003088121997 ], [ 34.002730199239352, -12.930671776081567 ], [ 34.002885020227552, -12.930201023258576 ], [ 34.002968801069358, -12.929685334910232 ], [ 34.003052437120346, -12.929133481225108 ], [ 34.003215825050347, -12.928499948413844 ], [ 34.003324017089767, -12.928038415440483 ], [ 34.00347598992505, -12.927432050248854 ], [ 34.003616259882563, -12.926780522003469 ], [ 34.003826309136912, -12.926146808428427 ], [ 34.004024943296542, -12.925540263372397 ], [ 34.004178210256271, -12.92497005902095 ], [ 34.004331693053246, -12.924454102674645 ], [ 34.004623577915822, -12.923829116120771 ], [ 34.004813643335012, -12.923385350153751 ], [ 34.00494544977272, -12.92292372634887 ], [ 34.005100408357237, -12.922489137063963 ], [ 34.005184002140027, -12.921928241595026 ], [ 34.005197421823596, -12.921394741274241 ], [ 34.005142579366577, -12.920933835128324 ], [ 34.004685891940426, -12.92082709369538 ], [ 34.004229853824768, -12.920738433132158 ], [ 34.003750845225397, -12.920667941572219 ], [ 34.003247495575522, -12.92056137730566 ], [ 34.002812953055411, -12.920373174382462 ], [ 34.002378517554575, -12.920212095012118 ], [ 34.001896702171109, -12.920015030169452 ], [ 34.001438504783209, -12.919817872696626 ], [ 34.000885365067575, -12.919503539856407 ], [ 34.000484524641138, -12.919242871361405 ], [ 34.000059346761475, -12.918946129260405 ], [ 33.999575987242054, -12.918649609292004 ], [ 33.999081754919132, -12.918371211562146 ], [ 33.998515911380252, -12.918047880105519 ], [ 33.997949133445786, -12.917634136206402 ], [ 33.997347217200343, -12.91722052360825 ], [ 33.996733134026954, -12.916788873307837 ], [ 33.996200890059072, -12.916365950927855 ], [ 33.995775543106902, -12.916023993612384 ], [ 33.995408486612405, -12.915708938616604 ], [ 33.994958946997883, -12.915367073031973 ], [ 33.994579653428332, -12.915015895866873 ], [ 33.994178143006934, -12.914728094825648 ], [ 33.993637369868793, -12.914476988821946 ], [ 33.99320287861002, -12.914297809696109 ], [ 33.992699367981515, -12.914146016725226 ], [ 33.992229703338182, -12.913957928015918 ], [ 33.991783116197894, -12.913778792057542 ], [ 33.991268157199727, -12.913645123123899 ], [ 33.990751832131423, -12.913457207983697 ], [ 33.990247783708298, -12.913314454098725 ], [ 33.989638786201056, -12.913144970563906 ], [ 33.989087971232948, -12.912975266695128 ], [ 33.988584642267483, -12.912868671851697 ], [ 33.988069792986607, -12.912762121074991 ], [ 33.987426410800254, -12.912637970565868 ], [ 33.986783641052227, -12.912522858243278 ], [ 33.986234336045811, -12.912443556924586 ], [ 33.98563987607946, -12.912454840718283 ], [ 33.985137232397392, -12.912375362233149 ], [ 33.984702679085444, -12.912178086049778 ], [ 33.984196340988376, -12.911890662723863 ], [ 33.983795636359559, -12.911657089902747 ], [ 33.983194472846719, -12.911279605769153 ], [ 33.982710499090331, -12.910964970756766 ], [ 33.982282309381105, -12.910478335906419 ], [ 33.982053753877665, -12.910072324378234 ], [ 33.982021963742682, -12.909602281120328 ], [ 33.981754649257709, -12.909006541418705 ], [ 33.981572040117612, -12.908564190085258 ], [ 33.981354220720789, -12.90810388738447 ], [ 33.981192503731108, -12.907552958202416 ], [ 33.980996223996613, -12.907002157623424 ], [ 33.980963073187354, -12.906477870857032 ], [ 33.981035984822881, -12.9059712692586 ], [ 33.981388385065998, -12.905490741704341 ], [ 33.981555508779763, -12.905065160928416 ], [ 33.981499210320351, -12.904513836044657 ], [ 33.981351061402393, -12.904044229857277 ], [ 33.981111098898168, -12.903665384150088 ], [ 33.980824512841025, -12.903295753795931 ], [ 33.98037699040583, -12.903017142926785 ], [ 33.979918945003362, -12.902847069436632 ], [ 33.979355884866266, -12.902632180031048 ], [ 33.978884134695136, -12.902344614612218 ], [ 33.978506280040847, -12.902056697558521 ], [ 33.97803299382764, -12.901669679711915 ], [ 33.977688951883692, -12.901336427833826 ], [ 33.977332603616787, -12.900948971118055 ], [ 33.976951205633668, -12.90048927366098 ], [ 33.976607167287, -12.900156019984308 ], [ 33.976160545073128, -12.899958771679906 ], [ 33.975576706999504, -12.899879575581906 ], [ 33.97509630984689, -12.899736701187749 ], [ 33.974498943271669, -12.899585220281665 ], [ 33.973950453950351, -12.89956013818977 ], [ 33.973216622449229, -12.899571910315387 ], [ 33.972739265005146, -12.899618893596994 ], [ 33.972169095727224, -12.899648137751285 ], [ 33.971620606405907, -12.899623051162848 ], [ 33.971117989703487, -12.89954354300005 ], [ 33.970601027015846, -12.899328462938172 ], [ 33.970119813278814, -12.899122290661126 ], [ 33.969671050678471, -12.898816540051257 ], [ 33.969256608905425, -12.898447370149938 ], [ 33.968924714104332, -12.898123100700502 ], [ 33.968531064656986, -12.897618227599082 ], [ 33.968195595950021, -12.897113138660359 ], [ 33.967920523013788, -12.896734408965756 ], [ 33.967644595721595, -12.896283347698272 ], [ 33.96730991482076, -12.895832504966108 ], [ 33.9672421302202, -12.895281216055253 ], [ 33.967006236248835, -12.894603967199259 ], [ 33.966917992971048, -12.894125087202951 ], [ 33.966838688954397, -12.893573840560236 ], [ 33.966723671959926, -12.893022727017183 ], [ 33.966609300678726, -12.892489693444531 ], [ 33.966402329803714, -12.891993167850387 ], [ 33.966150202170127, -12.891587225569936 ], [ 33.965732952713665, -12.891082434306838 ], [ 33.962544049368432, -12.890018225160929 ], [ 33.961958841627279, -12.889875709596254 ], [ 33.961328476228232, -12.889823776446065 ], [ 33.960827379380078, -12.889834657343499 ], [ 33.960400261662812, -12.89006226586082 ], [ 33.960067990045729, -12.890388984164247 ], [ 33.959676180611325, -12.890661670299778 ], [ 33.959261941185673, -12.890943479158182 ], [ 33.958775928666228, -12.891135133679427 ], [ 33.958307791071775, -12.891028349079022 ], [ 33.958023969530643, -12.890863052787608 ], [ 33.957860381051773, -12.890767778610041 ], [ 33.957504214447965, -12.890416456654123 ], [ 33.957193210898026, -12.889974554082357 ], [ 33.956928151912734, -12.889496316201985 ], [ 33.956846696717719, -12.888827530865797 ], [ 33.956837286211851, -12.888321233238287 ], [ 33.956873002786892, -12.887715312311741 ], [ 33.956979704649711, -12.887145297717268 ], [ 33.957059835143355, -12.886403589953659 ], [ 33.957051068552005, -12.885915372296552 ], [ 33.956971248324521, -12.88537316473969 ], [ 33.956835322991822, -12.884921579167496 ], [ 33.956639151175921, -12.884379796990004 ], [ 33.956501868766281, -12.883873965211308 ], [ 33.956365369666116, -12.883422381437697 ], [ 33.956215109140032, -12.882835222167728 ], [ 33.956067089724456, -12.882383679762938 ], [ 33.955974259004904, -12.881751102031672 ], [ 33.955849145321849, -12.881263309753876 ], [ 33.955689676637292, -12.880829892285647 ], [ 33.955514987826461, -12.880179529561588 ], [ 33.955351819331042, -12.879529124569387 ], [ 33.9551993896402, -12.878824431102544 ], [ 33.955062861761689, -12.878363803746481 ], [ 33.9549141022041, -12.877867055120475 ], [ 33.954765240123777, -12.877343181142862 ], [ 33.95466171016983, -12.876773933670052 ], [ 33.954546695873375, -12.876213769349931 ], [ 33.954454583712106, -12.875617355156749 ], [ 33.954374740102253, -12.875066104017435 ], [ 33.95427192510931, -12.874533020082765 ], [ 33.954216478307899, -12.874035930613672 ], [ 33.954135784838627, -12.873412348800798 ], [ 33.954079728296847, -12.872906220245795 ], [ 33.953977559916495, -12.872391217180905 ], [ 33.953862515043113, -12.871822010177596 ], [ 33.953795653146926, -12.871352087428818 ], [ 33.95371503072414, -12.870746588284362 ], [ 33.953682522930137, -12.870222289826756 ], [ 33.953673053068997, -12.869697906832869 ], [ 33.953647365733389, -12.869211916796473 ], [ 33.953637695323437, -12.869028952424173 ], [ 33.953615178997381, -12.868405159270651 ], [ 33.95359130559433, -12.867727119910626 ], [ 33.953520745685921, -12.867040209637935 ], [ 33.953450898939877, -12.866389462903328 ], [ 33.953416899170634, -12.865774752902496 ], [ 33.953336315418653, -12.865178294642533 ], [ 33.953279481862637, -12.864617918082388 ], [ 33.95323477926172, -12.864066538340012 ], [ 33.953225208676486, -12.863515030893893 ], [ 33.953215775687568, -12.862999689683875 ], [ 33.95316961528556, -12.862366940182085 ], [ 33.953137889901768, -12.861896887930982 ], [ 33.953070218615721, -12.86136367539325 ], [ 33.952980358356911, -12.860902876266664 ], [ 33.952890463923836, -12.860433035356266 ], [ 33.952679885868065, -12.859728548733472 ], [ 33.952483814776258, -12.859204842929103 ], [ 33.952300686727369, -12.858753423731457 ], [ 33.9520600686173, -12.858329337628788 ], [ 33.951820026972712, -12.857905249727423 ], [ 33.951543598758121, -12.857454167775586 ], [ 33.951338082086863, -12.857020913084625 ], [ 33.951120436259203, -12.856578658877936 ], [ 33.950807285128178, -12.856010167735008 ], [ 33.950578291654892, -12.855613162917109 ], [ 33.950207719710534, -12.855090086638143 ], [ 33.949814789720847, -12.85459421575041 ], [ 33.949456587051884, -12.854143427876863 ], [ 33.949077314166743, -12.853756007133995 ], [ 33.948744183697158, -12.853386501785565 ], [ 33.948316196335441, -12.852908838571977 ], [ 33.947926357315566, -12.852620913424346 ], [ 33.947453211396635, -12.852233828128647 ], [ 33.946934806196396, -12.85191019719781 ], [ 33.946405628916693, -12.851631812957748 ], [ 33.94591165290052, -12.851371383682363 ], [ 33.94540551535232, -12.851092914906076 ], [ 33.944947551788118, -12.850913728585681 ], [ 33.944362444771059, -12.850771168054905 ], [ 33.943882901974405, -12.850673433332247 ], [ 33.943368227162011, -12.850575825413955 ], [ 33.942702762122849, -12.850505880641833 ], [ 33.942048679802781, -12.85039972916411 ], [ 33.941487423705667, -12.850320366691506 ], [ 33.940880026991692, -12.850223085227128 ], [ 33.940249084227901, -12.850143970068132 ], [ 33.939665334287781, -12.850055643153382 ], [ 33.939045167200732, -12.849931277706276 ], [ 33.938530461811411, -12.849824618111597 ], [ 33.937970492644183, -12.84978141018388 ], [ 33.93746943806417, -12.849783199834746 ], [ 33.936944668361832, -12.849757947771025 ], [ 33.936488166195943, -12.849660117720191 ], [ 33.935926712248033, -12.849526493752649 ], [ 33.935470886372343, -12.849455784556767 ], [ 33.934931759892834, -12.849285911615482 ], [ 33.934368179048249, -12.849043791637655 ], [ 33.933757204831181, -12.848756630014407 ], [ 33.93314626568764, -12.848478508376388 ], [ 33.932406863785786, -12.848191800011534 ], [ 33.931621522715147, -12.847941418861353 ], [ 33.930731432209882, -12.847709490000909 ], [ 33.929912315301181, -12.847513473767776 ], [ 33.929279830200073, -12.84732583561879 ], [ 33.92854185192499, -12.847111445336907 ], [ 33.928014154030052, -12.846914392185397 ], [ 33.927521044060995, -12.846726256711349 ], [ 33.927075161089874, -12.846537954862697 ], [ 33.926605666418425, -12.846349734852311 ], [ 33.926101681847172, -12.846179719818167 ], [ 33.925597090233566, -12.846000663899474 ], [ 33.925035614701926, -12.845857973866373 ], [ 33.92450872889475, -12.845724203309317 ], [ 33.923970357845803, -12.845599513206935 ], [ 33.923409789730044, -12.84554723381774 ], [ 33.922860577353788, -12.845449705939131 ], [ 33.922076700379478, -12.845280664870756 ], [ 33.921620144254291, -12.845164725171855 ], [ 33.921093227870244, -12.845021904737052 ], [ 33.920612187702375, -12.844824672620518 ], [ 33.920025657058488, -12.844600683874432 ], [ 33.919510260989796, -12.844457821171488 ], [ 33.919075971179154, -12.844287547132524 ], [ 33.918501667717862, -12.844099678757118 ], [ 33.917881390913521, -12.843939095812573 ], [ 33.917179399909458, -12.843796879722163 ], [ 33.916172044104599, -12.843619560394359 ], [ 33.915858549432585, -12.843566402367514 ], [ 33.915192430586274, -12.843469264794692 ], [ 33.914585023080406, -12.84336287859395 ], [ 33.913872929991783, -12.843293022854652 ], [ 33.913313042662821, -12.843267845434696 ], [ 33.912554334115271, -12.843207189759937 ], [ 33.911866625244613, -12.843191494791597 ], [ 33.911131627322789, -12.843157878133525 ], [ 33.91032623586716, -12.843088336257665 ], [ 33.909718125091445, -12.84294577392825 ], [ 33.909225676124095, -12.842775685149718 ], [ 33.908593215304677, -12.842587995739393 ], [ 33.908019052137604, -12.842436271116981 ], [ 33.907527951253996, -12.842320424947616 ], [ 33.906989658446037, -12.842213782440069 ], [ 33.906405260094743, -12.842098256429324 ], [ 33.905739212294861, -12.842019177243174 ], [ 33.905003285373368, -12.841886085674275 ], [ 33.904489408259622, -12.841842646620819 ], [ 33.903964686221343, -12.841826369791079 ], [ 33.903381732181231, -12.841792208143829 ], [ 33.902751553841199, -12.841758206575946 ], [ 33.902284999053506, -12.841741725600116 ], [ 33.897764841873993, -12.841811464427508 ], [ 33.897265877318432, -12.841912629164483 ], [ 33.896638482380126, -12.842014230971927 ], [ 33.896149753908048, -12.84207919080194 ], [ 33.895626439308785, -12.842135226659309 ], [ 33.895136942815725, -12.842145936685597 ], [ 33.894624313960946, -12.842129599601321 ], [ 33.894063755737761, -12.842077257259575 ], [ 33.893573364419296, -12.841997550346605 ], [ 33.892838208216801, -12.841918672608585 ], [ 33.892416990951403, -12.841856810943 ], [ 33.891810359560509, -12.841804619687423 ], [ 33.891238253142944, -12.841743268836751 ], [ 33.890689151383299, -12.841672797061904 ], [ 33.890046015611176, -12.841557432929164 ], [ 33.889508399992735, -12.841477877102307 ], [ 33.888901035654328, -12.841380473330162 ], [ 33.888328196289251, -12.841273908164283 ], [ 33.887814225646025, -12.841203311383651 ], [ 33.887288035014876, -12.841096587037839 ], [ 33.886715227126103, -12.84099906005855 ], [ 33.886026116212349, -12.840910966967499 ], [ 33.88520857671449, -12.840823303752416 ], [ 33.884484975900989, -12.840753406644353 ], [ 33.883796569156402, -12.840701471695525 ], [ 33.88329488415161, -12.840685076155296 ], [ 33.882688194304762, -12.84061477974825 ], [ 33.882057316292162, -12.840544564280151 ], [ 33.881484510202029, -12.840447025609706 ], [ 33.880960366427814, -12.840430701115906 ], [ 33.880366021574673, -12.840432693114224 ], [ 33.879841395763833, -12.840443492173392 ], [ 33.879198905704982, -12.840346182830046 ], [ 33.878720101251702, -12.840284491136288 ], [ 33.87819461568904, -12.840213914140804 ], [ 33.877656304894629, -12.840098167796157 ], [ 33.877059795373327, -12.83997357392127 ], [ 33.876521421626364, -12.839839743109621 ], [ 33.87601827342462, -12.839732918039715 ], [ 33.875480507619386, -12.8396081254146 ], [ 33.874965109752054, -12.839456130096266 ], [ 33.874426100184451, -12.839304212119657 ], [ 33.873817312219217, -12.839125399917236 ], [ 33.873361516021191, -12.839054581004063 ], [ 33.872894232782642, -12.838992839847663 ], [ 33.87238027023335, -12.838922211590727 ], [ 33.871818988955226, -12.838824613565009 ], [ 33.871165047828754, -12.838745406675116 ], [ 33.870489254975212, -12.838675310816882 ], [ 33.869752353188574, -12.838587332839097 ], [ 33.869120750322395, -12.838471877874838 ], [ 33.868664161821641, -12.838337760179456 ], [ 33.868135820911448, -12.838104416685439 ], [ 33.867596754686531, -12.837934400751919 ], [ 33.867057752313485, -12.837782468386138 ], [ 33.866556648270773, -12.837766036873063 ], [ 33.866082078725015, -12.837930355601372 ], [ 33.865586089126737, -12.838230373033241 ], [ 33.865253718584313, -12.838547934439589 ], [ 33.864828779924323, -12.838911007836714 ], [ 33.864356491958574, -12.83923807058045 ], [ 33.863857545389465, -12.839348214148742 ], [ 33.863238096860755, -12.83925078879281 ], [ 33.862584857205434, -12.839207724756648 ], [ 33.861989084228924, -12.839128302928771 ], [ 33.861439930308563, -12.83903968463369 ], [ 33.860855584117985, -12.838933097884137 ], [ 33.860306461673929, -12.83885351867491 ], [ 33.859723575082967, -12.838837342569263 ], [ 33.859173753865718, -12.838721597123936 ], [ 33.858739538698785, -12.838560262346164 ], [ 33.858247125704338, -12.838390073742858 ], [ 33.857789237683221, -12.838210730940432 ], [ 33.857051304374238, -12.83798709203063 ], [ 33.856478480297653, -12.837880455818322 ], [ 33.855870373119274, -12.837728724900671 ], [ 33.855238138928996, -12.837595154892426 ], [ 33.854549012726807, -12.837497936380601 ], [ 33.853930179334384, -12.837409527627528 ], [ 33.853369604024067, -12.837348056267729 ], [ 33.852832003694061, -12.837268423998523 ], [ 33.852211836607012, -12.83712576544167 ], [ 33.851787629095838, -12.836855883392275 ], [ 33.851268577283065, -12.836468762123616 ], [ 33.850853068914034, -12.836045137373162 ], [ 33.850331292155488, -12.835531435627217 ], [ 33.849995291049879, -12.834944797963999 ], [ 33.849704667936123, -12.834321843877945 ], [ 33.849541834887816, -12.833680394334692 ], [ 33.849366818723752, -12.833011856312055 ], [ 33.849355358662933, -12.832342790387429 ], [ 33.849300798593049, -12.831872785800385 ], [ 33.849163794073888, -12.831375922960433 ], [ 33.84905985942504, -12.830779490780856 ], [ 33.848970138561072, -12.830300557724513 ], [ 33.848810070028776, -12.829794726845137 ], [ 33.848614841601716, -12.829279965697822 ], [ 33.848452713621896, -12.828674679692654 ], [ 33.848291374347525, -12.828132684375817 ], [ 33.84807381035813, -12.827654164108367 ], [ 33.847925352972709, -12.827175419909679 ], [ 33.847766107320069, -12.826741919703807 ], [ 33.847501292051049, -12.826254508738543 ], [ 33.847164674909891, -12.825649783011045 ], [ 33.846889131628188, -12.825225699606278 ], [ 33.846543121068237, -12.824738549444476 ], [ 33.846139794915644, -12.824332958798948 ], [ 33.845678306908383, -12.823927556111755 ], [ 33.8452060890898, -12.823585479186477 ], [ 33.844595295636452, -12.823307140811835 ], [ 33.844031907246801, -12.823082900255599 ], [ 33.843492161134407, -12.822867625040828 ], [ 33.842836782891254, -12.822688886582796 ], [ 33.842180830880693, -12.822510148124763 ], [ 33.841608653416699, -12.822412517723478 ], [ 33.840931874906175, -12.822378514356899 ], [ 33.840453019191557, -12.822289625365897 ], [ 33.839996562891145, -12.822182579962032 ], [ 33.839400138805388, -12.822066937938814 ], [ 33.838886246403206, -12.822005283117278 ], [ 33.838408871871991, -12.822015846554052 ], [ 33.837931617849961, -12.822062577126189 ], [ 33.837398166991875, -12.822181820934247 ], [ 33.836946033732545, -12.822336973772281 ], [ 33.836459317943195, -12.822483192745096 ], [ 33.836019972144072, -12.822674471349728 ], [ 33.835521796293904, -12.822838808963809 ], [ 33.835011437328035, -12.822976058997881 ], [ 33.834500440742772, -12.823095226363534 ], [ 33.833885964565638, -12.823268971785581 ], [ 33.833295159444106, -12.823460726131543 ], [ 33.832738903577592, -12.823652368961632 ], [ 33.832217688895298, -12.823816774024863 ], [ 33.831753306869643, -12.823926745822632 ], [ 33.831113736909458, -12.824001103568037 ], [ 33.830566101044781, -12.8240118756475 ], [ 33.829936541438315, -12.823977695114479 ], [ 33.829411939909164, -12.823988390751595 ], [ 33.828911495968839, -12.823989969061756 ], [ 33.828410506140017, -12.824000589155844 ], [ 33.827919526664857, -12.823902672770089 ], [ 33.827438737407874, -12.823750472406346 ], [ 33.827015211582818, -12.823498628958532 ], [ 33.826614721891929, -12.823246711766274 ], [ 33.826176329374164, -12.822850242044979 ], [ 33.826029185898278, -12.822407646995259 ], [ 33.825926727036858, -12.821892574682522 ], [ 33.825846461644915, -12.821296056168023 ], [ 33.825826413058564, -12.820798809317523 ], [ 33.825840857069977, -12.820283370980746 ], [ 33.825832326101022, -12.8197860881574 ], [ 33.825777237229772, -12.819316078174438 ], [ 33.825674720811776, -12.818782922293963 ], [ 33.825550587389728, -12.818331211715986 ], [ 33.825343234302863, -12.817789343203572 ], [ 33.825077054762346, -12.817220531901967 ], [ 33.824775055224677, -12.81661566498093 ], [ 33.824546203844307, -12.816191408906377 ], [ 33.824271315269016, -12.815776337607872 ], [ 33.823972151293788, -12.815334217400164 ], [ 33.823708058180387, -12.814873902108843 ], [ 33.823386644078425, -12.814495142736575 ], [ 33.823063004154392, -12.813962678434791 ], [ 33.822787454577394, -12.813520480885416 ], [ 33.822534913255708, -12.813069171405118 ], [ 33.822293136818871, -12.81256357434944 ], [ 33.821994643737867, -12.812148574097364 ], [ 33.821628611571214, -12.811860371958574 ], [ 33.821205199960048, -12.811635643070417 ], [ 33.82072654569356, -12.811600967910294 ], [ 33.82027499519495, -12.81175608927208 ], [ 33.819591605768039, -12.811984267959531 ], [ 33.819063022040893, -12.811289678375886 ], [ 33.819079368118423, -12.81046680499901 ], [ 33.818914072726329, -12.809924797991016 ], [ 33.818761222152716, -12.809491257315642 ], [ 33.818468555779305, -12.809094318148198 ], [ 33.818001181709235, -12.80880642627551 ], [ 33.817591650234533, -12.808418892218072 ], [ 33.817135504200223, -12.808040542936681 ], [ 33.816972093787172, -12.80792990114395 ], [ 33.81674999181871, -12.807779520108738 ], [ 33.816375706573638, -12.807428041670732 ], [ 33.815977842003861, -12.807085678761041 ], [ 33.815650230673668, -12.80674309731603 ], [ 33.815368973999, -12.806309951443041 ], [ 33.815017605278285, -12.805741391052322 ], [ 33.814677841409321, -12.805199920939572 ], [ 33.814664785951152, -12.80472073427444 ], [ 33.815002365366922, -12.804403218733512 ], [ 33.815492202703069, -12.804338409090235 ], [ 33.815958773678517, -12.804201334424022 ], [ 33.81663442713716, -12.803900852941979 ], [ 33.817077352238073, -12.803573967364628 ], [ 33.817180669951995, -12.803112503639113 ], [ 33.81719069469483, -12.802470490220912 ], [ 33.817166118021987, -12.801991338629307 ], [ 33.817013158630402, -12.801521628120611 ], [ 33.816930482156067, -12.801060741759784 ], [ 33.816870285135622, -12.800427986862076 ], [ 33.816822472679007, -12.799885613829986 ], [ 33.81684117767827, -12.799614294663911 ], [ 33.816924648253973, -12.798890674964639 ], [ 33.816935226979183, -12.798420457238251 ], [ 33.816933451717489, -12.797868899430114 ], [ 33.816955402369956, -12.797353435912271 ], [ 33.817093836811182, -12.796711023195144 ], [ 33.817208896073737, -12.796141019392508 ], [ 33.817347853920353, -12.795661360583267 ], [ 33.817556508326277, -12.795009688446328 ], [ 33.817799855878718, -12.794403118209289 ], [ 33.818008631693033, -12.793968453381353 ], [ 33.818194286836899, -12.793506734248353 ], [ 33.818484564611026, -12.792990437058961 ], [ 33.818646725865733, -12.792564958805769 ], [ 33.818644919127792, -12.792004359213763 ], [ 33.818690299817547, -12.791434571248431 ], [ 33.818735854975785, -12.790919033986199 ], [ 33.818815957590402, -12.790403389704636 ], [ 33.819012980164928, -12.789896424780125 ], [ 33.819338696623618, -12.789479480193791 ], [ 33.81959402044771, -12.789017543424848 ], [ 33.819896186359983, -12.788618755251321 ], [ 33.820210325845892, -12.788183761271512 ], [ 33.820501002919002, -12.78779404995538 ], [ 33.820861233559128, -12.787367953867943 ], [ 33.82097688637424, -12.78680698915116 ], [ 33.821056311799396, -12.786083380243781 ], [ 33.82102024538807, -12.785613307308267 ], [ 33.820878398019715, -12.785016974953407 ], [ 33.820772171898284, -12.784574246804027 ], [ 33.820584758579798, -12.784131771364116 ], [ 33.820384699894021, -12.783517535305975 ], [ 33.820348087594198, -12.783056505952914 ], [ 33.820451853170539, -12.78255887239402 ], [ 33.820625979905117, -12.782097187435227 ], [ 33.820694620660277, -12.781599661794928 ], [ 33.820751454216293, -12.781011754289011 ], [ 33.820761940311343, -12.780514410311753 ], [ 33.820829878695974, -12.779799878261713 ], [ 33.82073441206353, -12.779122023262744 ], [ 33.820453756135976, -12.778688879188394 ], [ 33.820288541682885, -12.778164954848762 ], [ 33.820240670770374, -12.777604498248934 ], [ 33.820262382203225, -12.777016697762349 ], [ 33.820401267204772, -12.776518955385427 ], [ 33.820750348050183, -12.776210441158867 ], [ 33.821228526575283, -12.776118533143745 ], [ 33.821671320375174, -12.775945356992565 ], [ 33.822079215083761, -12.775663783756556 ], [ 33.822369466777502, -12.775147483869262 ], [ 33.822449706089117, -12.77467704940625 ], [ 33.822576398082333, -12.7739713756784 ], [ 33.822645091897527, -12.773491935404422 ], [ 33.822526661076608, -12.773013076092525 ], [ 33.822327358720656, -12.772453091636805 ], [ 33.822126957393209, -12.771730353273142 ], [ 33.82211342529439, -12.771106496267748 ], [ 33.822193694283612, -12.770645101789967 ], [ 33.822472657687058, -12.770201173944997 ], [ 33.822891971087643, -12.769892439384535 ], [ 33.823462738414719, -12.769592272665193 ], [ 33.824104155582347, -12.769418473283849 ], [ 33.824699171329769, -12.76931715386354 ], [ 33.825088564285863, -12.769248846756852 ], [ 33.825223971609034, -12.769225093862929 ], [ 33.825865104590946, -12.769141712320106 ], [ 33.826319767643213, -12.768905196917274 ], [ 33.826714998098737, -12.76845185856638 ], [ 33.8267955386832, -12.767900042652798 ], [ 33.826770804629007, -12.7673756839406 ], [ 33.826722699892741, -12.76692373324363 ], [ 33.826744484170661, -12.766363059007915 ], [ 33.826556354092531, -12.765875379145371 ], [ 33.826240301748555, -12.765532770720768 ], [ 33.825784477671561, -12.765054969011544 ], [ 33.825410071917361, -12.764649247964371 ], [ 33.825082302306441, -12.764243380327684 ], [ 33.824766018836726, -12.763828434934283 ], [ 33.824227225106426, -12.763151963991902 ], [ 33.823888267029929, -12.762845591950452 ], [ 33.823525615414894, -12.762512167402576 ], [ 33.823221544738544, -12.762133349574356 ], [ 33.823383652933273, -12.761698826839336 ], [ 33.823603763802737, -12.761218912622667 ], [ 33.823836022714318, -12.760757046000833 ], [ 33.824079621177646, -12.760240890005036 ], [ 33.824160284069933, -12.759725243025514 ], [ 33.824193823386281, -12.759236867986999 ], [ 33.824169300672736, -12.758775800862452 ], [ 33.82396993086769, -12.758369531228823 ], [ 33.823746955657555, -12.757963335339582 ], [ 33.823278768600346, -12.757395144570239 ], [ 33.822810788387244, -12.756890248985769 ], [ 33.822653739778332, -12.75677216080652 ], [ 33.822331760902102, -12.756530057915768 ], [ 33.822050700279647, -12.756142123660027 ], [ 33.821850840344041, -12.755582139204307 ], [ 33.821686244624516, -12.755067254849905 ], [ 33.821398811406084, -12.755022938058119 ], [ 33.821056141827512, -12.755168674994309 ], [ 33.820810088215069, -12.754744462986537 ], [ 33.820471086071791, -12.754420001981487 ], [ 33.820038359282933, -12.754131998592811 ], [ 33.8195711758691, -12.753871227575019 ], [ 33.819104255956688, -12.753691834410574 ], [ 33.818601669831253, -12.753521591847914 ], [ 33.818088494188714, -12.753459885765096 ], [ 33.817610559379887, -12.753615079072574 ], [ 33.817155971870648, -12.75386966185539 ], [ 33.816845112212206, -12.754060506087455 ], [ 33.815706473375087, -12.752852385629069 ], [ 33.815207483638517, -12.752365653651964 ], [ 33.814928420410354, -12.75169740161374 ], [ 33.814883013640213, -12.751001302967722 ], [ 33.815082748570035, -12.750268280856403 ], [ 33.815553504990305, -12.749670053630041 ], [ 33.816061539208704, -12.749207341645445 ], [ 33.816793208739625, -12.748825316834882 ], [ 33.817420299707123, -12.748506908267132 ], [ 33.81811840563995, -12.748251571852506 ], [ 33.818808541780811, -12.748204226144082 ], [ 33.819602016320061, -12.748066137941862 ], [ 33.820204775230252, -12.747702587004767 ], [ 33.820664720900197, -12.747149595677229 ], [ 33.821030736879038, -12.746569768579889 ], [ 33.821418249352803, -12.745872328145367 ], [ 33.821748480408075, -12.745265486313087 ], [ 33.821843588211095, -12.744587036862242 ], [ 33.821926372604082, -12.743836290012723 ], [ 33.822220127157209, -12.743166265410764 ] ] ] ] } },
{ "type": "Feature", "properties": { "SitRecID": 6664, "Country": "Malawi", "ISO3": "MWI", "NatName": "Nyika National Park (Malawi)", "IntName": "Nyika National Park (Malawi)", "SitLat": -10.568284647900001, "SitLong": 33.849544647599998, "IbaStatus": "confirmed", "AzeStatus": "confirmed", "AddedDate": "2005-12-05", "ChangeDate": "2018-11-21", "Source": "Engelbrektsson, P. 2016. Myosorex gnoskei.The IUCN Red List of Threatened Species 2016: e.T45954382A45973051.http://dx.doi.org/10.2305/IUCN.UK.2016-1.RLTS.T45954382A45973051.Ngatunga (2003)Description of Lake Nyasa (Tanzania) priority conservation areas.", "DelTxt": "Based on existing KBA", "DelGeom": "3. draft polygon", "Shape_Leng": 2.4836237031300001, "Shape_Area": 0.25752396967000002, "GISArea": 311750.0, "KBA_Qual": "Global", "LegacyKBA": "confirmed", "Trigger Ecosystems": null }, "geometry": { "type": "MultiPolygon", "coordinates": [ [ [ [ 33.665039609290602, -10.528149482912283 ], [ 33.66487960730808, -10.525429447411 ], [ 33.66370960281597, -10.523719587988523 ], [ 33.663189463722802, -10.52295953405519 ], [ 33.662719490612062, -10.522209512958625 ], [ 33.662309540053286, -10.521469524698773 ], [ 33.661139535561176, -10.519519575967593 ], [ 33.660679595287149, -10.518769554871028 ], [ 33.659979563905779, -10.517969544059156 ], [ 33.659689483083241, -10.516699560136544 ], [ 33.660039585558479, -10.516069585043283 ], [ 33.661019489557873, -10.514159592291321 ], [ 33.661419582647682, -10.513359580580129 ], [ 33.661999568925012, -10.512569604403666 ], [ 33.662219592560177, -10.511229564193002 ], [ 33.662279616910837, -10.51036952992979 ], [ 33.662219592560177, -10.509499463729242 ], [ 33.662099548355513, -10.508689595448402 ], [ 33.661869490084939, -10.5069795615575 ], [ 33.661799610064008, -10.505819589902103 ], [ 33.661739588411308, -10.503979478070391 ], [ 33.661909446963477, -10.5027695166998 ], [ 33.662429586056589, -10.501619577881172 ], [ 33.662779513164026, -10.500989602787911 ], [ 33.663239453438052, -10.500059513135966 ], [ 33.663639547427238, -10.499369514591365 ], [ 33.664099486801945, -10.498339446408295 ], [ 33.664279555357268, -10.497469555575492 ], [ 33.664569459912684, -10.495969513382306 ], [ 33.66618954810923, -10.493609437825228 ], [ 33.666769532587921, -10.492689557277174 ], [ 33.667339486028482, -10.491879513628589 ], [ 33.66779960256963, -10.491299527351259 ], [ 33.668319565395677, -10.490779565424532 ], [ 33.668849561957757, -10.490199579147202 ], [ 33.669889487609794, -10.488759560405356 ], [ 33.67035946072059, -10.487949515857451 ], [ 33.671979548917079, -10.485469570564192 ], [ 33.672329476024572, -10.484829561734841 ], [ 33.672849615117684, -10.48419958664158 ], [ 33.673539613662285, -10.48355957781223 ], [ 33.675449606414247, -10.481709609410927 ], [ 33.676029591792258, -10.481129445967099 ], [ 33.677129540895635, -10.480149542867082 ], [ 33.67799960709624, -10.47934953205521 ], [ 33.6792196013036, -10.47881953639245 ], [ 33.680029469584383, -10.478589478121876 ], [ 33.681479522062318, -10.478009492743865 ], [ 33.682179553443689, -10.477659564737053 ], [ 33.683049444276492, -10.477259471647244 ], [ 33.683689452206522, -10.476789499435824 ], [ 33.684379450751123, -10.476169556279956 ], [ 33.684549485570358, -10.475409501447302 ], [ 33.684789577577021, -10.474079494972671 ], [ 33.685119614378777, -10.47102959713817 ], [ 33.685809612923322, -10.468729544133112 ], [ 33.686569490589591, -10.467689442213953 ], [ 33.687249456297423, -10.466939597384453 ], [ 33.689059469618883, -10.465549566559218 ], [ 33.689809490715504, -10.465029604632491 ], [ 33.691959574574753, -10.463239481616711 ], [ 33.692639539383265, -10.462489461419466 ], [ 33.694109482166937, -10.461039584309333 ], [ 33.694669578138587, -10.460459598032003 ], [ 33.695949594897911, -10.4590195792901 ], [ 33.696929497997985, -10.457859607634759 ], [ 33.697979457386111, -10.456769516000293 ], [ 33.698549586194474, -10.455789612900276 ], [ 33.699599544683281, -10.45416952470373 ], [ 33.700469611783205, -10.453249468787931 ], [ 33.701269446327956, -10.452089497132533 ], [ 33.701739595705817, -10.450999581765245 ], [ 33.702369570799078, -10.449389526405469 ], [ 33.702769489420461, -10.448289578201411 ], [ 33.702769489420461, -10.447489567389596 ], [ 33.702419561413706, -10.446279606018948 ], [ 33.70194958740359, -10.444379470735953 ], [ 33.702059599670861, -10.443409599573329 ], [ 33.702059599670861, -10.442369498553489 ], [ 33.701769518848266, -10.441739522560852 ], [ 33.701229489449418, -10.439599472437635 ], [ 33.701059454630183, -10.438339521351793 ], [ 33.700999607445965, -10.436839479158607 ], [ 33.701059454630183, -10.436089458961305 ], [ 33.700879562341981, -10.434599449604889 ], [ 33.700869528605892, -10.433629579341584 ], [ 33.70085949576918, -10.43085955322573 ], [ 33.700809506053929, -10.429359511032544 ], [ 33.70073944976582, -10.42860948993598 ], [ 33.700629613765727, -10.427589454589622 ], [ 33.700619580928958, -10.426549528937585 ], [ 33.701369602025579, -10.425449579834208 ], [ 33.702189502243812, -10.424519490182263 ], [ 33.703289451347132, -10.42325953999574 ], [ 33.703869612992321, -10.42256954055182 ], [ 33.704559612436242, -10.42203954488906 ], [ 33.705839452928444, -10.420259455609369 ], [ 33.705709548556854, -10.418869601950519 ], [ 33.7061694897302, -10.417949545135343 ], [ 33.706579616556098, -10.417379592594102 ], [ 33.706989567114874, -10.416629570598161 ], [ 33.706519594004135, -10.414729611582288 ], [ 33.706219479445451, -10.413979591384987 ], [ 33.705119531241451, -10.412779486583986 ], [ 33.704699546946586, -10.411859606935252 ], [ 33.704119561568575, -10.411049563286667 ], [ 33.703829480745981, -10.410309575026815 ], [ 33.703069602180449, -10.408119534289028 ], [ 33.703299484183901, -10.406979452939368 ], [ 33.703819447009948, -10.405759458732007 ], [ 33.70433958610306, -10.405259561579442 ], [ 33.705499557758458, -10.404369605073157 ], [ 33.705959498032485, -10.403679607427875 ], [ 33.705949465195715, -10.40108947360028 ], [ 33.70611950001495, -10.400229440236444 ], [ 33.705829594560214, -10.39815944640128 ], [ 33.70506954242552, -10.397289554669157 ], [ 33.706049444626217, -10.395679500208701 ], [ 33.706979533378842, -10.395339605038714 ], [ 33.709059561849358, -10.393419578550663 ], [ 33.709649580963458, -10.392739438374349 ], [ 33.710859541434729, -10.391229539611516 ], [ 33.71096955460132, -10.389569495435808 ], [ 33.711079566868591, -10.387599479232506 ], [ 33.71160956343067, -10.386799468420691 ], [ 33.712529619346526, -10.386049447324069 ], [ 33.713169451908755, -10.384949499120069 ], [ 33.713679557265834, -10.382589598930792 ], [ 33.713789570432368, -10.379369490009935 ], [ 33.713959605251659, -10.378559446361294 ], [ 33.714249510706395, -10.376719509897441 ], [ 33.714239476970363, -10.375119488273697 ], [ 33.714529557792901, -10.373889460330304 ], [ 33.714759616063475, -10.373089450417751 ], [ 33.71753949964824, -10.369739438024624 ], [ 33.718459555564095, -10.368869547191821 ], [ 33.721129602249391, -10.366219567079327 ], [ 33.721939471429494, -10.365359533715434 ], [ 33.724599484378757, -10.362519451311584 ], [ 33.725109589735837, -10.362059511037558 ], [ 33.725649619134686, -10.361599570763531 ], [ 33.727269531064053, -10.360209541736936 ], [ 33.728079574712638, -10.359339474637011 ], [ 33.729579616905824, -10.358079523551112 ], [ 33.730919480849423, -10.356739484239768 ], [ 33.729639463190722, -10.355479533153868 ], [ 33.729229514430585, -10.354849557161288 ], [ 33.72881956297249, -10.353879512429501 ], [ 33.729039588406351, -10.353129490433616 ], [ 33.729269470409804, -10.352439491889015 ], [ 33.729739618888345, -10.351449555952172 ], [ 33.730199559162372, -10.350929593126182 ], [ 33.73076951170367, -10.350409454033013 ], [ 33.73187949364376, -10.350639512303587 ], [ 33.734089600055029, -10.350399596564102 ], [ 33.735189549158406, -10.350159504557439 ], [ 33.736119463442549, -10.349759588634072 ], [ 33.736989528743834, -10.348949544086167 ], [ 33.737449469017861, -10.34842958126012 ], [ 33.738839498943776, -10.346869517414234 ], [ 33.739299614585605, -10.34611949541835 ], [ 33.739989613130206, -10.344669442940415 ], [ 33.740399563688982, -10.343869608395664 ], [ 33.740749491695738, -10.343169577014294 ], [ 33.741669547611593, -10.340879556846005 ], [ 33.741899605882168, -10.339779608642004 ], [ 33.742239500152834, -10.338619460719485 ], [ 33.742469558423409, -10.337639557619468 ], [ 33.74263959414202, -10.336779524255576 ], [ 33.743049544700796, -10.335689608888288 ], [ 33.743679519794057, -10.334769552073112 ], [ 33.745349596806477, -10.333139607306975 ], [ 33.745999463104795, -10.332629501949896 ], [ 33.746529458767554, -10.332149495103067 ], [ 33.747039565023954, -10.331579542561769 ], [ 33.74738949213139, -10.330949566569188 ], [ 33.748139513228011, -10.328879572734024 ], [ 33.748369570599266, -10.327839470814865 ], [ 33.74853960721714, -10.326049523166887 ], [ 33.748989513755134, -10.323009482801353 ], [ 33.748989513755134, -10.321909533697976 ], [ 33.748749598914912, -10.320079454703034 ], [ 33.748629552911609, -10.317649499125025 ], [ 33.74925952890419, -10.314599601290524 ], [ 33.749419530886712, -10.312469583104757 ], [ 33.750459457438069, -10.31027954326629 ], [ 33.750579503441372, -10.309539555006438 ], [ 33.750339586802568, -10.308839523625068 ], [ 33.750049505979973, -10.308209549431126 ], [ 33.748599454401358, -10.307589606275258 ], [ 33.747729562669235, -10.307129489734109 ], [ 33.747429449009928, -10.306199576349343 ], [ 33.748299516109853, -10.304709566992869 ], [ 33.748469550929087, -10.303099513431732 ], [ 33.748349505825104, -10.302349491435848 ], [ 33.748229459821744, -10.301659493790567 ], [ 33.748989513755134, -10.30061956723921 ], [ 33.749499443744412, -10.299349583316598 ], [ 33.749619489747715, -10.298549573404046 ], [ 33.748859611182183, -10.296879494592929 ], [ 33.749029470633616, -10.296069451843664 ], [ 33.750009550000811, -10.295089548743647 ], [ 33.750189617656758, -10.294339527647026 ], [ 33.749489586275445, -10.293709551654445 ], [ 33.74860948723807, -10.292629493756067 ], [ 33.748859611182183, -10.291829482944252 ], [ 33.74917961514717, -10.289859467640269 ], [ 33.746969508735901, -10.288539493103087 ], [ 33.744879447428616, -10.286999494930683 ], [ 33.744239615765707, -10.286489564941405 ], [ 33.742839552103703, -10.285219581018794 ], [ 33.742489448729145, -10.283219466305297 ], [ 33.741089562233583, -10.282349574573175 ], [ 33.739229559196872, -10.281499574945371 ], [ 33.738999500926298, -10.280589551866285 ], [ 33.738649573818805, -10.279259545391653 ], [ 33.737299499872051, -10.275759563852716 ], [ 33.736779537046061, -10.275129588759455 ], [ 33.735729578557255, -10.273809438854471 ], [ 33.735319451731357, -10.272899592042506 ], [ 33.734789455169278, -10.272029524942582 ], [ 33.733979587787815, -10.271049445575386 ], [ 33.732929453031886, -10.270409437645412 ], [ 33.730899591443062, -10.270029585596831 ], [ 33.730839567991723, -10.269099496844262 ], [ 33.731419553369733, -10.268469521751001 ], [ 33.732099518178245, -10.267029502109779 ], [ 33.732099518178245, -10.266159611276976 ], [ 33.731929483359011, -10.265129543093906 ], [ 33.731049559689495, -10.263359485751607 ], [ 33.731049559689495, -10.261689585006309 ], [ 33.731039525953406, -10.260479447368539 ], [ 33.730699455415561, -10.259779592254347 ], [ 33.729939577749349, -10.259039603994495 ], [ 33.729349558635249, -10.258639510904686 ], [ 33.727959528709334, -10.257489572086058 ], [ 33.727949495872565, -10.255659493091059 ], [ 33.72893960807653, -10.254209440613124 ], [ 33.72893960807653, -10.25328956006507 ], [ 33.728709549805956, -10.252489549253255 ], [ 33.728119531591176, -10.251059563348122 ], [ 33.728519448413863, -10.250349498230719 ], [ 33.730429617432947, -10.247649528402974 ], [ 33.731179462262446, -10.246949497021603 ], [ 33.731239484814409, -10.245969593921586 ], [ 33.730189526325603, -10.243559528649257 ], [ 33.730989536238155, -10.24142951136281 ], [ 33.731509499963522, -10.240729479981496 ], [ 33.732489578431341, -10.23894956606955 ], [ 33.732839506438097, -10.238249534688237 ], [ 33.733649550086739, -10.236759525331763 ], [ 33.734119523197478, -10.236179539953753 ], [ 33.735609532553951, -10.234269547201791 ], [ 33.736539445938718, -10.233229445282632 ], [ 33.738269546402478, -10.230819555378105 ], [ 33.73861947440929, -10.230119523996791 ], [ 33.738849531780545, -10.229309480348206 ], [ 33.738439581221769, -10.228219564980918 ], [ 33.738559450957951, -10.227359531617026 ], [ 33.739249450401871, -10.22521948059449 ], [ 33.739829611147684, -10.224639495216479 ], [ 33.740519609692285, -10.224009519223898 ], [ 33.741909463351078, -10.221939523590095 ], [ 33.743229612356799, -10.219169498373617 ], [ 33.743639562915575, -10.218419477276996 ], [ 33.74438958401214, -10.216749577431017 ], [ 33.744789501734147, -10.215939531983793 ], [ 33.744609609445945, -10.214099596419203 ], [ 33.744439573727391, -10.213169505867938 ], [ 33.743969600616651, -10.211799543414145 ], [ 33.743959567779882, -10.208919504131757 ], [ 33.74510950569919, -10.205979443196725 ], [ 33.745459609973068, -10.205349467204087 ], [ 33.746729593895679, -10.203909447562921 ], [ 33.747189534169706, -10.203379451900162 ], [ 33.747769520447036, -10.201539515436252 ], [ 33.748129480391242, -10.200729471787668 ], [ 33.748399494641035, -10.199409498149748 ], [ 33.748629552911609, -10.198599453601844 ], [ 33.749029470633616, -10.197219457411961 ], [ 33.749949527448791, -10.19536948721202 ], [ 33.750649557930785, -10.194549586993787 ], [ 33.752039587856757, -10.193469528196147 ], [ 33.752789608953321, -10.19288954191876 ], [ 33.753429617782672, -10.192309557440069 ], [ 33.75451953314996, -10.189939448146959 ], [ 33.754829504278234, -10.188969577883654 ], [ 33.75457955570198, -10.188039488231766 ], [ 33.753649466050092, -10.186499490059362 ], [ 33.75276954238052, -10.186329454340807 ], [ 33.75212953355117, -10.185299562424802 ], [ 33.75224957955453, -10.184599530144169 ], [ 33.754039526303131, -10.18158958918815 ], [ 33.755129617937541, -10.179469604738415 ], [ 33.755359499940994, -10.178659560190511 ], [ 33.755359499940994, -10.176639555171278 ], [ 33.755119585100829, -10.173659537357707 ], [ 33.754939517444825, -10.171589542623224 ], [ 33.754179462612171, -10.170039510714787 ], [ 33.75463957915332, -10.16905960761477 ], [ 33.756319513634708, -10.168819517406746 ], [ 33.757189579835313, -10.168699471403443 ], [ 33.758349550591333, -10.16840956594865 ], [ 33.758929536868663, -10.167659544852086 ], [ 33.759049582872024, -10.166849501203444 ], [ 33.758469596594637, -10.165479537850331 ], [ 33.758109460383366, -10.164669494201746 ], [ 33.757519618435708, -10.16316945200856 ], [ 33.756359469613869, -10.16185951120741 ], [ 33.75646948188114, -10.16075956300341 ], [ 33.769369457134815, -10.164569514771244 ], [ 33.781739612093475, -10.16842945625433 ], [ 33.785749522722369, -10.169619527319298 ], [ 33.789049545400246, -10.170459495009652 ], [ 33.789919611600851, -10.17079956644676 ], [ 33.792709528022328, -10.171139459818164 ], [ 33.79339952656693, -10.171309494637399 ], [ 33.796079606088995, -10.171749544605746 ], [ 33.797009518574498, -10.171749544605746 ], [ 33.799799612162417, -10.172139604858842 ], [ 33.80066950299522, -10.172309464310274 ], [ 33.803399572232536, -10.172359454025525 ], [ 33.804379475332553, -10.172409443740776 ], [ 33.806759616563113, -10.172869560281924 ], [ 33.807519496027965, -10.172869560281924 ], [ 33.80902957105792, -10.173139575431037 ], [ 33.809779592154484, -10.173249586798931 ], [ 33.810599493272036, -10.173539492253724 ], [ 33.816989545131435, -10.180299538692736 ], [ 33.82750955542167, -10.18105959262607 ], [ 33.831339572863044, -10.181379596591057 ], [ 33.833589459885729, -10.181429586306308 ], [ 33.834239501551792, -10.181769480577032 ], [ 33.835699587765816, -10.183089455114214 ], [ 33.836109537425273, -10.183669439592904 ], [ 33.837099474261379, -10.184869544393905 ], [ 33.837799505642749, -10.185039580112459 ], [ 33.839759488109962, -10.184689476737901 ], [ 33.841559467695333, -10.183349612794359 ], [ 33.84304947705175, -10.183569461061722 ], [ 33.844059479561395, -10.183459448794451 ], [ 33.844569584918474, -10.182879463416441 ], [ 33.845669534021852, -10.181779514313064 ], [ 33.847699571877797, -10.181259550587754 ], [ 33.848339580707147, -10.181539598573579 ], [ 33.849619598365848, -10.182219564281411 ], [ 33.850199583743859, -10.182679504555438 ], [ 33.851249543131985, -10.183819585905098 ], [ 33.851949575412618, -10.18411952419666 ], [ 33.852939509550765, -10.184389538446396 ], [ 33.853739521261957, -10.184279526179125 ], [ 33.85438956292802, -10.183529505082561 ], [ 33.855129551187872, -10.182659437982636 ], [ 33.855829582569243, -10.181749591170671 ], [ 33.856169476839909, -10.180929513785998 ], [ 33.877669611263627, -10.18698952884364 ], [ 33.889339558573795, -10.190389530952018 ], [ 33.905199485068238, -10.194689522403507 ], [ 33.924949451556017, -10.200279564350353 ], [ 33.926339482381252, -10.202229513081534 ], [ 33.926359548954053, -10.203389484736874 ], [ 33.926479594058094, -10.204709458374737 ], [ 33.92804951627221, -10.205509469186609 ], [ 33.929269509580251, -10.207119523647066 ], [ 33.930149610416265, -10.208549509552199 ], [ 33.931769522345633, -10.209289497812051 ], [ 33.932359540560412, -10.209799604068451 ], [ 33.932819481733759, -10.210439612897744 ], [ 33.933469523399822, -10.211359493445798 ], [ 33.933929462774529, -10.21221952680969 ], [ 33.934869586162506, -10.21324959499276 ], [ 33.935859522099292, -10.2150794986199 ], [ 33.937779547688024, -10.215709474612538 ], [ 33.938469546232625, -10.215879509431772 ], [ 33.939629517887965, -10.216329592236832 ], [ 33.939929455280208, -10.217079437965651 ], [ 33.940219536102745, -10.218569446422748 ], [ 33.941389540594855, -10.21937949007139 ], [ 33.942309597410031, -10.219189564946419 ], [ 33.943069475975562, -10.236279519384254 ], [ 33.94364946135363, -10.251699571278152 ], [ 33.956919606554663, -10.262109568401797 ], [ 33.978399498138401, -10.278389478291729 ], [ 33.997319531571179, -10.293029586845932 ], [ 34.005239550564852, -10.29943952991033 ], [ 34.006169463949675, -10.299659554444816 ], [ 34.011639459893217, -10.30411954877809 ], [ 34.013619508033912, -10.306129520061234 ], [ 34.020889485361522, -10.309029449649358 ], [ 34.032459453241245, -10.314819449557888 ], [ 34.040949600143961, -10.318589445346561 ], [ 34.047989518301677, -10.321599562569702 ], [ 34.048989487974552, -10.32441957840075 ], [ 34.04933959134911, -10.325279611764643 ], [ 34.050219515018682, -10.328669580136989 ], [ 34.051979538624835, -10.330959600305277 ], [ 34.053019464276929, -10.331819457401991 ], [ 34.054199503404391, -10.333199453591874 ], [ 34.054489583327666, -10.334039598448669 ], [ 34.054949523601692, -10.335439484044912 ], [ 34.054949523601692, -10.336359540860087 ], [ 34.055199472177947, -10.338309489591211 ], [ 34.055509618674023, -10.34129954114087 ], [ 34.055739500677475, -10.342909595601327 ], [ 34.055859546680779, -10.343599593246608 ], [ 34.055979592684082, -10.344519473794605 ], [ 34.055919569232799, -10.345789457717274 ], [ 34.056109495257033, -10.348489603812141 ], [ 34.056349586364377, -10.349179602356742 ], [ 34.056529478652578, -10.351249597091169 ], [ 34.056709547207902, -10.352799452732484 ], [ 34.056879582027136, -10.353609497280445 ], [ 34.056999451763318, -10.354409507192941 ], [ 34.057059475214658, -10.355219551740902 ], [ 34.075459545821445, -10.353099567291167 ], [ 34.075869496380221, -10.353099567291167 ], [ 34.075729560071181, -10.36334956243229 ], [ 34.075359566390944, -10.372609443570923 ], [ 34.075679570355931, -10.380089587964051 ], [ 34.075979508647436, -10.380889598775923 ], [ 34.076999543993793, -10.390379539084392 ], [ 34.078369507346963, -10.398429459751696 ], [ 34.079679448148056, -10.40457959677093 ], [ 34.081229480056493, -10.416479602351728 ], [ 34.083069592787524, -10.426879565739341 ], [ 34.085019542418024, -10.436029611777087 ], [ 34.086689619430445, -10.444989556422854 ], [ 34.088629535324856, -10.451709469716207 ], [ 34.091569596259887, -10.460899471733171 ], [ 34.094619494094445, -10.46864945500829 ], [ 34.095089467205185, -10.469449465820162 ], [ 34.097619577581497, -10.477209481931993 ], [ 34.100439594311865, -10.485539450585122 ], [ 34.103969498993251, -10.495919523667055 ], [ 34.108309446423846, -10.507169487581734 ], [ 34.108749496392193, -10.515579545359685 ], [ 34.110729545432207, -10.527599596044467 ], [ 34.11210954162209, -10.539509459094234 ], [ 34.112949509312443, -10.546459606925282 ], [ 34.109929534620392, -10.547909483136095 ], [ 34.108389536447987, -10.56908961359477 ], [ 34.106139473158237, -10.570539489805583 ], [ 34.103469601840686, -10.573029467935555 ], [ 34.098899596139518, -10.576279500898181 ], [ 34.09367954787291, -10.57923945213895 ], [ 34.093099561595523, -10.580049496686854 ], [ 34.092639445953694, -10.58096955260271 ], [ 34.092179505679667, -10.581829585966545 ], [ 34.091429484583102, -10.58350952044799 ], [ 34.091039600597128, -10.58460946955131 ], [ 34.08998946494188, -10.586669606816827 ], [ 34.089419512400639, -10.587889601923564 ], [ 34.089009561841863, -10.588639446753007 ], [ 34.088029483373987, -10.59071947432426 ], [ 34.087399507381406, -10.592159493965426 ], [ 34.086879544555416, -10.593139572433302 ], [ 34.085489514629444, -10.59544948290727 ], [ 34.084979586438806, -10.5965995970937 ], [ 34.0834795433463, -10.599429470393716 ], [ 34.083029459641921, -10.600299536594264 ], [ 34.081689595698322, -10.603529502984145 ], [ 34.081119467789279, -10.604849476622007 ], [ 34.079789460415327, -10.607799571293128 ], [ 34.07926949758928, -10.608649571820251 ], [ 34.078639521596699, -10.610619587124177 ], [ 34.078239604774012, -10.611599490224251 ], [ 34.077319548858156, -10.613269568135991 ], [ 34.07684957484804, -10.614009554597203 ], [ 34.076159577202759, -10.615059514884649 ], [ 34.074829569828864, -10.617139541556526 ], [ 34.074199594735546, -10.618349503826494 ], [ 34.073329527635622, -10.619219570926418 ], [ 34.072569473702288, -10.619739533752409 ], [ 34.071819452605723, -10.620259496578456 ], [ 34.07036957639491, -10.620889471671717 ], [ 34.069049602756991, -10.621419468233853 ], [ 34.067579483706254, -10.622069509899916 ], [ 34.066249477231622, -10.622589472725963 ], [ 34.062709539713524, -10.623129502124755 ], [ 34.062249599439497, -10.624169604043971 ], [ 34.062259456908464, -10.625199496859238 ], [ 34.062319478561164, -10.626239598778398 ], [ 34.062319478561164, -10.627679442152498 ], [ 34.062329512297197, -10.629289496612955 ], [ 34.062329512297197, -10.630329599431434 ], [ 34.062229532866695, -10.63365954435244 ], [ 34.062179543151444, -10.634759492556498 ], [ 34.060089482743479, -10.635049573379035 ], [ 34.058629572796576, -10.635349511670597 ], [ 34.057299566322001, -10.635699439677353 ], [ 34.056089604951353, -10.635989519600628 ], [ 34.054909566723154, -10.636569505877958 ], [ 34.053759453436101, -10.637329560710612 ], [ 34.052659503433404, -10.637619465266084 ], [ 34.04992960956389, -10.638499565202721 ], [ 34.046629587785276, -10.639609547142868 ], [ 34.043889485711247, -10.639229519726484 ], [ 34.04161953211576, -10.638669600021956 ], [ 34.039359611357042, -10.638619610306705 ], [ 34.038479511420348, -10.638449574588151 ], [ 34.035739584714122, -10.637429539241793 ], [ 34.034809495961497, -10.637259504422559 ], [ 34.032489552650759, -10.637099502440037 ], [ 34.03033946879151, -10.636879477006232 ], [ 34.028939582295948, -10.636939499558196 ], [ 34.027029590443306, -10.637129601849608 ], [ 34.026039477340078, -10.637079612134357 ], [ 34.024409532573941, -10.637769609779639 ], [ 34.023259593755313, -10.639379488872294 ], [ 34.022049456117543, -10.641639584998813 ], [ 34.020839495646271, -10.644169520007324 ], [ 34.020319531920904, -10.644979563655909 ], [ 34.02008947544897, -10.64630957102986 ], [ 34.019629534275623, -10.647339463845128 ], [ 34.018409540068262, -10.649769594790939 ], [ 34.017599496419678, -10.650449559599451 ], [ 34.016159476778455, -10.65162959782765 ], [ 34.015519467949161, -10.652309562636162 ], [ 34.014129614290312, -10.654859564217475 ], [ 34.01343961574571, -10.656179537855337 ], [ 34.013039522655902, -10.657159440955411 ], [ 34.01240954756264, -10.658829518867151 ], [ 34.01240954756264, -10.660049513074512 ], [ 34.01410954771751, -10.66169952441345 ], [ 34.016319478760977, -10.664279448237892 ], [ 34.017079532694311, -10.66467954222702 ], [ 34.019579544560372, -10.66655961093727 ], [ 34.020809571604502, -10.668569583119734 ], [ 34.019949538240667, -10.671269552947479 ], [ 34.01891946915822, -10.673929566796005 ], [ 34.019209549980815, -10.67495945961133 ], [ 34.02066945992766, -10.676509492419086 ], [ 34.023239527182511, -10.678279547962745 ], [ 34.026439570429886, -10.680509544679694 ], [ 34.027899478578149, -10.682679518844679 ], [ 34.027499562654725, -10.683779467948057 ], [ 34.026399613551348, -10.684359453326067 ], [ 34.02546952389946, -10.68459954533273 ], [ 34.024069461136776, -10.684659567884694 ], [ 34.023139547751953, -10.684839460172896 ], [ 34.022789444377395, -10.68564950382148 ], [ 34.023899602584663, -10.687369571448528 ], [ 34.025079465445003, -10.688399464263796 ], [ 34.02496945137915, -10.689789493290448 ], [ 34.022759521234946, -10.690819562372837 ], [ 34.021009529566186, -10.690079574112985 ], [ 34.019209549980815, -10.691069510949148 ], [ 34.018989525446273, -10.692629575694298 ], [ 34.018299526901671, -10.694249487623722 ], [ 34.016799484708486, -10.697589466280817 ], [ 34.016109487063204, -10.698739579567871 ], [ 34.015189607414527, -10.70174952142321 ], [ 34.015009537959884, -10.702719567953636 ], [ 34.014549597685857, -10.70369947105371 ], [ 34.013799576589236, -10.704279456431721 ], [ 34.011249575907243, -10.7048094529938 ], [ 34.010139593967153, -10.704749605809639 ], [ 34.009089458311905, -10.704759463278549 ], [ 34.007819474389294, -10.704819485830569 ], [ 34.00624955307444, -10.705339448656559 ], [ 34.00514960397112, -10.705649596051956 ], [ 34.002999520111814, -10.706349451166204 ], [ 34.001839547557154, -10.707279540818092 ], [ 34.000969482255869, -10.707979572199463 ], [ 34.000099591423066, -10.708889595278549 ], [ 33.999579452329897, -10.710389462103933 ], [ 33.999579452329897, -10.711249494568449 ], [ 33.999599518902755, -10.713319490202252 ], [ 34.000069492013495, -10.715969470314747 ], [ 34.000189537117478, -10.716829503678582 ], [ 34.000779556231578, -10.719069534131677 ], [ 34.001019471971119, -10.720679588592077 ], [ 34.001139517075103, -10.721719514244114 ], [ 34.000629587085825, -10.724709565793773 ], [ 34.000059458277406, -10.727359545906268 ], [ 34.000479617940073, -10.730759548014703 ], [ 34.001879505334955, -10.735239608021459 ], [ 34.0039894560486, -10.738219449567907 ], [ 34.003359480955339, -10.738799611213039 ], [ 33.998779617785203, -10.741759563353128 ], [ 33.995589607374541, -10.744129496379117 ], [ 33.995179481447963, -10.744929506291612 ], [ 33.991929447586017, -10.746499604772907 ], [ 33.992229563043963, -10.747489540709694 ], [ 33.992809548421974, -10.748749491795536 ], [ 33.993459590088037, -10.750069465433455 ], [ 33.993809518094849, -10.750869476245271 ], [ 33.995229471163213, -10.752989460695005 ], [ 33.996209551429729, -10.756039534796628 ], [ 33.996219583367122, -10.758339587801686 ], [ 33.995819490277313, -10.759779607442908 ], [ 33.99553961855861, -10.760749476806836 ], [ 33.993919530362064, -10.76334946720408 ], [ 33.992059527325353, -10.765029577952589 ], [ 33.990149534573391, -10.766759502149284 ], [ 33.989799606566635, -10.768099542359948 ], [ 33.989809464035602, -10.769009565439035 ], [ 33.990109578594229, -10.771029569558948 ], [ 33.991279583086339, -10.773729541185332 ], [ 33.991629511093095, -10.774649597101188 ], [ 33.992219529307874, -10.775729479631707 ], [ 33.993569602355308, -10.778659507730026 ], [ 33.992709568991472, -10.784129504572945 ], [ 33.98594952255246, -10.793019568298405 ], [ 33.979369544668828, -10.805949466694472 ], [ 33.973369552163149, -10.821679490615963 ], [ 33.968479541597617, -10.834769567261674 ], [ 33.964279528677366, -10.846119510606854 ], [ 33.961589591686334, -10.855459481769628 ], [ 33.957779463651377, -10.865379438310356 ], [ 33.954679576101626, -10.874759541719413 ], [ 33.950529553795946, -10.886929562449325 ], [ 33.947599525697626, -10.895579535067441 ], [ 33.946909527153025, -10.897129566975877 ], [ 33.944319569592494, -10.904859483678194 ], [ 33.943279467673335, -10.907459474075438 ], [ 33.942879549951328, -10.908599555425099 ], [ 33.94172961203202, -10.911659486995688 ], [ 33.940859544932096, -10.913969572837459 ], [ 33.940569464109558, -10.915049455368035 ], [ 33.939769453297686, -10.916839578383815 ], [ 33.939299480186889, -10.918109562306427 ], [ 33.938499469375074, -10.920189589877623 ], [ 33.937869494281813, -10.921159460140927 ], [ 33.936069513797065, -10.92370946172224 ], [ 33.933329587090839, -10.924629517638095 ], [ 33.932409531174983, -10.925209503016106 ], [ 33.92740950744286, -10.925249459894587 ], [ 33.923919559640012, -10.923889529378243 ], [ 33.922279582037106, -10.924299479937019 ], [ 33.921409514937238, -10.924529538207594 ], [ 33.91955954563656, -10.92602958040078 ], [ 33.918869547091958, -10.927069506052817 ], [ 33.918169515710645, -10.927999595704705 ], [ 33.917299450409359, -10.92908951107205 ], [ 33.916429558677237, -10.9301394695608 ], [ 33.915619515028652, -10.930829469004721 ], [ 33.914859460195999, -10.931239594931299 ], [ 33.913819535443281, -10.931819581208686 ], [ 33.912769575155835, -10.932219498031372 ], [ 33.91189950895523, -10.93250957975323 ], [ 33.910919605855156, -10.932809517145472 ], [ 33.908179502881808, -10.932989585700795 ], [ 33.905389585560954, -10.932769561166253 ], [ 33.904499453686867, -10.932779594003023 ], [ 33.902019508393664, -10.933019508843188 ], [ 33.899039490580094, -10.932289554319425 ], [ 33.896539478714033, -10.931719601778127 ], [ 33.89572961133257, -10.931499576344322 ], [ 33.892119618425681, -10.930479540997965 ], [ 33.890019523382364, -10.930039491029618 ], [ 33.888679483171643, -10.929399482200324 ], [ 33.886349507024192, -10.928159597687227 ], [ 33.884429481435461, -10.927469600041945 ], [ 33.881569509625194, -10.926279528977034 ], [ 33.877149472170458, -10.925139447627373 ], [ 33.876099512782332, -10.925209503016106 ], [ 33.873659524367611, -10.926429498122786 ], [ 33.869769482575634, -10.92719958489289 ], [ 33.864529544902609, -10.927909473743171 ], [ 33.8591296043478, -10.929139500787301 ], [ 33.857849587588476, -10.929379592793907 ], [ 33.855459587989628, -10.929739552738113 ], [ 33.85452949923706, -10.929969611008687 ], [ 33.851109606822945, -10.930909558129542 ], [ 33.850229506886308, -10.930969580681563 ], [ 33.844589475224154, -10.930529530713216 ], [ 33.840279450935952, -10.930669467022256 ], [ 33.840219603751791, -10.929749585574882 ], [ 33.840329616019005, -10.928369589384999 ], [ 33.840609488637028, -10.925899501560707 ], [ 33.840209570915022, -10.924689540190059 ], [ 33.839619551800922, -10.923659472006989 ], [ 33.838509569860832, -10.92303952975044 ], [ 33.837469467941617, -10.923259554284982 ], [ 33.836239616265345, -10.923379600288285 ], [ 33.835019446690183, -10.923509502861236 ], [ 33.834039542690789, -10.923679537680471 ], [ 33.832289552820669, -10.924499438798023 ], [ 33.831129581165271, -10.925819588703007 ], [ 33.829689562423425, -10.927729580555649 ], [ 33.828179485594831, -10.930089480744869 ], [ 33.825279557805402, -10.933499515690073 ], [ 33.822099581130828, -10.935179450171461 ], [ 33.819479524160784, -10.935139493292922 ], [ 33.817259560280547, -10.934919468758437 ], [ 33.81492958413304, -10.933379469686713 ], [ 33.813409475367052, -10.932409600322728 ], [ 33.811599462045592, -10.931729459247094 ], [ 33.809559566720679, -10.931509610080411 ], [ 33.808409453433569, -10.931389564077051 ], [ 33.805089539550636, -10.931699535205325 ], [ 33.801949519754601, -10.932749494593452 ], [ 33.797359446581254, -10.934029511352833 ], [ 33.793639617674273, -10.93576946928556 ], [ 33.77073959675505, -10.904459565956131 ], [ 33.769989575658428, -10.886279520783205 ], [ 33.770249557071452, -10.879949490576507 ], [ 33.770239524234682, -10.875229515729529 ], [ 33.770119478231379, -10.872929462724471 ], [ 33.769999607595878, -10.871609489086609 ], [ 33.769809507103105, -10.869589484067376 ], [ 33.76957944883253, -10.868389556432817 ], [ 33.76944954625958, -10.865629563153789 ], [ 33.769389523707616, -10.863439522416002 ], [ 33.76955955942617, -10.862349607048657 ], [ 33.769789616797425, -10.859819495773081 ], [ 33.769889596227927, -10.858949604940278 ], [ 33.770179500783399, -10.857339549580502 ], [ 33.770119478231379, -10.855729496019364 ], [ 33.769939585943177, -10.854639580652076 ], [ 33.76964950512064, -10.853369596729465 ], [ 33.769349566829078, -10.85250956156699 ], [ 33.768939616270302, -10.851649529102417 ], [ 33.768539523180493, -10.850899508005853 ], [ 33.767079613233591, -10.849699580371293 ], [ 33.765569538203692, -10.849469522100719 ], [ 33.764639448551748, -10.849419532385468 ], [ 33.763179540403542, -10.849429565222238 ], [ 33.76223959238331, -10.849319552954967 ], [ 33.759569545698014, -10.849219574423785 ], [ 33.756779453009415, -10.849219574423785 ], [ 33.754109582591241, -10.849179441278125 ], [ 33.753119470387276, -10.849239463830145 ], [ 33.750619459420591, -10.849259530402946 ], [ 33.749689545136448, -10.849319552954967 ], [ 33.748579563196358, -10.848509509306382 ], [ 33.746999608145472, -10.847539463675275 ], [ 33.744909547737507, -10.845599546881544 ], [ 33.743569508426106, -10.844969571788283 ], [ 33.742399503034676, -10.845089442423784 ], [ 33.741239531379335, -10.844799536069672 ], [ 33.738909555231828, -10.845389555183772 ], [ 33.737869453312669, -10.845629470923313 ], [ 33.736649458205989, -10.845579481208063 ], [ 33.735659522269202, -10.845809538579317 ], [ 33.732809583295705, -10.846689463148152 ], [ 33.730899591443062, -10.847909457355513 ], [ 33.729849455787814, -10.848489442733523 ], [ 33.729039588406351, -10.849289454444715 ], [ 33.727999485587816, -10.85004950657941 ], [ 33.727189617307033, -10.850559613735129 ], [ 33.724799618607562, -10.852529452771989 ], [ 33.724169467247179, -10.853279473868554 ], [ 33.723179531310393, -10.854379599239053 ], [ 33.721209516006411, -10.856399604258286 ], [ 33.719699616344258, -10.85783944763233 ], [ 33.718539468421795, -10.858199583843657 ], [ 33.717429485582329, -10.858199583843657 ], [ 33.716559597447542, -10.858259607294997 ], [ 33.715109544070231, -10.858489489298449 ], [ 33.713539445588992, -10.859249543231783 ], [ 33.712669554756189, -10.860119610331708 ], [ 33.711859511107605, -10.860749585424969 ], [ 33.710579494348224, -10.861049523716474 ], [ 33.708089515318932, -10.860829498282669 ], [ 33.706969501441392, -10.861119579105264 ], [ 33.705519448064138, -10.861939480222816 ], [ 33.703499619312026, -10.863719570401827 ], [ 33.701109444345434, -10.865399504883214 ], [ 33.698149492205346, -10.867829459561847 ], [ 33.697279601372543, -10.868279543266283 ], [ 33.695949594897911, -10.869629440046594 ], [ 33.69489946014204, -10.870039566872492 ], [ 33.693389559580567, -10.870729565417037 ], [ 33.69233960199108, -10.870729565417037 ], [ 33.690419576402405, -10.869989577157241 ], [ 33.68884947792111, -10.868619613804071 ], [ 33.687329545422244, -10.8668995470764 ], [ 33.686049528662863, -10.864549504356091 ], [ 33.685169604094028, -10.862819580159453 ], [ 33.684289505056654, -10.861039489980442 ], [ 33.683929544213129, -10.858739613242506 ], [ 33.683929544213129, -10.857759533875367 ], [ 33.683349557935799, -10.855519504321649 ], [ 33.682699516269736, -10.854659470957756 ], [ 33.682169520606919, -10.853739590409702 ], [ 33.680599598392803, -10.852249581053286 ], [ 33.679779521008129, -10.851399581425483 ], [ 33.678739595356092, -10.85082945261712 ], [ 33.677919517971418, -10.850369512343093 ], [ 33.676639501212037, -10.84834950732386 ], [ 33.675469496719927, -10.846569593411971 ], [ 33.674939500157848, -10.845029594340247 ], [ 33.673369577943731, -10.844639534087207 ], [ 33.672439489191106, -10.844689523802458 ], [ 33.67086956697699, -10.845389555183772 ], [ 33.668949541388258, -10.846259446016575 ], [ 33.667269606906871, -10.846949444561176 ], [ 33.665059499596282, -10.84776952104653 ], [ 33.662279616910837, -10.849509478979201 ], [ 33.661039556130675, -10.850489557447077 ], [ 33.659259465951664, -10.852399550199038 ], [ 33.65663958524874, -10.854009604659495 ], [ 33.655769518148816, -10.854659470957756 ], [ 33.655019497052194, -10.855349468603038 ], [ 33.652349450366899, -10.857259461355 ], [ 33.650309555041986, -10.85851958870802 ], [ 33.649559533945364, -10.85898956181876 ], [ 33.647589518641439, -10.860609473748184 ], [ 33.645849561608031, -10.861999502774779 ], [ 33.644219616841895, -10.862869569874704 ], [ 33.642419460090082, -10.864319446085517 ], [ 33.640909561327248, -10.864729572911415 ], [ 33.639859601939122, -10.864849442647596 ], [ 33.638289504357203, -10.864329478922286 ], [ 33.635439563585066, -10.863369466127892 ], [ 33.63270949524707, -10.863029571857226 ], [ 33.631939583844769, -10.861769445403525 ], [ 33.631589479570891, -10.860509494317682 ], [ 33.6314194447516, -10.859469567766268 ], [ 33.631359597567439, -10.858259607294997 ], [ 33.63139955444592, -10.857399573031842 ], [ 33.631579446734122, -10.856359471112683 ], [ 33.63139955444592, -10.855319544561269 ], [ 33.631229519626686, -10.854359532666251 ], [ 33.630409619408454, -10.853259583562874 ], [ 33.629939469131273, -10.85250956156699 ], [ 33.628729507760625, -10.851369482015912 ], [ 33.627669516435105, -10.850799528575351 ], [ 33.626619556147659, -10.849879472659495 ], [ 33.625799479662305, -10.849599600940792 ], [ 33.625279516836258, -10.84826959356684 ], [ 33.625269483100226, -10.84711947938041 ], [ 33.625159470832955, -10.846269478853344 ], [ 33.624739487437466, -10.845509601187075 ], [ 33.622889517237468, -10.845169530649287 ], [ 33.621029514200757, -10.844849525784923 ], [ 33.61997955571195, -10.844499598677487 ], [ 33.616829502179826, -10.843869447317104 ], [ 33.615489461969162, -10.843019446789981 ], [ 33.61472958430295, -10.84244949424874 ], [ 33.612459454440341, -10.840899462340246 ], [ 33.61181944740963, -10.840159474080394 ], [ 33.609089552640796, -10.83815953563402 ], [ 33.608439510974677, -10.837009596815392 ], [ 33.607909514412597, -10.835799460076998 ], [ 33.607209483031284, -10.834419462987796 ], [ 33.606569475101253, -10.833269525068488 ], [ 33.605689551431681, -10.8316695034448 ], [ 33.604929496599027, -10.831149540618753 ], [ 33.604109594582155, -10.830459542074152 ], [ 33.602609553288289, -10.830469575810241 ], [ 33.600689527699615, -10.830819502917677 ], [ 33.598539443840309, -10.831579556851011 ], [ 33.595749527418832, -10.831989507409787 ], [ 33.594819614034009, -10.8321796097012 ], [ 33.593999538447974, -10.832509471135154 ], [ 33.592329459636915, -10.832629516239138 ], [ 33.591389513415379, -10.832529536808636 ], [ 33.5908595168533, -10.831779515712014 ], [ 33.590509589745807, -10.830869492632928 ], [ 33.59026949863852, -10.829649498425567 ], [ 33.589749534913153, -10.82751948113912 ], [ 33.589329552416984, -10.826369542320492 ], [ 33.589049504431159, -10.825399496689386 ], [ 33.588869611243638, -10.824419593589312 ], [ 33.588809588691618, -10.823559559326156 ], [ 33.588569497584274, -10.821829459761716 ], [ 33.588449451580971, -10.820909579213662 ], [ 33.588559464747561, -10.819369581041258 ], [ 33.588619487299525, -10.818429457653281 ], [ 33.588849545570099, -10.816939449196184 ], [ 33.589309484944806, -10.815899522644827 ], [ 33.589659589218741, -10.814749584725519 ], [ 33.589649556381971, -10.813659493091109 ], [ 33.589529510378668, -10.812559543987732 ], [ 33.589709578933991, -10.811699510623896 ], [ 33.589479520663417, -10.810899499812024 ], [ 33.588479550990542, -10.808419555418084 ], [ 33.587779519609171, -10.806529452072482 ], [ 33.586719527384332, -10.804289598785886 ], [ 33.585029560066175, -10.802969448880901 ], [ 33.582699583918725, -10.801539462975768 ], [ 33.580319618055967, -10.800689462448702 ], [ 33.578059521929447, -10.800409590729998 ], [ 33.576069616319785, -10.801279480663482 ], [ 33.573869542745229, -10.781429533845881 ], [ 33.577869595905156, -10.751789533060446 ], [ 33.573139587322146, -10.744439468406711 ], [ 33.569699453866747, -10.740199498607922 ], [ 33.56631951833117, -10.735379543431122 ], [ 33.563169464798989, -10.731239553962212 ], [ 33.560669453832304, -10.730449576886429 ], [ 33.556189569193293, -10.729539553807342 ], [ 33.552699446022643, -10.728629529828879 ], [ 33.552389474894426, -10.727839552753096 ], [ 33.559809595836214, -10.713549547573507 ], [ 33.569639606682529, -10.704409535271793 ], [ 33.584419475278594, -10.681269600411667 ], [ 33.592109611369494, -10.671579524075753 ], [ 33.593329605576912, -10.670049558740118 ], [ 33.597099599566945, -10.660869589559866 ], [ 33.602239559608051, -10.656759524132667 ], [ 33.615939545673541, -10.660519486185308 ], [ 33.623389590657155, -10.659639563415055 ], [ 33.638599474586158, -10.641789554144566 ], [ 33.646109543021055, -10.63009954026154 ], [ 33.651479560433415, -10.625759591931569 ], [ 33.663829472552152, -10.621909507917394 ], [ 33.684609509021698, -10.606399509429764 ], [ 33.685939514596953, -10.60263954557854 ], [ 33.687439557689515, -10.598359444432788 ], [ 33.701469580556761, -10.585329568404802 ], [ 33.705699516619461, -10.57500951697557 ], [ 33.705039616585111, -10.569479497580687 ], [ 33.704909538644358, -10.569539520132707 ], [ 33.687319512585475, -10.577669530824153 ], [ 33.681509445204767, -10.576719550866528 ], [ 33.678529603658319, -10.570489500090332 ], [ 33.678799617908112, -10.555089513869916 ], [ 33.678849607623363, -10.552559578861405 ], [ 33.678699463109808, -10.55234958716369 ], [ 33.674229612206886, -10.54631949524844 ], [ 33.673799595075309, -10.540799509589647 ], [ 33.668509491419968, -10.530199587341031 ], [ 33.664869573571991, -10.52899948343935 ], [ 33.665039609290602, -10.528149482912283 ] ] ] ] } },
{ "type": "Feature", "properties": { "SitRecID": 48996, "Country": "Malawi", "ISO3": "MWI", "NatName": "Tukombo-Sanga Strip", "IntName": "Tukombo-Sanga Strip", "SitLat": -11.904132258200001, "SitLong": 34.1605655762, "IbaStatus": null, "AzeStatus": "confirmed", "AddedDate": "2019-07-25", "ChangeDate": null, "Source": "Konings, A. 2016. Malawi Cichlids in their Natural Habitat, New 5th Revised & Expanded Edition. Hollywood Import & Export Inc. Others see references.", "DelTxt": "New polygon delineation.Tukombo-Sanga Strip KBA in Malawi has been newly delineated for freshwater fish trigger species. The KBA includes the coastal strip on the western side of Lake Malawi extending from Tukombo(south) to Sanga(north)", "DelGeom": "3. draft polygon", "Shape_Leng": 1.0201180142199999, "Shape_Area": 0.0090688985, "GISArea": 10929.0, "KBA_Qual": "Global", "LegacyKBA": null, "Trigger Ecosystems": null }, "geometry": { "type": "MultiPolygon", "coordinates": [ [ [ [ 34.177838677812758, -11.851060804812221 ], [ 34.178723242883393, -11.847598081286378 ], [ 34.17821264649649, -11.846998000557221 ], [ 34.176964287671808, -11.846841010404262 ], [ 34.176322552144143, -11.845484864235061 ], [ 34.176607767634437, -11.843395678867466 ], [ 34.177377130450282, -11.842172934533266 ], [ 34.177833423973368, -11.840279791479134 ], [ 34.177140883045354, -11.839741949231552 ], [ 34.176607767634437, -11.839254005867645 ], [ 34.176500812162828, -11.83815445696257 ], [ 34.175003429264905, -11.836688399250193 ], [ 34.175286879386022, -11.835481942537569 ], [ 34.175286458503308, -11.835464657567854 ], [ 34.175305632948664, -11.835428362728692 ], [ 34.176750375829215, -11.831300700267036 ], [ 34.177960389360521, -11.83009055003879 ], [ 34.178278332978721, -11.829028292421697 ], [ 34.177702001546209, -11.827958242179079 ], [ 34.177702137343829, -11.826782815674335 ], [ 34.177020875712913, -11.825230463515027 ], [ 34.177046099897666, -11.823859470438151 ], [ 34.178515512980596, -11.821421947964495 ], [ 34.178639929689041, -11.820488963394894 ], [ 34.184330871972236, -11.815279378740286 ], [ 34.188644723775042, -11.812746434600228 ], [ 34.188533007292506, -11.811927336577298 ], [ 34.190869271499707, -11.810779869095654 ], [ 34.192508831817179, -11.807950409483738 ], [ 34.19320600065646, -11.807603898900766 ], [ 34.19490599991201, -11.807027128599032 ], [ 34.206974994400525, -11.801953363157111 ], [ 34.213292709291125, -11.79966674782213 ], [ 34.214874919841748, -11.798751346797189 ], [ 34.215682314986907, -11.797657407863028 ], [ 34.217964040707955, -11.796484728787163 ], [ 34.218427516216934, -11.796081622069153 ], [ 34.219532726354316, -11.79549528567884 ], [ 34.222563143074638, -11.793736283702458 ], [ 34.227803980968986, -11.790804637723795 ], [ 34.230648126509891, -11.789625791097308 ], [ 34.232474387882746, -11.787946311672897 ], [ 34.234007888453334, -11.787230757993029 ], [ 34.237095366258188, -11.785673071954648 ], [ 34.237065810938475, -11.784526664773693 ], [ 34.236039583759862, -11.783939819367106 ], [ 34.23613955149915, -11.780241406016046 ], [ 34.235345000471455, -11.779431111456574 ], [ 34.236161056087894, -11.777030265134556 ], [ 34.237673749044347, -11.775246861853134 ], [ 34.238230705482749, -11.773704301512282 ], [ 34.238226236751473, -11.772116111369371 ], [ 34.240012604198398, -11.771381908448291 ], [ 34.239042907504256, -11.772823737525414 ], [ 34.239735717329552, -11.77217877163298 ], [ 34.240012604198398, -11.771381908448291 ], [ 34.240813580882104, -11.770061513028338 ], [ 34.244213918437652, -11.768113362041959 ], [ 34.24595213977949, -11.765017869479038 ], [ 34.246305934871032, -11.764238749019 ], [ 34.246542770432541, -11.763595762534351 ], [ 34.246611734943656, -11.762863094755971 ], [ 34.246609215043293, -11.762175947062246 ], [ 34.2469848636606, -11.760519698924895 ], [ 34.247365157276249, -11.759641004628634 ], [ 34.249350309069541, -11.757914422312695 ], [ 34.251370993976252, -11.756061089547586 ], [ 34.25166393554224, -11.755146608529117 ], [ 34.252714888681226, -11.751281255825234 ], [ 34.256099752501655, -11.748177062321531 ], [ 34.262944928765478, -11.74495277425109 ], [ 34.265036509927029, -11.744561954070889 ], [ 34.26750837930831, -11.743389496228247 ], [ 34.268173883018335, -11.743682610464077 ], [ 34.27055067967018, -11.742900973700955 ], [ 34.275304274772509, -11.74153311476141 ], [ 34.276825424953472, -11.740360669509244 ], [ 34.278821934284906, -11.740165262117102 ], [ 34.287568548949423, -11.735475533269209 ], [ 34.296122018916094, -11.732340461543004 ], [ 34.299409514937224, -11.731085445037195 ], [ 34.301063765680283, -11.730499243545182 ], [ 34.30146306736674, -11.729737183224358 ], [ 34.300949679484177, -11.729209604039966 ], [ 34.300151075212, -11.727744112001119 ], [ 34.300664463993883, -11.725692436456711 ], [ 34.301406024268658, -11.724344199824941 ], [ 34.300607420895801, -11.722995970387672 ], [ 34.302432800933047, -11.720885711206563 ], [ 34.303687749989706, -11.718834084225534 ], [ 34.306607126517747, -11.71652636989603 ], [ 34.307166237731735, -11.716475988076354 ], [ 34.307848218820311, -11.716414533803629 ], [ 34.308488038792007, -11.716149409167826 ], [ 34.309544239475144, -11.714862787787354 ], [ 34.312073090800538, -11.7136171584051 ], [ 34.311844918408326, -11.712444829165463 ], [ 34.313055476928753, -11.711832121055522 ], [ 34.313368581295038, -11.71220335849813 ], [ 34.314593995716393, -11.713656297799844 ], [ 34.314750668408692, -11.713842059063722 ], [ 34.314180236528728, -11.724393253345909 ], [ 34.312435547262737, -11.726066615581772 ], [ 34.308366412679845, -11.729969432243479 ], [ 34.306090661155167, -11.732152191170655 ], [ 34.305623766423707, -11.732600008583461 ], [ 34.302771609722072, -11.73787590564848 ], [ 34.302453123812654, -11.738086312833047 ], [ 34.298245739149593, -11.740865921225236 ], [ 34.294785571496959, -11.743151900739576 ], [ 34.287369963353171, -11.749014233120306 ], [ 34.284517806651536, -11.75487668690954 ], [ 34.278280918329756, -11.758482256950572 ], [ 34.275390905565871, -11.760152999461297 ], [ 34.271019918934144, -11.767807820974099 ], [ 34.270401470451532, -11.768890914983672 ], [ 34.269426533407852, -11.769652455496384 ], [ 34.257403675938917, -11.779043887665239 ], [ 34.255827845178942, -11.781820483328602 ], [ 34.253764293187658, -11.785456479233062 ], [ 34.250035834386324, -11.788955537168249 ], [ 34.249677025574329, -11.789292271221314 ], [ 34.247945520369512, -11.79091725892431 ], [ 34.241806321804347, -11.796678866336549 ], [ 34.239353239260652, -11.798843565078414 ], [ 34.238922724803956, -11.799223471086293 ], [ 34.236407206827209, -11.801443285679056 ], [ 34.236134625912314, -11.801683825548082 ], [ 34.235191469111044, -11.80251611842408 ], [ 34.234676257403407, -11.802970769785134 ], [ 34.234557739348247, -11.803075357341811 ], [ 34.232401092236671, -11.804978512548246 ], [ 34.232038123160919, -11.805298819584834 ], [ 34.222340790195346, -11.812921555085666 ], [ 34.216066044912111, -11.821717275431865 ], [ 34.215659454220486, -11.82232308754044 ], [ 34.208790937851575, -11.832557207848822 ], [ 34.204892584525226, -11.838365937937624 ], [ 34.20198117868847, -11.842855529858753 ], [ 34.199693467079896, -11.846383392179746 ], [ 34.197613819921912, -11.850659460765428 ], [ 34.194494348735248, -11.856539162652211 ], [ 34.191291728030876, -11.859960390559536 ], [ 34.188114909775322, -11.863354094715646 ], [ 34.186278385339278, -11.874618647432612 ], [ 34.18617576010331, -11.875248126100075 ], [ 34.184096112945326, -11.881662915611003 ], [ 34.179532091332987, -11.904606021250856 ], [ 34.179416907064649, -11.905185072233223 ], [ 34.180343269026707, -11.907906695937243 ], [ 34.180373140008442, -11.907994455379765 ], [ 34.181242922922593, -11.910549875376375 ], [ 34.183056289815966, -11.915877617458023 ], [ 34.182672727164686, -11.918375658909497 ], [ 34.181496554222633, -11.926035915025409 ], [ 34.181322485044689, -11.926281578332123 ], [ 34.178963224273446, -11.929611231872798 ], [ 34.176568395315257, -11.932991124240971 ], [ 34.174830710868662, -11.935443594346339 ], [ 34.174303544473048, -11.936187612468302 ], [ 34.161988582706954, -11.953809080624524 ], [ 34.161219994207443, -11.954908890333002 ], [ 34.121969003466802, -11.985877089056373 ], [ 34.109913789289976, -11.995389092432617 ], [ 34.103933682593436, -12.006750354645078 ], [ 34.097003347726343, -12.019917485203734 ], [ 34.095191196716428, -12.023360543254398 ], [ 34.093850297653148, -12.024772802622692 ], [ 34.073354901107848, -12.046359824146521 ], [ 34.070724250124101, -12.05200466898026 ], [ 34.063403815433787, -12.067713448217035 ], [ 34.06136995276114, -12.07207803437376 ], [ 34.060158069539341, -12.074678718148277 ], [ 34.058243263615793, -12.07465733676662 ], [ 34.058278915439644, -12.072419695812243 ], [ 34.057672831735829, -12.071649364426605 ], [ 34.057672831735829, -12.070658941956538 ], [ 34.057245008950076, -12.070035344855228 ], [ 34.057579952452897, -12.068460418813231 ], [ 34.057655138473933, -12.067931970883706 ], [ 34.056888488912705, -12.066293789226961 ], [ 34.057031097107483, -12.065633519571236 ], [ 34.056888488912705, -12.065303385642665 ], [ 34.05678153344104, -12.064716481780181 ], [ 34.057458919893293, -12.063652721395954 ], [ 34.057423268069442, -12.063175864874211 ], [ 34.056531968875333, -12.061818662001599 ], [ 34.055854582423081, -12.05840734282458 ], [ 34.055498062385709, -12.058003856592677 ], [ 34.05535545509025, -12.057453648666922 ], [ 34.054998935052879, -12.057233565676484 ], [ 34.054392851349064, -12.055913072230453 ], [ 34.054000680387162, -12.055839711833187 ], [ 34.053751116720719, -12.054262464640999 ], [ 34.053465901230425, -12.053969023951254 ], [ 34.053002425721445, -12.05235510780193 ], [ 34.052146778351187, -12.050704520896886 ], [ 34.051683302842207, -12.047036586469233 ], [ 34.052289386546022, -12.044395702999225 ], [ 34.054785023210286, -12.037206761782556 ], [ 34.05522246244675, -12.034968935567861 ], [ 34.055171124647757, -12.033902204722949 ], [ 34.05539433458091, -12.032036644775303 ], [ 34.054682479812641, -12.031533172817603 ], [ 34.054104097026482, -12.028237740279451 ], [ 34.053050595208845, -12.024305597625187 ], [ 34.0567129385513, -12.017069291814323 ], [ 34.057432356617994, -12.015111087306764 ], [ 34.05895361022101, -12.013408779491556 ], [ 34.059798938770086, -12.011532331451861 ], [ 34.061978995234483, -12.008603268326112 ], [ 34.06705096293166, -12.003660543998876 ], [ 34.075860170410579, -11.995834745177319 ], [ 34.077105917604058, -11.99542286737136 ], [ 34.078307172637949, -11.994507585056965 ], [ 34.07950842857116, -11.990663432071699 ], [ 34.079063518666487, -11.98901595412292 ], [ 34.080654674773484, -11.985716530393518 ], [ 34.080687371425086, -11.984434893955154 ], [ 34.079777047073094, -11.983038969872496 ], [ 34.079670090702166, -11.981865512883076 ], [ 34.080258006302017, -11.98081165313522 ], [ 34.092321821594851, -11.970482505063501 ], [ 34.105046232997324, -11.962383091106744 ], [ 34.11465627776505, -11.956571791654824 ], [ 34.125245123064019, -11.950897885229153 ], [ 34.127647634031121, -11.948884591850401 ], [ 34.142685574779478, -11.940968827549284 ], [ 34.151850709642588, -11.936530607601412 ], [ 34.180725335206091, -11.923399381576132 ], [ 34.181466478195489, -11.920432112551907 ], [ 34.17953122798383, -11.919202781583067 ], [ 34.178782536984556, -11.919422754856214 ], [ 34.178176454180061, -11.918359552051641 ], [ 34.178497321494262, -11.917333016405564 ], [ 34.179172657492188, -11.916527773338032 ], [ 34.178854055570241, -11.916091997847388 ], [ 34.177463415004638, -11.916453131406854 ], [ 34.176465159439601, -11.915169970617626 ], [ 34.176500812162828, -11.913813492598536 ], [ 34.17724948697429, -11.913356879816092 ], [ 34.17702706214925, -11.911345674663096 ], [ 34.176500812162828, -11.910623962425859 ], [ 34.175752120264178, -11.911063895482357 ], [ 34.174860821969389, -11.911503829438118 ], [ 34.17347039544245, -11.911320523323468 ], [ 34.172329532581898, -11.910733945914842 ], [ 34.171259974268423, -11.909524132932347 ], [ 34.169441724056355, -11.907067863191287 ], [ 34.168728684880932, -11.905271499779872 ], [ 34.168193905724195, -11.90486823657983 ], [ 34.167587822020437, -11.899039309516468 ], [ 34.168267869566591, -11.898099497293913 ], [ 34.167598970915833, -11.897687778668001 ], [ 34.167586537788566, -11.896337556333094 ], [ 34.167717581601153, -11.893832456102928 ], [ 34.167488524276052, -11.892730313553102 ], [ 34.166935711014276, -11.892000219634383 ], [ 34.166074579578265, -11.891090562579336 ], [ 34.165862494258761, -11.890603185788336 ], [ 34.165901882765752, -11.890150936516477 ], [ 34.166903545861999, -11.887144943584246 ], [ 34.167156157330851, -11.8865550728583 ], [ 34.170358944409827, -11.881401914366791 ], [ 34.169879101239587, -11.880923908511534 ], [ 34.169619984075041, -11.880563516892721 ], [ 34.169762591370556, -11.878327442557406 ], [ 34.169299115861577, -11.87741102349986 ], [ 34.169746879315085, -11.876376937145892 ], [ 34.169085204018984, -11.87620135530824 ], [ 34.169346576683211, -11.875407716193081 ], [ 34.169371981631684, -11.874503437983208 ], [ 34.16970492774027, -11.873869139848864 ], [ 34.171468702418736, -11.871727988056136 ], [ 34.17228381824367, -11.870356914040315 ], [ 34.174407620315492, -11.868593486500174 ], [ 34.174183434617873, -11.867550546320615 ], [ 34.175267514284428, -11.86653059551054 ], [ 34.175475403367216, -11.866031871073972 ], [ 34.174599661545187, -11.864752874145779 ], [ 34.174177821049682, -11.864049370482007 ], [ 34.174363129954543, -11.861274648106473 ], [ 34.174860821969389, -11.860109598878864 ], [ 34.178059363349007, -11.857094479626483 ], [ 34.180146953319309, -11.85473359737756 ], [ 34.179290916542641, -11.853747676913713 ], [ 34.179119017428775, -11.852862304251914 ], [ 34.178762744704954, -11.852194700624864 ], [ 34.177838677812758, -11.851060804812221 ] ] ], [ [ [ 34.177838677812758, -11.851060804812221 ], [ 34.179290916542641, -11.853747676913713 ], [ 34.178782536984556, -11.85376845485024 ], [ 34.177855585966597, -11.852192354293663 ], [ 34.177838677812758, -11.851060804812221 ] ] ] ] } },
{ "type": "Feature", "properties": { "SitRecID": 48997, "Country": "Malawi", "ISO3": "MWI", "NatName": "Upper Shire", "IntName": "Upper Shire", "SitLat": -14.4664886188, "SitLong": 35.2574706244, "IbaStatus": null, "AzeStatus": null, "AddedDate": "2019-07-25", "ChangeDate": null, "Source": "IUCN Freshwater Biodiversity Assessment Unit - KBA Assessment 2018.", "DelTxt": "New polygon delineation.The Upper Shire KBA has been newly delineated for freshwater trigger species. It follows the course of this 17 km stretch of the Shire River that links Lake Malawi with Lake Malombe,including a buffer zone of 200 m on either side.", "DelGeom": "4. refined polygon", "Shape_Leng": 0.33787077316000003, "Shape_Area": 0.0012946701, "GISArea": 1544.0, "KBA_Qual": "Global", "LegacyKBA": null, "Trigger Ecosystems": null }, "geometry": { "type": "MultiPolygon", "coordinates": [ [ [ [ 35.244765616340146, -14.415410081909727 ], [ 35.244873607830812, -14.41560104844956 ], [ 35.244985353091636, -14.415806383457777 ], [ 35.245095140528349, -14.416016542429418 ], [ 35.245197125447021, -14.416221952081401 ], [ 35.245285280591304, -14.416413037331779 ], [ 35.245354076029855, -14.416581421895046 ], [ 35.245410119981102, -14.416742232368108 ], [ 35.245454392706108, -14.416902887258402 ], [ 35.245482671887828, -14.417063303828343 ], [ 35.245489420400475, -14.417223387649187 ], [ 35.24547051305376, -14.417382286163502 ], [ 35.245431205485772, -14.417540860921974 ], [ 35.245377469194921, -14.417699205453914 ], [ 35.245313665893036, -14.417857388107905 ], [ 35.245242943207302, -14.418015457447382 ], [ 35.245167553939496, -14.418173451243717 ], [ 35.24500865812314, -14.418489303038882 ], [ 35.244103577717965, -14.42022592988269 ], [ 35.242804617639024, -14.422752028383343 ], [ 35.242386671207953, -14.423557182417994 ], [ 35.241638639411747, -14.424973531902936 ], [ 35.240792716410795, -14.426548404884954 ], [ 35.240544898328437, -14.427019755757101 ], [ 35.240467281439919, -14.427176101096165 ], [ 35.240394524487783, -14.427331715286414 ], [ 35.240328902756687, -14.427486270075235 ], [ 35.240273527001705, -14.427639317600381 ], [ 35.24023258896284, -14.427790259812582 ], [ 35.24021166173884, -14.427938306207807 ], [ 35.240218059515882, -14.428082426162973 ], [ 35.240253300349593, -14.428210817874913 ], [ 35.240311670847007, -14.42833606016103 ], [ 35.240386705781873, -14.428459257388795 ], [ 35.240473097355618, -14.428581381725337 ], [ 35.24075822830963, -14.428950401439806 ], [ 35.24084950500071, -14.429077522409671 ], [ 35.24093257627743, -14.429208638168063 ], [ 35.241003035461745, -14.429345239790962 ], [ 35.241058362653348, -14.429491639527498 ], [ 35.241099032694251, -14.429643445988177 ], [ 35.241127958488562, -14.429798759804896 ], [ 35.241147132933918, -14.429955880359557 ], [ 35.241157708961168, -14.430113198765071 ], [ 35.241160040003876, -14.430269079154641 ], [ 35.241153688991631, -14.430421742669239 ], [ 35.241137399571357, -14.430569137955331 ], [ 35.241109028658798, -14.430708806266352 ], [ 35.241065440317868, -14.43083772767892 ], [ 35.24100236906412, -14.430952167308646 ], [ 35.24091095477678, -14.431055111803914 ], [ 35.240801820247839, -14.431144409087153 ], [ 35.240566964993491, -14.431309712573125 ], [ 35.240458588593015, -14.431398891145875 ], [ 35.240368407276208, -14.431501680957751 ], [ 35.240303528385198, -14.431624067896394 ], [ 35.240260349235768, -14.431762773932803 ], [ 35.240233258957801, -14.431913557864334 ], [ 35.24021793091282, -14.432073155151954 ], [ 35.240211078078858, -14.432239088163328 ], [ 35.24021023631343, -14.432409502496512 ], [ 35.240213579093449, -14.43258302488664 ], [ 35.240237142230399, -14.433113570934495 ], [ 35.24035053864651, -14.435077845865862 ], [ 35.240483455746926, -14.437568611801964 ], [ 35.240603412717348, -14.439880168934621 ], [ 35.240708714335767, -14.442017021068636 ], [ 35.240741486530453, -14.442551636548728 ], [ 35.240773327926775, -14.442907009051169 ], [ 35.240795155372155, -14.443083909294955 ], [ 35.240823019067136, -14.443259916511863 ], [ 35.240857821031682, -14.44343271314915 ], [ 35.240898535139365, -14.443604641041304 ], [ 35.240943540811827, -14.443775976280222 ], [ 35.241041961717201, -14.444117384109916 ], [ 35.24120197269292, -14.444624628723602 ], [ 35.241316241451443, -14.444953438850064 ], [ 35.241377101272235, -14.445111499196287 ], [ 35.241441887533142, -14.445262516052253 ], [ 35.241512278368987, -14.445403368770428 ], [ 35.241590574245663, -14.445529835933144 ], [ 35.241679868830943, -14.445636287784396 ], [ 35.241784238751677, -14.445715322903766 ], [ 35.241908486387615, -14.445761303441373 ], [ 35.242048106135258, -14.445779330351741 ], [ 35.242198893664067, -14.445777028087321 ], [ 35.242357664474696, -14.445760179288811 ], [ 35.242522038960999, -14.445733105198599 ], [ 35.242690263444956, -14.445698993913368 ], [ 35.243033522978749, -14.445618274363824 ], [ 35.244773976437898, -14.445169056706561 ], [ 35.246677648754542, -14.444688484186145 ], [ 35.24817698587924, -14.444305866722345 ], [ 35.248413424839725, -14.444252624159219 ], [ 35.24857053280391, -14.444224124643597 ], [ 35.24872865070671, -14.444202726174808 ], [ 35.248887625663428, -14.444189220156318 ], [ 35.249035115378319, -14.44418386559289 ], [ 35.249127114225018, -14.444183829619988 ], [ 35.249238690413279, -14.444186850442748 ], [ 35.249408409570492, -14.444196784354062 ], [ 35.249748222002893, -14.444229859620293 ], [ 35.250088368983086, -14.444272822932362 ], [ 35.251621789514047, -14.444490583873289 ], [ 35.252132208734508, -14.444566944408905 ], [ 35.252469838512297, -14.444625393147305 ], [ 35.252636884884396, -14.444659474754928 ], [ 35.252802015700524, -14.444698704981192 ], [ 35.252925203035716, -14.444733000627423 ], [ 35.253075803505567, -14.444782624318634 ], [ 35.253149672919108, -14.444810628307778 ], [ 35.253294084254662, -14.444873436959483 ], [ 35.253364463399294, -14.444908318963712 ], [ 35.253501234094756, -14.444985021241678 ], [ 35.253567531216618, -14.445026760576468 ], [ 35.253695836593636, -14.445116645117025 ], [ 35.253757860137171, -14.445164575384808 ], [ 35.25387786207375, -14.445265723933971 ], [ 35.254057971098518, -14.445436799268805 ], [ 35.254175967546928, -14.445558921806764 ], [ 35.254405428667667, -14.445811592630832 ], [ 35.254741419880702, -14.446200689709997 ], [ 35.255183285580245, -14.446725473801507 ], [ 35.255508880630373, -14.447123087460454 ], [ 35.255718979347478, -14.447393229413933 ], [ 35.25587485524045, -14.447608058564981 ], [ 35.256067504411874, -14.447893126566498 ], [ 35.256624144288878, -14.448764359187805 ], [ 35.256814517276212, -14.449050554039786 ], [ 35.256913331185331, -14.449190407611184 ], [ 35.257015953723339, -14.449326769115032 ], [ 35.257123834597337, -14.449458236508349 ], [ 35.257238847095152, -14.449582967080232 ], [ 35.257349561732951, -14.449687908070473 ], [ 35.257466374673527, -14.449787037641613 ], [ 35.257588063738183, -14.449881508724616 ], [ 35.257713709819882, -14.449972128910588 ], [ 35.257842659111475, -14.450059394625328 ], [ 35.257974474542436, -14.450143504619007 ], [ 35.258108907899839, -14.450224377952622 ], [ 35.258257512774037, -14.450308362041255 ], [ 35.258408113243888, -14.450389068100947 ], [ 35.258559827074407, -14.450467089684423 ], [ 35.258863086562258, -14.450615592935208 ], [ 35.259159022870676, -14.450750850970962 ], [ 35.259300551878994, -14.450810483217197 ], [ 35.259434898002212, -14.450861892961939 ], [ 35.259559017934407, -14.450901839048583 ], [ 35.259668912390453, -14.450925957067227 ], [ 35.259759362604541, -14.450928479665549 ], [ 35.259823622762042, -14.450901910994332 ], [ 35.259856740296357, -14.45083830464398 ], [ 35.259862512145276, -14.45074436146308 ], [ 35.259848096912208, -14.450628089015026 ], [ 35.259818984958258, -14.450495617079014 ], [ 35.259779332949904, -14.450351573566195 ], [ 35.259732254340122, -14.450199408276035 ], [ 35.259624466995604, -14.449880142654422 ], [ 35.259331283511983, -14.449049538705196 ], [ 35.259220673195557, -14.448713653612174 ], [ 35.259170216732173, -14.44854517821733 ], [ 35.259124835143098, -14.448376197403547 ], [ 35.259086470963894, -14.448206548393443 ], [ 35.259057678269301, -14.448036046826076 ], [ 35.259040873537515, -14.447868519316671 ], [ 35.25903373202118, -14.447700610494735 ], [ 35.259034380432354, -14.447533011938901 ], [ 35.259041651451128, -14.447366553723441 ], [ 35.259055052248925, -14.44720228625647 ], [ 35.259074751898311, -14.447041586400019 ], [ 35.259101613748555, -14.446886276180635 ], [ 35.259137260176487, -14.446738779271186 ], [ 35.259184179606279, -14.446602299956112 ], [ 35.25924587579658, -14.446481047961925 ], [ 35.2593270548997, -14.446380493864638 ], [ 35.259438259668002, -14.446301430866299 ], [ 35.25957038266705, -14.446246025433709 ], [ 35.259717297715156, -14.446208867245389 ], [ 35.259874194338636, -14.446186321241669 ], [ 35.260037236929008, -14.446176320780523 ], [ 35.260203261671222, -14.446178234537854 ], [ 35.260369516639912, -14.446192820642125 ], [ 35.260533413586245, -14.446222253654014 ], [ 35.260692318395854, -14.44627021899538 ], [ 35.260843895529433, -14.446339655650547 ], [ 35.26098948407747, -14.446426461811711 ], [ 35.261130557129547, -14.446525737073046 ], [ 35.261268254126662, -14.446633810401977 ], [ 35.261403425827496, -14.446747977537086 ], [ 35.261536681073039, -14.446866292345476 ], [ 35.261798833449461, -14.447110393529783 ], [ 35.262055554820051, -14.447360246777919 ], [ 35.262304396330876, -14.447615079572245 ], [ 35.262423959398234, -14.447745283418044 ], [ 35.26253855820795, -14.447878400168008 ], [ 35.262646294291073, -14.448015640309507 ], [ 35.262744645948715, -14.448158634313472 ], [ 35.262831068998707, -14.448307779680249 ], [ 35.262908222736314, -14.448462653728427 ], [ 35.262978613572216, -14.448621677248582 ], [ 35.263044144471735, -14.448783655940929 ], [ 35.26316596213951, -14.449113160344041 ], [ 35.263281133817316, -14.449446566006145 ], [ 35.263673610548722, -14.45061968664919 ], [ 35.263847519647356, -14.451127732558746 ], [ 35.26408576444652, -14.4518072809812 ], [ 35.26427078017241, -14.452312231424287 ], [ 35.264335642875665, -14.45247800615499 ], [ 35.264403467046407, -14.452641421064698 ], [ 35.264475570191451, -14.452801429342458 ], [ 35.264553747357581, -14.452956614556058 ], [ 35.264640407828608, -14.453105081833996 ], [ 35.264738731607224, -14.45324433285964 ], [ 35.264778848565072, -14.453293070718587 ], [ 35.26486149446248, -14.453383545214422 ], [ 35.264990040857754, -14.453508340537439 ], [ 35.265117711313394, -14.453621285493909 ], [ 35.265249990794473, -14.453731283372008 ], [ 35.26538549344582, -14.453839242486993 ], [ 35.265662386609904, -14.454051508570217 ], [ 35.265943225099818, -14.454261409436469 ], [ 35.2684847685573, -14.456144896469766 ], [ 35.268764592611888, -14.456357062728216 ], [ 35.269038592656955, -14.456574520597599 ], [ 35.269171408134014, -14.45668692506149 ], [ 35.269299738692041, -14.456803191214249 ], [ 35.269406408179236, -14.456908652012658 ], [ 35.26946000147791, -14.456965835404958 ], [ 35.269561501661997, -14.457084327379732 ], [ 35.269654672325316, -14.457208512063119 ], [ 35.269697936010971, -14.4572727263552 ], [ 35.269777617742932, -14.457405215378344 ], [ 35.269814026795927, -14.457473373197558 ], [ 35.26988015214738, -14.457613143131994 ], [ 35.269928438546629, -14.457731682770884 ], [ 35.269971624890616, -14.457852525573571 ], [ 35.270024229834405, -14.458021420052432 ], [ 35.270071145666918, -14.458192889290387 ], [ 35.270154339251405, -14.458540510536068 ], [ 35.270230108932424, -14.458891245234724 ], [ 35.270630292853809, -14.460824656332761 ], [ 35.271298730152353, -14.463979477171108 ], [ 35.271703559072023, -14.465908697428404 ], [ 35.271779575167329, -14.46625850852331 ], [ 35.271860786646016, -14.466606258372053 ], [ 35.271905046780546, -14.466778684488645 ], [ 35.271953176697821, -14.466949574563159 ], [ 35.27200671603714, -14.467118318855285 ], [ 35.272067699964452, -14.46728411067312 ], [ 35.27213715730403, -14.467444947226511 ], [ 35.272213967500647, -14.467602867278458 ], [ 35.272296155643119, -14.467758655937189 ], [ 35.27238222076295, -14.467912909453162 ], [ 35.272561753322293, -14.468218492789163 ], [ 35.273118357226451, -14.469128367480153 ], [ 35.273299266647882, -14.469433693610029 ], [ 35.273386428940569, -14.469587730389378 ], [ 35.273470078481409, -14.46974321867458 ], [ 35.273556842374433, -14.469917695245385 ], [ 35.27362079496379, -14.470060958146632 ], [ 35.273678035912667, -14.470206537701529 ], [ 35.273728129949291, -14.470354470782127 ], [ 35.273771291112269, -14.470504554141826 ], [ 35.273826169542133, -14.470737915622237 ], [ 35.273860411229066, -14.47091259454055 ], [ 35.27389093152135, -14.47108843448359 ], [ 35.273944925917647, -14.471442307816233 ], [ 35.274065812787057, -14.472331071821486 ], [ 35.274117120009123, -14.472685012603222 ], [ 35.274177092199125, -14.473035008958448 ], [ 35.274213144221278, -14.473207247116704 ], [ 35.274255584127957, -14.473376575968189 ], [ 35.274306929121508, -14.473541843481257 ], [ 35.274370506693572, -14.473701528902382 ], [ 35.274449317881761, -14.473854933458369 ], [ 35.274540419205039, -14.474002728043445 ], [ 35.274640437306402, -14.474146453196227 ], [ 35.274746822607824, -14.474287273538778 ], [ 35.274971587468826, -14.47456344364798 ], [ 35.275322957088861, -14.474971216948063 ], [ 35.278052607242103, -14.478081696712877 ], [ 35.278287289826608, -14.478354184098293 ], [ 35.278515096194781, -14.478630698647805 ], [ 35.278624014886418, -14.478771775297162 ], [ 35.278730558468567, -14.47892019850832 ], [ 35.278815958989355, -14.479051489634514 ], [ 35.278893728762625, -14.479186378048837 ], [ 35.278962822776123, -14.479325106568353 ], [ 35.278993908741938, -14.479395896703238 ], [ 35.279048980526056, -14.479540165945878 ], [ 35.279094679575849, -14.479687679942401 ], [ 35.279137091603559, -14.479864123330572 ], [ 35.279156614985823, -14.47996670090248 ], [ 35.279182683634019, -14.480137421005111 ], [ 35.279203024500021, -14.480309711324082 ], [ 35.279232869401426, -14.480657171591133 ], [ 35.279255032293975, -14.481006569897261 ], [ 35.279330408971248, -14.482406765759606 ], [ 35.279412942453405, -14.483804905771763 ], [ 35.279440607398158, -14.484328669132708 ], [ 35.279452273403763, -14.484677400141834 ], [ 35.279453988410864, -14.484851504393362 ], [ 35.279447336125713, -14.485127813897464 ], [ 35.279436577536103, -14.485284053116516 ], [ 35.279420133432438, -14.485439864258296 ], [ 35.279381402329932, -14.485699705377044 ], [ 35.279349765079644, -14.485872964265866 ], [ 35.279278135877348, -14.486218562936301 ], [ 35.279200367902718, -14.486563470927422 ], [ 35.278633463163828, -14.488974981410195 ], [ 35.277953858983437, -14.491904415056638 ], [ 35.277786885456464, -14.492591595125987 ], [ 35.277742091124651, -14.492762495093018 ], [ 35.277667170403618, -14.493028467789486 ], [ 35.277579327324133, -14.493308706431606 ], [ 35.277523022569483, -14.493476992968795 ], [ 35.277346053977283, -14.493979420813559 ], [ 35.276491369780956, -14.496315631061464 ], [ 35.275764865056544, -14.498321519422518 ], [ 35.27564078829181, -14.498654340525377 ], [ 35.275510678874809, -14.498983968135576 ], [ 35.275441466150767, -14.499146556568292 ], [ 35.275327868286524, -14.499388029933584 ], [ 35.27525411578489, -14.499526528226625 ], [ 35.275174327033596, -14.499661904972868 ], [ 35.27504064640874, -14.499863175944768 ], [ 35.274939790139229, -14.500000854955431 ], [ 35.274835035308683, -14.500136052736593 ], [ 35.274727495277716, -14.500269477054701 ], [ 35.274507186557457, -14.500532991903981 ], [ 35.27371866098747, -14.501443942184153 ], [ 35.273262191197205, -14.501958474004311 ], [ 35.273027773912702, -14.502209002643326 ], [ 35.27290723328224, -14.502330682714785 ], [ 35.2727364879986, -14.502491557039662 ], [ 35.272582683244309, -14.502624621628911 ], [ 35.272447405423463, -14.502734362300941 ], [ 35.272309676050781, -14.502841304282697 ], [ 35.271887915594903, -14.50315231682589 ], [ 35.26989010224645, -14.504569997307499 ], [ 35.269603466726664, -14.504770469681375 ], [ 35.26931453523764, -14.504967144218313 ], [ 35.269020903891658, -14.505156029726948 ], [ 35.268853421348354, -14.505255856272697 ], [ 35.268584180515575, -14.505403090580103 ], [ 35.26828142464808, -14.505555549049291 ], [ 35.26782088002966, -14.505773432298042 ], [ 35.267355270429448, -14.505982685652384 ], [ 35.267041833314011, -14.506116416639259 ], [ 35.266883896174932, -14.506180693883891 ], [ 35.266659747349536, -14.506267374139952 ], [ 35.266045430352392, -14.506495872986079 ], [ 35.265894699480839, -14.506557230132046 ], [ 35.265746886010049, -14.506623172921024 ], [ 35.265603310144684, -14.506695687955585 ], [ 35.265465673402161, -14.506777239378039 ], [ 35.265328912599273, -14.50687491834276 ], [ 35.265199546022302, -14.506983007859503 ], [ 35.265076675248395, -14.507099296495312 ], [ 35.264960086239057, -14.50722224551015 ], [ 35.264850278117876, -14.507350893528894 ], [ 35.26474852522432, -14.507484789990997 ], [ 35.264656977837319, -14.507623935795948 ], [ 35.264578814160984, -14.507768751826404 ], [ 35.264518080245239, -14.507916291903314 ], [ 35.264471697710746, -14.508067274585017 ], [ 35.264438217749614, -14.508219084642974 ], [ 35.264417430819833, -14.50836908796299 ], [ 35.264410395423454, -14.508514439989369 ], [ 35.264419517246949, -14.50865187798172 ], [ 35.264448697549426, -14.50877749798309 ], [ 35.264503534610469, -14.508886513801542 ], [ 35.264592124127262, -14.508977945175957 ], [ 35.264707064679328, -14.509051286687509 ], [ 35.264841199461841, -14.509111275964585 ], [ 35.264989089375035, -14.509161546268274 ], [ 35.265146660490018, -14.509204851322806 ], [ 35.265310896480742, -14.509243256870775 ], [ 35.265651155876185, -14.509311142195429 ], [ 35.266347556694427, -14.509435449186583 ], [ 35.266694612266576, -14.509501526873919 ], [ 35.266866603111282, -14.509537861283206 ], [ 35.267037055215951, -14.509577715639011 ], [ 35.267275285625999, -14.509643099949074 ], [ 35.267413218245451, -14.509688333149995 ], [ 35.267555741004685, -14.509742321251053 ], [ 35.267629362205355, -14.509773404518967 ], [ 35.267773815808994, -14.509841083898834 ], [ 35.2679638011885, -14.509943472613145 ], [ 35.268116565427192, -14.510035451674696 ], [ 35.268266781886553, -14.510132298766507 ], [ 35.268415177218685, -14.510232573174676 ], [ 35.268854182174834, -14.51054471166907 ], [ 35.27059315445058, -14.511820245308002 ], [ 35.272479734252386, -14.513194803297495 ], [ 35.274664199193467, -14.514773351808685 ], [ 35.274953397781132, -14.514986131404783 ], [ 35.275237365911778, -14.515204115377571 ], [ 35.275375635777038, -14.515316747369923 ], [ 35.275509953121912, -14.515433220366788 ], [ 35.275584933198161, -14.515502606659936 ], [ 35.275696690150198, -14.51561403356078 ], [ 35.275750297838044, -14.515671644131032 ], [ 35.27585267935774, -14.515790744047536 ], [ 35.275901422612606, -14.515852183931088 ], [ 35.275994182285729, -14.515978545873168 ], [ 35.27605239809975, -14.516064443719074 ], [ 35.276146250449131, -14.516213131330915 ], [ 35.276235759972394, -14.516365109562116 ], [ 35.276406539430297, -14.516675273145268 ], [ 35.276571463402377, -14.516989816426815 ], [ 35.277139947350747, -14.518097549162519 ], [ 35.277876273571223, -14.519518863804478 ], [ 35.278034297944544, -14.519836428808105 ], [ 35.27810989045912, -14.51999629409363 ], [ 35.278181754384491, -14.520157325799914 ], [ 35.278248318605051, -14.520320000567551 ], [ 35.278318047539926, -14.520517139154606 ], [ 35.278361489291342, -14.520666641552225 ], [ 35.278396864124034, -14.520817998351902 ], [ 35.278424253876267, -14.520971009004825 ], [ 35.278444364515849, -14.521125388425901 ], [ 35.278460091859813, -14.521302484721843 ], [ 35.278470232615177, -14.521480574768646 ], [ 35.278480001950584, -14.521838593076552 ], [ 35.278482392348565, -14.522197867737361 ], [ 35.27847843083498, -14.523816780519951 ], [ 35.278474603320319, -14.524355777497078 ], [ 35.278466545394792, -14.524714490081578 ], [ 35.27845904055232, -14.524893497436892 ], [ 35.278441501973816, -14.52515044453736 ], [ 35.278415820034127, -14.525384736816079 ], [ 35.278380515348545, -14.525620920369136 ], [ 35.278349658709828, -14.525797111947099 ], [ 35.278280880358409, -14.526148643445083 ], [ 35.278168887783977, -14.526674894330881 ], [ 35.277821281826732, -14.5282533340241 ], [ 35.277669929523654, -14.528956898841784 ], [ 35.277564762803593, -14.529487027604205 ], [ 35.277505421038427, -14.529842591662202 ], [ 35.277481709513324, -14.530021307637185 ], [ 35.277463885849727, -14.530200804223682 ], [ 35.277453555337388, -14.530371538715485 ], [ 35.277448419309167, -14.530542819095785 ], [ 35.277446955212838, -14.530714345890317 ], [ 35.27745287455059, -14.531393473430001 ], [ 35.277450974283113, -14.531557467503092 ], [ 35.27744450905692, -14.531716387601136 ], [ 35.277431143332649, -14.531867954842198 ], [ 35.277407850891677, -14.532009109732599 ], [ 35.277370692703357, -14.532135797229216 ], [ 35.277357735271323, -14.53216668444486 ], [ 35.277331782635713, -14.532216430443839 ], [ 35.277300859447166, -14.532260887529901 ], [ 35.277264380247004, -14.53229929037991 ], [ 35.277167469303322, -14.532359819250189 ], [ 35.277049488143405, -14.532396568247009 ], [ 35.276915957705341, -14.532415651860788 ], [ 35.276771150668139, -14.532421764552737 ], [ 35.276618342362667, -14.532418453248965 ], [ 35.276460032004934, -14.532408352063726 ], [ 35.276298119862417, -14.532393372955767 ], [ 35.275968983281984, -14.532353713752855 ], [ 35.275602176799055, -14.532299066448729 ], [ 35.275602925934322, -14.532262369612624 ], [ 35.272675374568905, -14.531929795823373 ], [ 35.272610094580273, -14.531968619556096 ], [ 35.272400516570656, -14.531955582983699 ], [ 35.272221604543461, -14.531941546365204 ], [ 35.271869734001086, -14.531904934964757 ], [ 35.271699770228281, -14.531880859214255 ], [ 35.271536772604009, -14.531851096151115 ], [ 35.271384035345022, -14.531813428946521 ], [ 35.27124602088719, -14.531764754040125 ], [ 35.271128708822914, -14.53170084102095 ], [ 35.271040000595576, -14.531616048441833 ], [ 35.271012307771855, -14.531570589511034 ], [ 35.270991302306811, -14.531520384857856 ], [ 35.270973495730289, -14.531452792712173 ], [ 35.270960047268431, -14.531317327832369 ], [ 35.270965154518308, -14.531169281437144 ], [ 35.270983502486729, -14.531012287686906 ], [ 35.271011123364701, -14.53084904994364 ], [ 35.271045097053616, -14.530681552111901 ], [ 35.271083304750789, -14.530511232207573 ], [ 35.271166810400018, -14.530165917722854 ], [ 35.2714725727011, -14.528949100820284 ], [ 35.271684637336193, -14.528084694952668 ], [ 35.272264869128435, -14.525674653962085 ], [ 35.272468339842078, -14.524818851009115 ], [ 35.272740784059977, -14.523648282642057 ], [ 35.272853445729993, -14.523146359316968 ], [ 35.272920482094605, -14.522812507591084 ], [ 35.272948780162153, -14.522646155495636 ], [ 35.27297149523838, -14.522480450012722 ], [ 35.27298636013245, -14.522315683421994 ], [ 35.272990375605389, -14.522152246029293 ], [ 35.272979624210336, -14.521990653146077 ], [ 35.272949266695377, -14.521824616712649 ], [ 35.272904607261864, -14.521666139080992 ], [ 35.272848881670598, -14.5215091363375 ], [ 35.272785051389064, -14.521353300914086 ], [ 35.272715283783384, -14.521198471831951 ], [ 35.272641087915929, -14.521044642795971 ], [ 35.272563426061311, -14.520891963992881 ], [ 35.272399209855678, -14.520591603020023 ], [ 35.272312334446724, -14.520445282423793 ], [ 35.272221338344139, -14.520302952119494 ], [ 35.27212491663164, -14.520166176927489 ], [ 35.27202119242412, -14.520037047771496 ], [ 35.271907622438903, -14.519918307583794 ], [ 35.271777861059491, -14.519808900560292 ], [ 35.271637774563715, -14.519710458970451 ], [ 35.27149022819151, -14.519619987172632 ], [ 35.271337383913192, -14.519535214378607 ], [ 35.271180851515112, -14.519454445366307 ], [ 35.270861112850127, -14.519300262896763 ], [ 35.269235553178305, -14.518561648800983 ], [ 35.268425782024281, -14.518189664921067 ], [ 35.267782228067404, -14.517884756975889 ], [ 35.267563360061047, -14.517776089195138 ], [ 35.267345540664223, -14.517663791750522 ], [ 35.266716058399425, -14.517324827378843 ], [ 35.265149869271113, -14.51646208345835 ], [ 35.263894443573747, -14.515774735215814 ], [ 35.263425975028781, -14.515513735770242 ], [ 35.263118246809711, -14.515333629443376 ], [ 35.262967255134754, -14.515239791483168 ], [ 35.262807622773607, -14.515133944875629 ], [ 35.262615551866304, -14.514992592134377 ], [ 35.262553810709846, -14.51494288390694 ], [ 35.262433989537044, -14.514839492448573 ], [ 35.26228999728562, -14.514702555378562 ], [ 35.262167848667332, -14.514576331932119 ], [ 35.261932496087866, -14.514313958322475 ], [ 35.261590749213781, -14.51390790452615 ], [ 35.260690628569705, -14.512811550012998 ], [ 35.259783144276753, -14.511718987041547 ], [ 35.259558800298464, -14.511444252250385 ], [ 35.259341355918878, -14.511165761890368 ], [ 35.25923764699985, -14.511023885743668 ], [ 35.259139329516472, -14.510879241483735 ], [ 35.259067443108052, -14.51076330448285 ], [ 35.259001368118675, -14.510644829595151 ], [ 35.258966391685703, -14.510575604280689 ], [ 35.258903420256672, -14.510434429605198 ], [ 35.258850222659703, -14.510289769157453 ], [ 35.258827364591241, -14.510216232493065 ], [ 35.258789049874792, -14.510067020576514 ], [ 35.258760155556786, -14.509915373295769 ], [ 35.258736780378172, -14.509733653585215 ], [ 35.258723386774932, -14.50956281117476 ], [ 35.258715774013808, -14.509390783457832 ], [ 35.258711423993077, -14.50904456695315 ], [ 35.258717510604697, -14.508522843254582 ], [ 35.258747651383032, -14.506956649629615 ], [ 35.258759519736088, -14.506609928605258 ], [ 35.258781300416729, -14.506265038600588 ], [ 35.258808009382165, -14.506023389867494 ], [ 35.258843555086059, -14.505813624798918 ], [ 35.258859942532354, -14.505737347900265 ], [ 35.258898284228508, -14.505585965020202 ], [ 35.258964221621568, -14.505375133355699 ], [ 35.25902455713765, -14.505209869439852 ], [ 35.259089888387678, -14.505045991379347 ], [ 35.259158726993689, -14.504883083687332 ], [ 35.259302869431906, -14.504559049860234 ], [ 35.259451593915969, -14.504236339835188 ], [ 35.259756970407921, -14.503594831835983 ], [ 35.259917154952802, -14.503279280414404 ], [ 35.260001443911563, -14.503124513385558 ], [ 35.260090189910386, -14.502972948842455 ], [ 35.26013555171437, -14.502900630759484 ], [ 35.260227459729549, -14.502765254912561 ], [ 35.26032214305252, -14.502640418220665 ], [ 35.260423663021697, -14.502520687879382 ], [ 35.260531775920754, -14.502406173606005 ], [ 35.260651797642424, -14.502291028008472 ], [ 35.260783549221458, -14.502174793332017 ], [ 35.260919282099223, -14.502062337606731 ], [ 35.261198237408792, -14.501844618034625 ], [ 35.261482473537399, -14.501632070463643 ], [ 35.265062461463458, -14.499006582487766 ], [ 35.265489253626185, -14.498689100221725 ], [ 35.265768313257126, -14.49847252638591 ], [ 35.265904413058252, -14.49836115524306 ], [ 35.266036890390239, -14.498246524057777 ], [ 35.266164311733633, -14.498127346799549 ], [ 35.266284788512223, -14.498001923749712 ], [ 35.266396728026621, -14.497868959884556 ], [ 35.266501731070093, -14.497729757422348 ], [ 35.266601682621626, -14.497586011585099 ], [ 35.266791799302155, -14.497289717346519 ], [ 35.266974674641574, -14.496986908419046 ], [ 35.268137322679365, -14.494995124125637 ], [ 35.269575217222553, -14.492549686718633 ], [ 35.269838185284073, -14.492087815600144 ], [ 35.270005821611448, -14.491775934311875 ], [ 35.270085609463365, -14.491618270566676 ], [ 35.270313756674568, -14.491139476005969 ], [ 35.270533914308771, -14.490656546362459 ], [ 35.272059950506389, -14.48726728395792 ], [ 35.272203382480143, -14.486943579282695 ], [ 35.272342943771889, -14.486618288203374 ], [ 35.272474661176716, -14.486289871080658 ], [ 35.272536714397916, -14.486121689764104 ], [ 35.272653538130328, -14.485782390844633 ], [ 35.272764914669153, -14.485440770774915 ], [ 35.272927244996424, -14.484926322591662 ], [ 35.273032339770737, -14.484582724912798 ], [ 35.273131558374757, -14.484238820565054 ], [ 35.273176847333673, -14.484066758673919 ], [ 35.273217371684382, -14.483894615843781 ], [ 35.273251042301808, -14.483722384880139 ], [ 35.273275037113308, -14.483550057688944 ], [ 35.27328560864396, -14.483377633371049 ], [ 35.273279892553035, -14.483208126453803 ], [ 35.273260876388406, -14.483038657308157 ], [ 35.273231837279525, -14.482869380617387 ], [ 35.273195106269213, -14.482700492433707 ], [ 35.273152207708279, -14.482532256258594 ], [ 35.273103957281876, -14.482365020129521 ], [ 35.273050528559111, -14.482199257089974 ], [ 35.272991470080342, -14.482035594866772 ], [ 35.272925694565231, -14.481874868929992 ], [ 35.272851429449986, -14.481718173754643 ], [ 35.272766974116621, -14.481566023752976 ], [ 35.272674432079441, -14.481417920700437 ], [ 35.272576085817775, -14.481272760229672 ], [ 35.272368406276996, -14.480988122104122 ], [ 35.272152952097088, -14.480707634349812 ], [ 35.271058896251134, -14.479315923590946 ], [ 35.270728934992405, -14.478901423361947 ], [ 35.270504195312412, -14.478630212114524 ], [ 35.270388829381034, -14.478497729386675 ], [ 35.270270336506883, -14.478368478822176 ], [ 35.270147533182183, -14.478243671807945 ], [ 35.270019813263843, -14.478124604267009 ], [ 35.269887790089513, -14.478009964088528 ], [ 35.269752627381877, -14.477898556073455 ], [ 35.269476200965926, -14.477682026304421 ], [ 35.269053891923647, -14.477365147483511 ], [ 35.267493402698449, -14.476215879559163 ], [ 35.266786405168489, -14.475690835563569 ], [ 35.266366234713985, -14.475370810914171 ], [ 35.266160057940397, -14.475207933799084 ], [ 35.265983289896951, -14.475063562033711 ], [ 35.265455047012836, -14.474615714943241 ], [ 35.264013896923871, -14.473369055837225 ], [ 35.263491371929319, -14.472914187739548 ], [ 35.263233416688877, -14.472683670814718 ], [ 35.262981329524791, -14.472447704897604 ], [ 35.262859106262795, -14.472326184006135 ], [ 35.262768207286967, -14.472231004257367 ], [ 35.262616667025611, -14.472060223900144 ], [ 35.262444776904999, -14.471846890321672 ], [ 35.262233089985159, -14.471562202733423 ], [ 35.261926217920688, -14.471126028843116 ], [ 35.260315361264986, -14.46877807614726 ], [ 35.256782457344571, -14.463650006942203 ], [ 35.255770357615972, -14.462185763162381 ], [ 35.254751849318438, -14.460722301792771 ], [ 35.254551927329658, -14.460427425785042 ], [ 35.254454540644588, -14.460278826306762 ], [ 35.254360049776551, -14.460128981267417 ], [ 35.254269764138371, -14.459977378952829 ], [ 35.254158078232763, -14.459769282126615 ], [ 35.2540997302184, -14.459643971492028 ], [ 35.254069832257017, -14.459572379161898 ], [ 35.254017146374281, -14.459426981270099 ], [ 35.253994561699699, -14.459353205386094 ], [ 35.253957202962624, -14.45920367421013 ], [ 35.253942463973601, -14.459128022340337 ], [ 35.25392073095702, -14.458975258101646 ], [ 35.253908777168363, -14.458821008182952 ], [ 35.253905548602233, -14.458702619630174 ], [ 35.253906608902923, -14.45858392980449 ], [ 35.253914004028104, -14.458406691415632 ], [ 35.253945713224141, -14.4578827221099 ], [ 35.253947853610612, -14.457714357331668 ], [ 35.253938921544034, -14.457551854334554 ], [ 35.253913450045729, -14.457397636791484 ], [ 35.253864527825726, -14.45725488740311 ], [ 35.253789487494885, -14.457130095677314 ], [ 35.253691902959019, -14.457016180352412 ], [ 35.253577721434738, -14.456910253705189 ], [ 35.253451489894417, -14.456810116893337 ], [ 35.253316638352203, -14.456714130452724 ], [ 35.253175715486918, -14.456621094687705 ], [ 35.253030581096482, -14.456530160638351 ], [ 35.252732579944677, -14.456352540936962 ], [ 35.252428874393104, -14.456179222692924 ], [ 35.252121563459411, -14.456010939753014 ], [ 35.251807211733478, -14.455849365755569 ], [ 35.2514862418966, -14.455694440445995 ], [ 35.251163629897633, -14.455543717668377 ], [ 35.249388614592931, -14.454727036123757 ], [ 35.247618819852732, -14.453904080908558 ], [ 35.24729590658086, -14.453759264878101 ], [ 35.247133739930177, -14.453689678036142 ], [ 35.246970798063955, -14.453623154285083 ], [ 35.246806755427485, -14.453560982353395 ], [ 35.246641176748938, -14.453504884442793 ], [ 35.246473487361584, -14.453457125046214 ], [ 35.246306259326445, -14.45342012693726 ], [ 35.246136981736356, -14.453391226324015 ], [ 35.245966199580494, -14.453368267531459 ], [ 35.245794329244973, -14.453349607498353 ], [ 35.245448486858209, -14.453320567490152 ], [ 35.24510108684575, -14.45329764377118 ], [ 35.243184454399113, -14.453192746847719 ], [ 35.24283630704997, -14.453171423022695 ], [ 35.24248929914188, -14.453145130443374 ], [ 35.242316645496828, -14.453128467804504 ], [ 35.24214492624742, -14.453108054093377 ], [ 35.24197454339054, -14.45308236495913 ], [ 35.241778121563129, -14.45304313203485 ], [ 35.241624353681004, -14.45300307892893 ], [ 35.241473470824076, -14.452954433700086 ], [ 35.241399242581053, -14.452926839801762 ], [ 35.241253370746506, -14.45286530908669 ], [ 35.241105358525544, -14.452793057553492 ], [ 35.240878499143491, -14.452665375406696 ], [ 35.240729383454322, -14.452572968267816 ], [ 35.240435521881864, -14.452378489875343 ], [ 35.239709458724576, -14.451874248997342 ], [ 35.239417313058595, -14.451677110410287 ], [ 35.239269772981686, -14.451582119519173 ], [ 35.239120674379649, -14.451490923767096 ], [ 35.238969410210188, -14.451405006136099 ], [ 35.238815184573184, -14.451326320852957 ], [ 35.238656964147651, -14.451257413898475 ], [ 35.238497603381745, -14.451201450886231 ], [ 35.238334465463254, -14.451154665455419 ], [ 35.238168604397629, -14.451114395612819 ], [ 35.238000884433347, -14.451078456005916 ], [ 35.237493696476974, -14.450978791338116 ], [ 35.237325596099424, -14.450942675464034 ], [ 35.237133828263609, -14.450895109421708 ], [ 35.236981178238864, -14.450849536277019 ], [ 35.236832385406331, -14.450795904307483 ], [ 35.236759762453119, -14.450765700576596 ], [ 35.23661869389764, -14.450698065263452 ], [ 35.236483993441595, -14.450620503233608 ], [ 35.236356532528021, -14.450532977614785 ], [ 35.236237057594167, -14.450435739317868 ], [ 35.23612615230013, -14.450329278473362 ], [ 35.236024197059123, -14.450214272270784 ], [ 35.235931322272734, -14.450091548086448 ], [ 35.235847348076732, -14.449962055604317 ], [ 35.235771723186531, -14.449826833541465 ], [ 35.235714194454545, -14.449710195968748 ], [ 35.235650839015079, -14.449567115629861 ], [ 35.235592096198332, -14.449421203325812 ], [ 35.235536836455879, -14.449273254057402 ], [ 35.235433715693489, -14.448973430879107 ], [ 35.235337615038929, -14.448670574287519 ], [ 35.235225664732695, -14.448295799811262 ], [ 35.235119153526171, -14.447955562898869 ], [ 35.23500683629652, -14.447617308991596 ], [ 35.234891026999321, -14.447280386080934 ], [ 35.234594147302118, -14.446441325806518 ], [ 35.234290578447485, -14.445605602016883 ], [ 35.234101719918499, -14.445107382999254 ], [ 35.233858815731821, -14.444495392548276 ], [ 35.233674291935074, -14.443990729888242 ], [ 35.23339112779837, -14.443176397372781 ], [ 35.233112589774237, -14.442360002711894 ], [ 35.232960252713553, -14.441891389376053 ], [ 35.232877319932413, -14.441607620894956 ], [ 35.232820778656048, -14.441378434067417 ], [ 35.232771246695734, -14.441120123594771 ], [ 35.232745012572309, -14.440943965291694 ], [ 35.232723150053403, -14.440767031773078 ], [ 35.232688995600711, -14.440411752800117 ], [ 35.232665476530542, -14.440055706705436 ], [ 35.232658256773163, -14.439877740765098 ], [ 35.232655128931128, -14.439699995158605 ], [ 35.232657462671796, -14.439522631764021 ], [ 35.232663653604789, -14.439393799384277 ], [ 35.232677274736488, -14.439238311998452 ], [ 35.232686784167811, -14.439160844397406 ], [ 35.232708275266759, -14.43902306196469 ], [ 35.232744949619757, -14.438842293736798 ], [ 35.232787095448145, -14.438671256173507 ], [ 35.23283437011014, -14.438501074764758 ], [ 35.232885307710831, -14.438331511190256 ], [ 35.233050683142551, -14.437824953658662 ], [ 35.233398023799793, -14.436814882800547 ], [ 35.23351068546981, -14.436478387967213 ], [ 35.233615521239358, -14.436142053213132 ], [ 35.233662381313877, -14.435974009492895 ], [ 35.233703302265667, -14.435806104268238 ], [ 35.233735853227074, -14.435638395995113 ], [ 35.233756786746369, -14.435470964713204 ], [ 35.233761827446415, -14.435303913844507 ], [ 35.233748779182861, -14.435146592741035 ], [ 35.233721355256364, -14.434989611581273 ], [ 35.233683270766392, -14.434832873238463 ], [ 35.233637419731167, -14.434676301270258 ], [ 35.233530892336887, -14.434363392956186 ], [ 35.233296975974724, -14.433736782226674 ], [ 35.233185950171503, -14.433421741620009 ], [ 35.233135760806761, -14.433263315249746 ], [ 35.233091166124495, -14.433103999449941 ], [ 35.233068629113973, -14.433011044623981 ], [ 35.233038395705421, -14.432858959373448 ], [ 35.233017135732268, -14.432705976599493 ], [ 35.233010076953519, -14.432629208671017 ], [ 35.233003190844613, -14.432475314883845 ], [ 35.233005641497186, -14.432321239433634 ], [ 35.233016516099383, -14.432167325861371 ], [ 35.233036427089473, -14.431997394464133 ], [ 35.233109865727783, -14.43150691681069 ], [ 35.233127530211391, -14.43134550918785 ], [ 35.233135182542696, -14.43118554587619 ], [ 35.233127922315816, -14.431027432469989 ], [ 35.233100324820214, -14.43086467226675 ], [ 35.233055796687722, -14.430703840210015 ], [ 35.232998827334086, -14.430544409296999 ], [ 35.232932849471467, -14.430385982926737 ], [ 35.232860451348813, -14.430228263423544 ], [ 35.232703577208383, -14.429914128434234 ], [ 35.232453964978561, -14.429444416126842 ], [ 35.231098462723935, -14.426942043540407 ], [ 35.230931758993506, -14.426628439151102 ], [ 35.23076950510864, -14.426313221377995 ], [ 35.230616930626923, -14.425994525926569 ], [ 35.230525216865317, -14.425778759681975 ], [ 35.230483964963071, -14.425669763648614 ], [ 35.230440132006549, -14.425540591325159 ], [ 35.230376615588398, -14.42531493793399 ], [ 35.230323609546986, -14.425070398779837 ], [ 35.230293523627267, -14.424900570804652 ], [ 35.230266981935699, -14.424729772460978 ], [ 35.230199604728, -14.424214040045854 ], [ 35.230080611830829, -14.423178269261655 ], [ 35.230015931689934, -14.422661905522489 ], [ 35.229964536334364, -14.42232021620498 ], [ 35.229934132054609, -14.422150861273167 ], [ 35.229898990146353, -14.421983027094996 ], [ 35.229857432474603, -14.421817272149326 ], [ 35.229807286277264, -14.42165432039053 ], [ 35.229745622462531, -14.421491660911386 ], [ 35.229675552684682, -14.421331766847516 ], [ 35.229599904412112, -14.421173725387064 ], [ 35.229363064354004, -14.420703521150529 ], [ 35.229288451201114, -14.420545967122621 ], [ 35.229220399501912, -14.420386900435062 ], [ 35.229170694871698, -14.420251377099305 ], [ 35.229130133648823, -14.420114160340177 ], [ 35.229098927173823, -14.419965948469724 ], [ 35.229088544500769, -14.419891149157138 ], [ 35.229077977466716, -14.419721516334846 ], [ 35.229081613425762, -14.419550287215941 ], [ 35.229095765157467, -14.419378021178716 ], [ 35.229117770668609, -14.419205216447551 ], [ 35.229145830415803, -14.419032352361114 ], [ 35.229178887695582, -14.418859942432334 ], [ 35.22921655310148, -14.418688579314448 ], [ 35.22925907934308, -14.418519002250093 ], [ 35.229307371138304, -14.418352157326126 ], [ 35.229363045468233, -14.418189282009735 ], [ 35.229428532300972, -14.418031998677748 ], [ 35.229507216684738, -14.417882425233699 ], [ 35.229598375564649, -14.417746958555256 ], [ 35.229701801197223, -14.417618772788103 ], [ 35.229814207459754, -14.417495960470148 ], [ 35.229933087042411, -14.417377055706481 ], [ 35.230056550469499, -14.41726094693513 ], [ 35.230311971420406, -14.417034001218155 ], [ 35.231360570134257, -14.416143293777964 ], [ 35.231746487210671, -14.415802795162847 ], [ 35.231995926770651, -14.415568475005045 ], [ 35.232116719211263, -14.415447567451224 ], [ 35.232121991936424, -14.415441944889778 ], [ 35.232148869075104, -14.415478185769587 ], [ 35.23217248796999, -14.415445013376598 ], [ 35.232315002635289, -14.415257031686622 ], [ 35.232460683813542, -14.415076377672619 ], [ 35.232702675188364, -14.414811454485005 ], [ 35.23286535175464, -14.414640858488781 ], [ 35.233031808171461, -14.414473996477682 ], [ 35.233289561963772, -14.41423217687344 ], [ 35.23346705126346, -14.414077264154344 ], [ 35.233649084837452, -14.41392774197169 ], [ 35.233835582646066, -14.413783820766696 ], [ 35.234026409791056, -14.413645665115325 ], [ 35.234221401696402, -14.41351340811724 ], [ 35.234420374900424, -14.413387165785025 ], [ 35.234521295921127, -14.413326334742521 ], [ 35.234829483693773, -14.413153124417136 ], [ 35.23503921818542, -14.41304551064178 ], [ 35.235252136277097, -14.412944283851573 ], [ 35.23546803202413, -14.412849522287559 ], [ 35.235686702179635, -14.4127613050901 ], [ 35.236019463027844, -14.412641406575631 ], [ 35.23624417123159, -14.412569852016986 ], [ 35.236470934386148, -14.412505073850014 ], [ 35.236699544748262, -14.41244712603401 ], [ 35.236929794574394, -14.412396058031618 ], [ 35.237277784542187, -14.412332448083987 ], [ 35.237511217069084, -14.412298761278748 ], [ 35.23774555431396, -14.412272083789617 ], [ 35.237980584936111, -14.412252437200152 ], [ 35.238216097594886, -14.412239840396296 ], [ 35.238451878251624, -14.412234302371132 ], [ 35.238687716464995, -14.412235828520636 ], [ 35.238923398196334, -14.412244416146848 ], [ 35.239158712104938, -14.412260057155891 ], [ 35.239393445051519, -14.412282737158534 ], [ 35.239627386594691, -14.412312435470483 ], [ 35.239976351427515, -14.412370080214998 ], [ 35.240322353893589, -14.412443324599678 ], [ 35.240551029006838, -14.412500753506947 ], [ 35.2407778686038, -14.412564998375956 ], [ 35.241002670337025, -14.412636000750808 ], [ 35.241225231859005, -14.412713695880313 ], [ 35.241445352620985, -14.412798014516738 ], [ 35.241662838369336, -14.412888878418983 ], [ 35.241983700287562, -14.413037271952476 ], [ 35.242297560983729, -14.413199905351291 ], [ 35.24250260281292, -14.413316086967768 ], [ 35.242704078830229, -14.413438357893881 ], [ 35.242901816365759, -14.413566612908824 ], [ 35.243095650843657, -14.41370074679196 ], [ 35.243293494499198, -14.41384824100345 ], [ 35.243402871845092, -14.413935772018192 ], [ 35.243634037181096, -14.414131789150701 ], [ 35.243866578479867, -14.414342022766107 ], [ 35.244083140624468, -14.4145490377079 ], [ 35.244267364947007, -14.41473432682767 ], [ 35.24440389372478, -14.414878332568946 ], [ 35.244488072066929, -14.41497152211798 ], [ 35.244522302961968, -14.415016777802009 ], [ 35.244583841770918, -14.415108912446328 ], [ 35.244667070428989, -14.415242949202707 ], [ 35.244765616340146, -14.415410081909727 ] ] ] ] } },
{ "type": "Feature", "properties": { "SitRecID": 48998, "Country": "Malawi", "ISO3": "MWI", "NatName": "Lower Bua", "IntName": "Lower Bua", "SitLat": -12.7763938492, "SitLong": 34.221055630499997, "IbaStatus": null, "AzeStatus": null, "AddedDate": "2019-07-25", "ChangeDate": null, "Source": "The Lower Bua KBA has been newly delineated for freshwater trigger species. This includes the Bua River from its mouth in Lake Malawi to the border of the Nkhotakota Wildlife Reserve, including a 1 km area around the river course.", "DelTxt": "New polygon delineation.The Lower Bua KBA has been newly delineated for freshwater trigger species. This includes the Bua River from its mouth in Lake Malawi to the border of the Nkhotakota Wildlife Reserve, including a 1 km area around the river course.", "DelGeom": "4. refined polygon", "Shape_Leng": 0.3451828891, "Shape_Area": 0.00278749035, "GISArea": 3348.0, "KBA_Qual": "Global", "LegacyKBA": null, "Trigger Ecosystems": null }, "geometry": { "type": "MultiPolygon", "coordinates": [ [ [ [ 34.213470516950849, -12.750343386837812 ], [ 34.214451257319695, -12.750710149253962 ], [ 34.215427519964123, -12.751874417870056 ], [ 34.217692005681556, -12.754575010927965 ], [ 34.225678044805989, -12.763695689604333 ], [ 34.231857717359844, -12.768501336567397 ], [ 34.235581630987554, -12.771362812943437 ], [ 34.240889547514655, -12.773699382920142 ], [ 34.24562502217708, -12.774824181190979 ], [ 34.247174452439083, -12.775462230397579 ], [ 34.248118616481008, -12.776315562912828 ], [ 34.251442526951109, -12.781251445197995 ], [ 34.252647345998298, -12.781775272410869 ], [ 34.253839982828993, -12.781554434889188 ], [ 34.259713781565836, -12.780466805598564 ], [ 34.265037807648753, -12.779486008572405 ], [ 34.268608126963557, -12.779997558240666 ], [ 34.26930454666757, -12.780098970291192 ], [ 34.271187928480174, -12.780703831816311 ], [ 34.272889715587951, -12.781573802688797 ], [ 34.274315793938797, -12.782427102828478 ], [ 34.275599264994128, -12.78363349658855 ], [ 34.276882735150139, -12.785075292390786 ], [ 34.27821391524003, -12.786606349503359 ], [ 34.278389500674962, -12.786791546892346 ], [ 34.278559872740004, -12.786981551157623 ], [ 34.27872490013408, -12.787176215709735 ], [ 34.278884456052879, -12.787375389462625 ], [ 34.279038416389881, -12.787578919531484 ], [ 34.279186662434597, -12.787786648534961 ], [ 34.279329080872458, -12.787998416393748 ], [ 34.279465560187532, -12.788214058531935 ], [ 34.279595996058447, -12.788433409474237 ], [ 34.279720286861789, -12.788656300148091 ], [ 34.279838337269496, -12.78888255698439 ], [ 34.279950056449991, -12.789112006413916 ], [ 34.280055358068353, -12.789344471270283 ], [ 34.280154160286315, -12.789579772588411 ], [ 34.280246386661474, -12.789817726906506 ], [ 34.28033196704672, -12.790058152561642 ], [ 34.280410834892166, -12.790300862494746 ], [ 34.280482928144693, -12.790545670546237 ], [ 34.28054819284489, -12.790792386059707 ], [ 34.280606578630739, -12.79104082017767 ], [ 34.280658038737556, -12.791290780445138 ], [ 34.280702534494424, -12.791542074407175 ], [ 34.280740031727134, -12.791794506910946 ], [ 34.2807705016574, -12.792047883702821 ], [ 34.280793919104156, -12.792302009630021 ], [ 34.280810268778907, -12.792556687740898 ], [ 34.280819535393277, -12.792811721983355 ], [ 34.28082171355129, -12.793066915405802 ], [ 34.280816800554931, -12.793322070157387 ], [ 34.28080480090091, -12.793576991085217 ], [ 34.280785722682992, -12.793831479439177 ], [ 34.280759582089104, -12.794085339166998 ], [ 34.280726398904221, -12.794338375115899 ], [ 34.280686198309468, -12.794590391233498 ], [ 34.280639011781034, -12.794841193266393 ], [ 34.280584875291822, -12.795090587860273 ], [ 34.280523831109974, -12.79533838166094 ], [ 34.280455926000229, -12.795584384012045 ], [ 34.280381212123302, -12.795828405156726 ], [ 34.280299747935089, -12.796070256237272 ], [ 34.280211595488765, -12.79630975019478 ], [ 34.280116824032234, -12.796546703567458 ], [ 34.280015505511244, -12.796780931994363 ], [ 34.279907719066046, -12.797012254711717 ], [ 34.279793546535018, -12.797240493653817 ], [ 34.279673077850305, -12.797465472553483 ], [ 34.27954640474286, -12.797687017841554 ], [ 34.279413625238647, -12.797904957747562 ], [ 34.279274842759833, -12.798119124997584 ], [ 34.279130163426373, -12.798329354116333 ], [ 34.278979698754142, -12.798535482326599 ], [ 34.278823566554422, -12.798737350448334 ], [ 34.278661884638325, -12.798934802898771 ], [ 34.278494780709593, -12.799127687692589 ], [ 34.278322381572707, -12.799315854642941 ], [ 34.27814482212591, -12.799499159858271 ], [ 34.277962237267502, -12.799677461245778 ], [ 34.277774769989719, -12.799850621209146 ], [ 34.277582564184058, -12.800018505749392 ], [ 34.277385768238673, -12.800180985364136 ], [ 34.277184534138996, -12.800337935047594 ], [ 34.276979017467738, -12.800489232492055 ], [ 34.27676937650557, -12.800634762584195 ], [ 34.276555773130497, -12.800774412009446 ], [ 34.27633837281769, -12.800908072849211 ], [ 34.276117341941813, -12.801035642580814 ], [ 34.275892853172707, -12.801157022278687 ], [ 34.275665078280781, -12.801272117514145 ], [ 34.275434194432592, -12.801380841052946 ], [ 34.275200378794523, -12.801483107459376 ], [ 34.274963811230975, -12.80157883849256 ], [ 34.274724676102949, -12.801667960407997 ], [ 34.274483157771556, -12.801750403058634 ], [ 34.274239441497059, -12.801826105290502 ], [ 34.27399371613717, -12.801895005949746 ], [ 34.273746171448693, -12.80195705377497 ], [ 34.273496998088035, -12.802012200202853 ], [ 34.273246389409394, -12.802060402965196 ], [ 34.272994537867703, -12.802101624290458 ], [ 34.272741638615798, -12.802135832702447 ], [ 34.272487886806573, -12.802163001221459 ], [ 34.272233477592977, -12.802183110062458 ], [ 34.271978607926485, -12.8021961421382 ], [ 34.27172347475863, -12.802202088455545 ], [ 34.271468275040888, -12.802200944517949 ], [ 34.271213204825585, -12.80219271122462 ], [ 34.270958462862836, -12.802177393971533 ], [ 34.270704244305477, -12.802155005349164 ], [ 34.270450746105098, -12.802125563344021 ], [ 34.270198163414534, -12.802089088640457 ], [ 34.269946691386735, -12.802045610916139 ], [ 34.269696525174538, -12.801995164345328 ], [ 34.269447856333557, -12.801937785800135 ], [ 34.269200878217987, -12.801873521146035 ], [ 34.268955780584861, -12.801802419845728 ], [ 34.268712752291719, -12.801724535858625 ], [ 34.268471982196274, -12.801639930338467 ], [ 34.268233655558788, -12.80154866893588 ], [ 34.267997956740373, -12.801450820898594 ], [ 34.267765067404014, -12.801346461769754 ], [ 34.26753516651479, -12.801235673387566 ], [ 34.267308433037783, -12.801118540288371 ], [ 34.267085041441533, -12.800995153303631 ], [ 34.266865163496561, -12.800865606862203 ], [ 34.266648970073959, -12.8007300025875 ], [ 34.266436627548387, -12.800588443901518 ], [ 34.260002052053096, -12.800832949780784 ], [ 34.247680734778157, -12.800440599853744 ], [ 34.238782006084762, -12.794476952549303 ], [ 34.236329126787837, -12.794450822747251 ], [ 34.233610094929986, -12.794633888742908 ], [ 34.224559250409129, -12.78678718877768 ], [ 34.217257729360767, -12.783727040470467 ], [ 34.214519658855238, -12.779646898185774 ], [ 34.206761793022395, -12.772820650852282 ], [ 34.199840559294444, -12.771251423814135 ], [ 34.198661060659447, -12.770953838149069 ], [ 34.197962316207963, -12.77093083169251 ], [ 34.197216952700273, -12.771119138037761 ], [ 34.19704962573968, -12.771684058872154 ], [ 34.197095260937601, -12.772578518283922 ], [ 34.197330661181127, -12.773212958511181 ], [ 34.201345378686312, -12.778866665264331 ], [ 34.201981955702763, -12.780009714376774 ], [ 34.202312832471307, -12.781484226615703 ], [ 34.203455890576947, -12.790623403447285 ], [ 34.203442259552673, -12.792077721409669 ], [ 34.203292637545246, -12.793162693203669 ], [ 34.202567390972376, -12.79531236067686 ], [ 34.20136752359241, -12.797810914741888 ], [ 34.199894433181612, -12.800231346499402 ], [ 34.197992995680238, -12.8024383214713 ], [ 34.196488429897158, -12.803793508063904 ], [ 34.194498504502405, -12.804561246704111 ], [ 34.190636885783704, -12.804704454746741 ], [ 34.187446664032393, -12.804388963579754 ], [ 34.187575089019219, -12.803656056581701 ], [ 34.187726417040551, -12.802895922608684 ], [ 34.187924338937137, -12.802126538209109 ], [ 34.188100889344639, -12.801465741550658 ], [ 34.188311815437999, -12.800768626670731 ], [ 34.188511224813226, -12.800071563951462 ], [ 34.188710634188453, -12.799374501232194 ], [ 34.188931413254181, -12.798568848073842 ], [ 34.189130244365344, -12.797871787153213 ], [ 34.189353256447703, -12.797174615615972 ], [ 34.189574157821198, -12.796396086010532 ], [ 34.189750531961522, -12.79569912581394 ], [ 34.189960788959297, -12.79498393096361 ], [ 34.190183009638247, -12.794241557701696 ], [ 34.190439774176298, -12.79349902975639 ], [ 34.190741426575642, -12.79262972258357 ], [ 34.190975116308607, -12.791878257175767 ], [ 34.191244052271259, -12.791153755241567 ], [ 34.191511452191833, -12.79034788984319 ], [ 34.191687241772854, -12.789650932344614 ], [ 34.191784121240232, -12.789219641773002 ], [ 34.191862073575862, -12.788872608683903 ], [ 34.192025686336422, -12.788157623375582 ], [ 34.192119016179731, -12.787433914643373 ], [ 34.192247998746211, -12.786701004048041 ], [ 34.192400882594711, -12.78603127172579 ], [ 34.192553147709646, -12.785352502116211 ], [ 34.192822777049571, -12.784655119238323 ], [ 34.193296214348891, -12.782853802361046 ], [ 34.192795723643769, -12.781590313342235 ], [ 34.192353114204934, -12.781004643349547 ], [ 34.191923341688891, -12.780455078439047 ], [ 34.191468689428518, -12.779878502390943 ], [ 34.191049775326917, -12.779310803550686 ], [ 34.190642910342092, -12.778734009866639 ], [ 34.19017587621579, -12.778094198888141 ], [ 34.189768482429599, -12.777526446987906 ], [ 34.189290642049571, -12.776913806327059 ], [ 34.188941473070599, -12.776607981972745 ], [ 34.187753885933148, -12.776742107762004 ], [ 34.187745527634036, -12.776684758894476 ], [ 34.187357337071489, -12.77678689399994 ], [ 34.186621997407315, -12.77688061235034 ], [ 34.18589502413613, -12.776793468943367 ], [ 34.185212197684848, -12.776543384569493 ], [ 34.182925574255876, -12.774844870993945 ], [ 34.182378344884739, -12.774286774215227 ], [ 34.181843461406686, -12.773782866086378 ], [ 34.181286379063181, -12.77333330308943 ], [ 34.180614252745613, -12.773028911355141 ], [ 34.179953474972933, -12.772688302123413 ], [ 34.179187345219873, -12.772348162337778 ], [ 34.178539037446683, -12.772088864409511 ], [ 34.177831672993364, -12.771757499309103 ], [ 34.17734401111727, -12.771253369947033 ], [ 34.17686493506875, -12.770613585048864 ], [ 34.176795466937278, -12.76990868473797 ], [ 34.17687670719431, -12.769175990879205 ], [ 34.177040889225736, -12.768451967384351 ], [ 34.177180973922873, -12.767746133577134 ], [ 34.177275087974976, -12.767058586584483 ], [ 34.17721643329179, -12.766326515955882 ], [ 34.176983763390012, -12.765685632086218 ], [ 34.176563209824337, -12.765000378364732 ], [ 34.176097890705137, -12.764469022927017 ], [ 34.175575297362116, -12.764001209088462 ], [ 34.1751096895606, -12.763406564761112 ], [ 34.174643591628524, -12.762830004001444 ], [ 34.174375857160157, -12.762198313001704 ], [ 34.174189746059994, -12.761539136022236 ], [ 34.174177815653707, -12.760824937620725 ], [ 34.174236035964327, -12.760092345385374 ], [ 34.174410867767392, -12.759304988034728 ], [ 34.174446227311591, -12.758608660960874 ], [ 34.174411270663654, -12.75789456508204 ], [ 34.174189513135559, -12.757244587267849 ], [ 34.173794237713935, -12.756667709047463 ], [ 34.173386750398265, -12.7560637603342 ], [ 34.17302593519878, -12.755468644762118 ], [ 34.172746700200094, -12.754837002325758 ], [ 34.172326386753411, -12.754196944033708 ], [ 34.171721211364854, -12.753666198336362 ], [ 34.176165513427748, -12.753708896348428 ], [ 34.177782430614741, -12.753180850415845 ], [ 34.178916691552104, -12.752214195228873 ], [ 34.179378033869227, -12.751632925618992 ], [ 34.182505095333909, -12.746912519097407 ], [ 34.183290895958123, -12.745990490069005 ], [ 34.184355700455285, -12.745392282627677 ], [ 34.190134922888433, -12.74348090402043 ], [ 34.19156735674818, -12.743217471908736 ], [ 34.192550422763873, -12.743206060411296 ], [ 34.193414150542651, -12.743685929661865 ], [ 34.195467703871486, -12.745333442684171 ], [ 34.201248074738885, -12.750589865829625 ], [ 34.206420885215721, -12.752912543978653 ], [ 34.207640708551935, -12.753308994814233 ], [ 34.208774533318092, -12.75283322197555 ], [ 34.211253617060834, -12.751293123079108 ], [ 34.212228499245896, -12.750687493532951 ], [ 34.213470516950849, -12.750343386837812 ] ] ] ] } },
{ "type": "Feature", "properties": { "SitRecID": 6666, "Country": "Malawi", "ISO3": "MWI", "NatName": "Vwaza Marsh Wildlife Reserve", "IntName": "Vwaza Marsh Wildlife Reserve", "SitLat": -11.010655550699999, "SitLong": 33.4475164077, "IbaStatus": "confirmed", "AzeStatus": null, "AddedDate": "2005-05-12", "ChangeDate": "2019-07-25", "Source": "RSPB funded initiative to create polygon boundaries for IBAs in Africa. and IUCN Freshwater Biodiversity Assessment Unit Assessment 2018. The Nyika-Vwaza (UK) Trust website; http://www.nyika-vwaza-trust.org/nyika/nyika.html (Accessed 16/10/2018).", "DelTxt": "New Polygon delineated from Park and Protected Area boundaries - July 2019.", "DelGeom": "3. draft polygon", "Shape_Leng": 1.45297686676, "Shape_Area": 0.08118340602, "GISArea": 98138.0, "KBA_Qual": "Global", "LegacyKBA": "confirmed", "Trigger Ecosystems": null }, "geometry": { "type": "MultiPolygon", "coordinates": [ [ [ [ 33.559372894943181, -11.03187547657194 ], [ 33.559606402113843, -11.032517141053177 ], [ 33.559933863257243, -11.033221936143377 ], [ 33.560216817851938, -11.033990117250084 ], [ 33.560486476869471, -11.034685973978469 ], [ 33.56075677890226, -11.035418004137512 ], [ 33.561122907296408, -11.036294553550761 ], [ 33.56142567035846, -11.036945131212804 ], [ 33.561823013321487, -11.037685966634001 ], [ 33.562207025633768, -11.038336393209931 ], [ 33.562764509074896, -11.039040755726262 ], [ 33.563259233327017, -11.039537232757027 ], [ 33.563790697582704, -11.040096945617506 ], [ 33.564423871564486, -11.040584120061055 ], [ 33.565100308332603, -11.04095364519452 ], [ 33.565857437670672, -11.041332061025741 ], [ 33.566452611698708, -11.041692690964851 ], [ 33.567129035876349, -11.042053168019265 ], [ 33.567640140380206, -11.042730478029114 ], [ 33.568192042628709, -11.043199708299824 ], [ 33.568788420848989, -11.043587460892581 ], [ 33.569420360960919, -11.044020364847938 ], [ 33.570099308636259, -11.044498395884204 ], [ 33.570707777342079, -11.044922296726554 ], [ 33.571339132894707, -11.045346152602804 ], [ 33.571971081100571, -11.045779051162242 ], [ 33.572615082020491, -11.046230010806312 ], [ 33.573281953599349, -11.046671882801093 ], [ 33.573994636643192, -11.04713175382733 ], [ 33.574626002987713, -11.047555603408341 ], [ 33.575398945105292, -11.048105790649686 ], [ 33.576031530031116, -11.0485658091647 ], [ 33.576664133842769, -11.049034868564263 ], [ 33.577262408733247, -11.049503992715017 ], [ 33.577836583591534, -11.049936986602631 ], [ 33.578409510190795, -11.050315721693153 ], [ 33.579039567122379, -11.050649128254634 ], [ 33.579669052984457, -11.050982533916738 ], [ 33.580520260401727, -11.051460209720858 ], [ 33.581139556945061, -11.051847893065769 ], [ 33.581805827776805, -11.05226261632663 ], [ 33.582460086363938, -11.052677359372581 ], [ 33.583055891716072, -11.053046996921353 ], [ 33.58367516038038, -11.053416587705328 ], [ 33.584282395216405, -11.053777157389845 ], [ 33.584902970595692, -11.054228134121047 ], [ 33.585557237276703, -11.05464287087176 ], [ 33.586247034373173, -11.055084668222833 ], [ 33.586960972870656, -11.055580677606144 ], [ 33.587756845901765, -11.056130788405142 ], [ 33.588353919298015, -11.05655467216036 ], [ 33.588963063394715, -11.057005663280677 ], [ 33.589561355372325, -11.057465716869274 ], [ 33.590194625581546, -11.057961876439379 ], [ 33.590839306388943, -11.058439923663514 ], [ 33.591483416126778, -11.058917970887592 ], [ 33.592232921911886, -11.059450071863296 ], [ 33.592911940633599, -11.059928048040945 ], [ 33.593625921399223, -11.060433083919634 ], [ 33.594316387591277, -11.060911033117634 ], [ 33.594971254120139, -11.061325747385297 ], [ 33.59567250588151, -11.061758455288441 ], [ 33.59629186088074, -11.062155148041597 ], [ 33.596899774704866, -11.062551863277804 ], [ 33.597659470708038, -11.063020624102478 ], [ 33.598372838136015, -11.063498519341124 ], [ 33.599039841015895, -11.063967460030199 ], [ 33.599719509048157, -11.064472548968922 ], [ 33.600317833401334, -11.064932580074469 ], [ 33.600879997813706, -11.065338419832187 ], [ 33.601476480355359, -11.06573514765887 ], [ 33.602131992597435, -11.066176973788288 ], [ 33.602728496722818, -11.0665827416002 ], [ 33.603301504261083, -11.066970469011892 ], [ 33.603886529439819, -11.067358171242574 ], [ 33.604658320425187, -11.067854019647257 ], [ 33.605384391676409, -11.068377088731609 ], [ 33.606133982897063, -11.068927239100731 ], [ 33.606708236895656, -11.069360173633072 ], [ 33.607294528319869, -11.069802126566856 ], [ 33.607939889014744, -11.070307264068958 ], [ 33.60854971929416, -11.070785340970644 ], [ 33.609205290891509, -11.071245238077211 ], [ 33.609871681333061, -11.071677980154618 ], [ 33.610549479674773, -11.072092610785319 ], [ 33.611179692189069, -11.072462118831652 ], [ 33.611973120862899, -11.072894600105656 ], [ 33.612752649615118, -11.073245715217524 ], [ 33.613448333673716, -11.073452302981366 ], [ 33.614130060254126, -11.073550394734866 ], [ 33.614893747448548, -11.073711624292002 ], [ 33.615599601040799, -11.073854881797331 ], [ 33.616512620660956, -11.074006758405119 ], [ 33.617287161773163, -11.074158914702082 ], [ 33.618060999615466, -11.074247766820918 ], [ 33.618752934400447, -11.07430061098438 ], [ 33.619687547642286, -11.074380084972915 ], [ 33.620407541275085, -11.074170606788016 ], [ 33.62104614356474, -11.073897989900274 ], [ 33.621717857992792, -11.073589131233348 ], [ 33.62246962377418, -11.073252973645765 ], [ 33.624406364162439, -11.072869150191082 ], [ 33.624349355238621, -11.073240050387994 ], [ 33.624883725203802, -11.074007638841408 ], [ 33.625453059910853, -11.074802285197279 ], [ 33.626080515103752, -11.075479243572204 ], [ 33.626673736703651, -11.076201490006724 ], [ 33.627277338278589, -11.076959887388853 ], [ 33.627940223162796, -11.077609636775264 ], [ 33.628706780993184, -11.078304388236859 ], [ 33.629450336863613, -11.078944923169615 ], [ 33.630205323117195, -11.079576389338854 ], [ 33.63091508516311, -11.080198903656424 ], [ 33.631634772127086, -11.080911831315916 ], [ 33.632331059630758, -11.081651935588297 ], [ 33.633027922700535, -11.08239203716272 ], [ 33.633632580978883, -11.083096155962778 ], [ 33.634248628271621, -11.083773119733621 ], [ 33.634934017790727, -11.084495153928174 ], [ 33.635700037826552, -11.085189884705358 ], [ 33.636362979368073, -11.085848658788507 ], [ 33.637083168153765, -11.086516353247077 ], [ 33.637827770835031, -11.087093558820641 ], [ 33.638722286004736, -11.087661401552396 ], [ 33.639629729828243, -11.088120694314568 ], [ 33.6405371178937, -11.088552852731937 ], [ 33.641328044653562, -11.089111864121207 ], [ 33.64208308216854, -11.089743297914822 ], [ 33.642827247779337, -11.090374752392847 ], [ 33.643571359430723, -11.090979074324764 ], [ 33.644292541967275, -11.09156535585646 ], [ 33.64512837907148, -11.092241825000201 ], [ 33.645953246245369, -11.092873097815186 ], [ 33.646696817404234, -11.093486456134997 ], [ 33.64747541805616, -11.094153997708759 ], [ 33.648196596995433, -11.094731225765429 ], [ 33.648998015246264, -11.095362539949235 ], [ 33.649766085736303, -11.095921577418835 ], [ 33.650567942856355, -11.096489582028539 ], [ 33.651358457726701, -11.09710282613446 ], [ 33.652205771079537, -11.097779249412781 ], [ 33.652985259362254, -11.098320164643837 ], [ 33.65377619511537, -11.098861053794565 ], [ 33.654658859019207, -11.09947408925774 ], [ 33.655506657106571, -11.100105282932418 ], [ 33.656481954778428, -11.100681937221566 ], [ 33.657422900146798, -11.101249618974691 ], [ 33.658237765960166, -11.101736182778552 ], [ 33.659041127645992, -11.102195639217314 ], [ 33.659797237152816, -11.102763716672143 ], [ 33.659891486103277, -11.10370402262248 ], [ 33.659974268697567, -11.104635310171375 ], [ 33.660126319773894, -11.105575489317346 ], [ 33.660289386645957, -11.106578946561115 ], [ 33.660394573151109, -11.107546358077911 ], [ 33.660465893885942, -11.108468627225307 ], [ 33.660478963733226, -11.10944528287348 ], [ 33.660434785437076, -11.110413021743511 ], [ 33.660412003810961, -11.111480190558325 ], [ 33.660286539392303, -11.112439063911609 ], [ 33.660196493873173, -11.113370730075076 ], [ 33.660105835915658, -11.114284309972902 ], [ 33.659979959607483, -11.115315531086821 ], [ 33.659877506142038, -11.116328613774442 ], [ 33.659866619848685, -11.117341495913251 ], [ 33.659856798352621, -11.118318202822763 ], [ 33.659858382058758, -11.119276797386249 ], [ 33.659859106012959, -11.120362001205365 ], [ 33.659906985918724, -11.121293363397967 ], [ 33.659909060654684, -11.122215782732155 ], [ 33.659899219373528, -11.123183446059159 ], [ 33.659843000054479, -11.124142165628371 ], [ 33.659799269620635, -11.125055643003464 ], [ 33.659650414734926, -11.1260507410488 ], [ 33.659444246055159, -11.127009790669263 ], [ 33.658917106639194, -11.127761545658757 ], [ 33.658332119231943, -11.128495341186976 ], [ 33.657667393435531, -11.129147918941271 ], [ 33.657012696878496, -11.129936125251959 ], [ 33.656485054741552, -11.130724051873472 ], [ 33.655865734815848, -11.131466961131309 ], [ 33.655154616592313, -11.132110592429854 ], [ 33.654386633336514, -11.132663911110569 ], [ 33.653562375003673, -11.133135960755965 ], [ 33.652930952001896, -11.133589503252949 ], [ 33.651947580216699, -11.134061893741375 ], [ 33.651271398856011, -11.134723526769278 ], [ 33.650515399965798, -11.135267767693279 ], [ 33.649781839160596, -11.135866218850879 ], [ 33.649105057052793, -11.136518805598371 ], [ 33.648474751908338, -11.137225551318068 ], [ 33.648073091300148, -11.138058409867654 ], [ 33.647683033745068, -11.138963590097546 ], [ 33.647696501092696, -11.139876941567536 ], [ 33.648173311748963, -11.140671730915585 ], [ 33.648988689276621, -11.141085965844582 ], [ 33.649306660773846, -11.142776390018355 ], [ 33.649562340729517, -11.143734435995384 ], [ 33.649818413688877, -11.144611088830629 ], [ 33.650167723861443, -11.145460410369594 ], [ 33.650517076302094, -11.14632781727488 ], [ 33.65076178902541, -11.14724066782253 ], [ 33.650833055800945, -11.148144849804908 ], [ 33.650685147901299, -11.14906759469369 ], [ 33.650501792323894, -11.150008504089158 ], [ 33.650089224737997, -11.150832345136564 ], [ 33.649356098305361, -11.151385579280998 ], [ 33.648521278334385, -11.151767205691954 ], [ 33.647640937379435, -11.152013279089488 ], [ 33.64681653425572, -11.152449140015733 ], [ 33.645958220395585, -11.152821767810281 ], [ 33.645099410109765, -11.153230569035486 ], [ 33.644189013811967, -11.153087831338325 ], [ 33.643264233757407, -11.153171205686533 ], [ 33.642361028438756, -11.153435400423348 ], [ 33.64145006017219, -11.153292656430892 ], [ 33.640514757150356, -11.153276567559487 ], [ 33.639591907940257, -11.153197145731667 ], [ 33.638588314898868, -11.153099806710657 ], [ 33.637641565306069, -11.153083734926383 ], [ 33.636637123304638, -11.153122042448274 ], [ 33.635666470631179, -11.153169317110269 ], [ 33.634719265981403, -11.153207496928417 ], [ 33.633795904157694, -11.153155188760934 ], [ 33.632815740254273, -11.153039694226436 ], [ 33.631892379329884, -11.152987379763715 ], [ 33.63086448840545, -11.153034761445042 ], [ 33.629847054797779, -11.153154463907356 ], [ 33.628933221291163, -11.153273945136391 ], [ 33.62789475344016, -11.15319473015262 ], [ 33.626949048859558, -11.153133405382334 ], [ 33.62593115659763, -11.153307354950414 ], [ 33.625038351039109, -11.153625737437778 ], [ 33.624099334716561, -11.154016559416618 ], [ 33.623195571818258, -11.154298783761817 ], [ 33.622177216405476, -11.154526984033055 ], [ 33.621250973153963, -11.154736901986382 ], [ 33.620313280633468, -11.154946842422817 ], [ 33.619389057259241, -11.155030143026636 ], [ 33.6184756878028, -11.155104374866937 ], [ 33.617400943998405, -11.155197023923449 ], [ 33.616487631199277, -11.155298381115358 ], [ 33.615562888916259, -11.15540880077549 ], [ 33.614648600352666, -11.155591544813888 ], [ 33.613665071186119, -11.155783470930373 ], [ 33.612704989143992, -11.155966303102332 ], [ 33.611744906202489, -11.156149131677012 ], [ 33.610750401709709, -11.15629585427024 ], [ 33.609802205107712, -11.156415348089809 ], [ 33.608714954431662, -11.156553208763512 ], [ 33.60780163173996, -11.156654538975772 ], [ 33.606749332315871, -11.156810408573449 ], [ 33.605708957002832, -11.15692103417831 ], [ 33.604784682367267, -11.156986202651069 ], [ 33.603778668350913, -11.157105795396092 ], [ 33.602852474562098, -11.15735183192146 ], [ 33.601950135290565, -11.157507383159157 ], [ 33.600920703827455, -11.157654144423191 ], [ 33.599949563721452, -11.157755566366234 ], [ 33.598977980249629, -11.157920290688821 ], [ 33.598029307906302, -11.158094010030482 ], [ 33.597081577153119, -11.158168247266758 ], [ 33.59619023479155, -11.1583870631124 ], [ 33.595266838793634, -11.15832559355124 ], [ 33.594309100384748, -11.15826418964059 ], [ 33.593363363428523, -11.158193715167783 ], [ 33.592406087271172, -11.158078042567581 ], [ 33.591436863620402, -11.157998564981767 ], [ 33.590479089238613, -11.157919062214887 ], [ 33.589569158789686, -11.157721895748864 ], [ 33.589138780130668, -11.156899786795691 ], [ 33.588870871193819, -11.156032139771412 ], [ 33.588696134718873, -11.155101006006589 ], [ 33.588497968206696, -11.154188004372884 ], [ 33.588173215821314, -11.153230033938883 ], [ 33.587801086251204, -11.152335459413848 ], [ 33.587429048411934, -11.151486101902037 ], [ 33.586518122413452, -11.151352232419526 ], [ 33.585761505688993, -11.151959622838262 ], [ 33.584767426575524, -11.152033910436558 ], [ 33.583856553637077, -11.151927162708319 ], [ 33.582897853852899, -11.151947114167911 ], [ 33.582028000791638, -11.152319586379747 ], [ 33.581144696570561, -11.152836776595905 ], [ 33.580309255168061, -11.15324535119197 ], [ 33.579575980347272, -11.153798420760438 ], [ 33.578639274383079, -11.153944925717724 ], [ 33.577699633031671, -11.154344650085477 ], [ 33.576773852031693, -11.154518257911207 ], [ 33.575900268582586, -11.154167240825473 ], [ 33.575144603340846, -11.153526603369983 ], [ 33.574446769003259, -11.152894896182488 ], [ 33.573526829999253, -11.1525439600357 ], [ 33.572634982218688, -11.15279888186285 ], [ 33.572003914449169, -11.153523566359468 ], [ 33.571648425934143, -11.154383374892802 ], [ 33.570724629737924, -11.154403222031021 ], [ 33.569874900806099, -11.153952662585255 ], [ 33.569082895759095, -11.153456773711071 ], [ 33.568146669133512, -11.153558026581607 ], [ 33.567208465798103, -11.15382206483639 ], [ 33.566349567378666, -11.154248731993334 ], [ 33.565799220957331, -11.154991338179684 ], [ 33.565167593809463, -11.155734096351409 ], [ 33.564445297912243, -11.156359458821896 ], [ 33.563733425157523, -11.157048103886837 ], [ 33.563113789569798, -11.157781792395781 ], [ 33.562425863962517, -11.158425171884119 ], [ 33.561478533407637, -11.158417905362001 ], [ 33.560568112828207, -11.158256825092337 ], [ 33.559699233732715, -11.158565928374856 ], [ 33.558807285228056, -11.158784636301903 ], [ 33.557778827730772, -11.158858898719132 ], [ 33.556762789870902, -11.158842700130435 ], [ 33.555768224224209, -11.158980198377435 ], [ 33.554761720976671, -11.159162933422579 ], [ 33.553815464212335, -11.159119464691514 ], [ 33.552869658907696, -11.159012688184987 ], [ 33.551956284055336, -11.159104805742118 ], [ 33.551064897626986, -11.159323491186115 ], [ 33.550114725214428, -11.15963271587708 ], [ 33.549290176400575, -11.160086404064259 ], [ 33.548317034403681, -11.160359491297413 ], [ 33.547345907787474, -11.160487874915475 ], [ 33.545857936294794, -11.160327804584483 ], [ 33.544762159146387, -11.160221276290827 ], [ 33.543851201671657, -11.160078232824162 ], [ 33.542930346258515, -11.1598447706196 ], [ 33.542068635659064, -11.159403197199765 ], [ 33.541135795880336, -11.159187837448712 ], [ 33.540165630639422, -11.159216717377547 ], [ 33.539172013777488, -11.159254679559751 ], [ 33.53819178512282, -11.15910270132855 ], [ 33.537268489848998, -11.159095314297247 ], [ 33.536375588962301, -11.159431524045544 ], [ 33.535550056290106, -11.159984655667301 ], [ 33.534612288226583, -11.160203375285505 ], [ 33.533663511561883, -11.160349762431565 ], [ 33.532782084225857, -11.160704027868519 ], [ 33.531934624283508, -11.161166754242288 ], [ 33.530912692267009, -11.16169309236227 ], [ 33.529995425148797, -11.162174022812849 ], [ 33.529193225387075, -11.162663791800526 ], [ 33.528366605434542, -11.1632621251469 ], [ 33.527667611870868, -11.163851187382363 ], [ 33.526899845351636, -11.164395151315148 ], [ 33.52609715905669, -11.164939174603205 ], [ 33.525317856933611, -11.165437936811315 ], [ 33.524443265344473, -11.165150076414875 ], [ 33.523628468778838, -11.164690279133026 ], [ 33.52272995162599, -11.164465758887616 ], [ 33.521795648650311, -11.164395038899897 ], [ 33.521016880724517, -11.164875702251834 ], [ 33.520408519037971, -11.165582156591199 ], [ 33.519641257937735, -11.166098971790063 ], [ 33.518695405868357, -11.165974001099244 ], [ 33.517725164185038, -11.16597567923418 ], [ 33.517197614678253, -11.166745292960854 ], [ 33.516646562289054, -11.16749685999207 ], [ 33.516118482182264, -11.168293602667575 ], [ 33.515682560102107, -11.169090187961785 ], [ 33.515337873344208, -11.170013224230843 ], [ 33.514878508636343, -11.170827935360876 ], [ 33.514350467200359, -11.171651806985267 ], [ 33.513437003315119, -11.171725723163547 ], [ 33.512562417121899, -11.171446870376712 ], [ 33.511084400224945, -11.171440352989862 ], [ 33.510170521752229, -11.171604695100541 ], [ 33.509515274810155, -11.172365471189494 ], [ 33.508724507230284, -11.172882298978891 ], [ 33.508230757843251, -11.173688015089795 ], [ 33.507645800113664, -11.174385361994837 ], [ 33.507095264834675, -11.175127868356412 ], [ 33.50660147587746, -11.17591549460434 ], [ 33.505867504981438, -11.176513612113467 ], [ 33.505190853275337, -11.177156847710307 ], [ 33.504457369811803, -11.17770974281035 ], [ 33.503665574306865, -11.178307952050318 ], [ 33.502897213335757, -11.178888032756447 ], [ 33.502209099770198, -11.17953128184314 ], [ 33.501371420854468, -11.18008434511637 ], [ 33.500456550429533, -11.18035718323739 ], [ 33.499802773878969, -11.181000370270851 ], [ 33.498878338264774, -11.181038086938088 ], [ 33.497944448077874, -11.180903989027797 ], [ 33.497154115769888, -11.181366524745272 ], [ 33.496615004578871, -11.182118037817133 ], [ 33.495813216706665, -11.182580589722363 ], [ 33.495342299307708, -11.183377204694182 ], [ 33.494963603787312, -11.184209842010546 ], [ 33.494241098348084, -11.184844087084912 ], [ 33.493609686138143, -11.185523398086332 ], [ 33.493403476089611, -11.186464270609576 ], [ 33.493174275772276, -11.187350920308688 ], [ 33.49263460160563, -11.188120514250272 ], [ 33.491901066880757, -11.188673379672707 ], [ 33.491042474230881, -11.189072709238076 ], [ 33.490652325844223, -11.189914401828162 ], [ 33.490688242068757, -11.190845833268554 ], [ 33.490759062780569, -11.191768161771222 ], [ 33.490518432080023, -11.192672914823106 ], [ 33.489592511685146, -11.192873391693638 ], [ 33.488655546716132, -11.192974404445181 ], [ 33.487853204861551, -11.193473111794617 ], [ 33.487394254741105, -11.19426065170768 ], [ 33.486854567983983, -11.195039280238518 ], [ 33.485940103153268, -11.195248771013951 ], [ 33.485148160159497, -11.194779790754694 ], [ 33.484427538799935, -11.194165996263678 ], [ 33.483576847593497, -11.193823716990892 ], [ 33.482209251255995, -11.193156699721897 ], [ 33.481756197090874, -11.192325420381792 ], [ 33.480819349033766, -11.192498755712961 ], [ 33.479894402604657, -11.192599721699764 ], [ 33.477228132172627, -11.1934812191829 ], [ 33.476290221116869, -11.193708805217113 ], [ 33.475465982569119, -11.19413516660461 ], [ 33.474708428751057, -11.194733248140835 ], [ 33.474353131791645, -11.195565824303287 ], [ 33.474319712984425, -11.196488323677158 ], [ 33.473700807646196, -11.197158531740797 ], [ 33.472551519936758, -11.197666792588336 ], [ 33.471704320797812, -11.198066050208013 ], [ 33.470781806135506, -11.197913764408668 ], [ 33.469919610801469, -11.197535290121493 ], [ 33.46908141657417, -11.197129643718029 ], [ 33.468289509553301, -11.19666966207518 ], [ 33.46755642538875, -11.196119150178617 ], [ 33.466871184257798, -11.195414820037854 ], [ 33.466173453342265, -11.194773812961046 ], [ 33.465417434666904, -11.194196199095245 ], [ 33.464649511665698, -11.193690951875908 ], [ 33.463857607342732, -11.193221914060018 ], [ 33.46301938973312, -11.192789119821953 ], [ 33.462180646919364, -11.192383455432093 ], [ 33.461329985390591, -11.192041111408116 ], [ 33.460467273845666, -11.191680696406991 ], [ 33.459524419216621, -11.191320401914993 ], [ 33.458674737049535, -11.190869525907829 ], [ 33.45789534319556, -11.190337147041646 ], [ 33.457069595585438, -11.189813880106442 ], [ 33.456231872602871, -11.189317760106519 ], [ 33.45554565660683, -11.188694796127891 ], [ 33.454777206602841, -11.188198566410676 ], [ 33.453985903926366, -11.187729498917179 ], [ 33.453147144924856, -11.187296676800145 ], [ 33.452252161208321, -11.186782545178289 ], [ 33.451448872367621, -11.186331575641645 ], [ 33.450622086939802, -11.185862554013625 ], [ 33.449866190572266, -11.185330116691489 ], [ 33.449086827295275, -11.184797714442936 ], [ 33.448318356606933, -11.184274335991745 ], [ 33.447399932960593, -11.183769266838169 ], [ 33.446621122766658, -11.183218768431345 ], [ 33.446028631416254, -11.182469029721915 ], [ 33.445599124200271, -11.181610524306222 ], [ 33.445169634071419, -11.180761060674342 ], [ 33.444670865568071, -11.179902655982744 ], [ 33.44421799396531, -11.179107488020122 ], [ 33.443822872327758, -11.178267014910773 ], [ 33.443404854850201, -11.177426575076311 ], [ 33.44292954066583, -11.176550045448209 ], [ 33.442499548715261, -11.175736751649708 ], [ 33.442034667565906, -11.174941598076259 ], [ 33.441570361982656, -11.174146440905474 ], [ 33.441082560711664, -11.173333231643255 ], [ 33.440571879788479, -11.172529098339169 ], [ 33.439978935179738, -11.171833609433463 ], [ 33.439375035029911, -11.171083871623352 ], [ 33.43874774980884, -11.170388430381706 ], [ 33.43816679406234, -11.169665788245482 ], [ 33.437562357017214, -11.168934134902372 ], [ 33.436841857066099, -11.168293085557423 ], [ 33.436074542905885, -11.167733496803407 ], [ 33.435237450348097, -11.167210182204087 ], [ 33.434446180047246, -11.166704884622675 ], [ 33.433654899853821, -11.166190542559434 ], [ 33.432887104556301, -11.165685208105799 ], [ 33.432095776698759, -11.165134686316662 ], [ 33.431364408440743, -11.16448459608722 ], [ 33.430642894054358, -11.163915881912374 ], [ 33.429852652577893, -11.163320134116873 ], [ 33.429108235157003, -11.162742406037182 ], [ 33.42842372517481, -11.162028935187152 ], [ 33.42769227867575, -11.161315529987689 ], [ 33.427042106607985, -11.160592961595853 ], [ 33.426402918859651, -11.159942728374176 ], [ 33.425717836009369, -11.159220206747079 ], [ 33.424961974715416, -11.158633439581536 ], [ 33.424195709164678, -11.157974337245832 ], [ 33.423404509010936, -11.157487096252453 ], [ 33.422624721253953, -11.156972705625833 ], [ 33.421725785916351, -11.156793098422725 ], [ 33.420745687663384, -11.156694994078691 ], [ 33.41974214678271, -11.156615008375866 ], [ 33.414927545270075, -11.156540315183349 ], [ 33.414003151024644, -11.156568723867451 ], [ 33.412986639222083, -11.156624388304806 ], [ 33.412027379160293, -11.156689012687764 ], [ 33.411089525661112, -11.156916392777248 ], [ 33.410129220587123, -11.157053363122145 ], [ 33.409170990249038, -11.157036585370065 ], [ 33.408272620585024, -11.156847892316307 ], [ 33.40731334613406, -11.156903457828264 ], [ 33.406644218156202, -11.154444480228506 ], [ 33.406139998861931, -11.15366740482682 ], [ 33.40547334581828, -11.152980984684632 ], [ 33.404749432040717, -11.152276553819831 ], [ 33.404002065742816, -11.151581196215204 ], [ 33.403300607137339, -11.150967167900433 ], [ 33.402576230208922, -11.150335081198989 ], [ 33.401805541792385, -11.149739229082115 ], [ 33.401023397811628, -11.149134346872586 ], [ 33.400310551990458, -11.14855650098167 ], [ 33.399551234601859, -11.147897322203619 ], [ 33.398768700315316, -11.147419045652384 ], [ 33.397974645713361, -11.146886521096008 ], [ 33.397203879055837, -11.146218306829326 ], [ 33.396410318181665, -11.145622470900264 ], [ 33.39556992241404, -11.145099043885693 ], [ 33.394764480596336, -11.144602699954589 ], [ 33.393924091123949, -11.14407926844342 ], [ 33.392968071319501, -11.143546941737952 ], [ 33.392127248373868, -11.143122986036929 ], [ 33.391252097406436, -11.142708117085874 ], [ 33.390330098055642, -11.1423566107689 ], [ 33.389419155869405, -11.142140744699589 ], [ 33.388426200908498, -11.142232468353711 ], [ 33.387558944189948, -11.1425862949215 ], [ 33.386668705296586, -11.142876841592908 ], [ 33.385628943321137, -11.14306809771449 ], [ 33.384636473094815, -11.143096501901994 ], [ 33.38362053505972, -11.143124933069146 ], [ 33.382615111897962, -11.14331613433211 ], [ 33.38169144340543, -11.143434879016411 ], [ 33.3807218078652, -11.143418023023287 ], [ 33.379695656229615, -11.143075660113595 ], [ 33.378867269109207, -11.142515994917176 ], [ 33.378316757212644, -11.141720840444407 ], [ 33.377870396701496, -11.140907465706903 ], [ 33.37742402809647, -11.140085047387004 ], [ 33.377000533747662, -11.139244511325103 ], [ 33.376612880080415, -11.138232098632386 ], [ 33.376074696090427, -11.137219873898005 ], [ 33.375559584207508, -11.136343275022057 ], [ 33.375055465637274, -11.135557099380605 ], [ 33.374608529560021, -11.134725632082223 ], [ 33.374185645850901, -11.133903177789364 ], [ 33.373636089034335, -11.132936180859986 ], [ 33.373282293942736, -11.131977983796844 ], [ 33.373183096922446, -11.130938076131258 ], [ 33.373314147929648, -11.130024494434849 ], [ 33.373561761865858, -11.12895702434713 ], [ 33.373820741434145, -11.127826233893529 ], [ 33.374161297605838, -11.126487334922501 ], [ 33.374500140569069, -11.125600624968797 ], [ 33.375000452309052, -11.124767976860596 ], [ 33.375489723971612, -11.123808727590642 ], [ 33.376049066311396, -11.122596167179324 ], [ 33.376400200309035, -11.121483346079515 ], [ 33.376543279748603, -11.120587835360254 ], [ 33.376155162930502, -11.119638726845722 ], [ 33.375558298176998, -11.118807446606354 ], [ 33.374962019781435, -11.117985209050119 ], [ 33.374319410112719, -11.117181115316157 ], [ 33.373711669857755, -11.116340801386855 ], [ 33.373149239246061, -11.115572780359457 ], [ 33.372830826181712, -11.114515055325512 ], [ 33.372836223912657, -11.113357447088447 ], [ 33.372805863699682, -11.112435020559701 ], [ 33.372243991567018, -11.111648908770064 ], [ 33.371403691127512, -11.111089233681128 ], [ 33.370517688040934, -11.110592919427631 ], [ 33.370063998055116, -11.11026654736321 ], [ 33.368472948068131, -11.108433968252996 ], [ 33.368211904555778, -11.107466604400202 ], [ 33.368136167250384, -11.106399531812883 ], [ 33.368082335631357, -11.105459045998145 ], [ 33.36799465982574, -11.104455294676086 ], [ 33.367779979062846, -11.103487873266715 ], [ 33.367218184271849, -11.102737925914482 ], [ 33.366436168894154, -11.10207868328456 ], [ 33.365562027865337, -11.101428593055061 ], [ 33.36484933492892, -11.100823523786573 ], [ 33.36396417090981, -11.100046829697362 ], [ 33.363136812613845, -11.099270062763139 ], [ 33.362436398121304, -11.098402702622593 ], [ 33.361840715976314, -11.097535215677624 ], [ 33.361301749576114, -11.096712879195991 ], [ 33.360670660222866, -11.095899694215461 ], [ 33.359982256176238, -11.095014227124864 ], [ 33.359282464913861, -11.094173989637852 ], [ 33.358639401087544, -11.093387946196685 ], [ 33.358170699618142, -11.092447948713811 ], [ 33.35778216371591, -11.091544032031379 ], [ 33.357266694802149, -11.090730702260032 ], [ 33.356635672898051, -11.08995368261634 ], [ 33.355900511299581, -11.089185829762187 ], [ 33.355084199376336, -11.088508507161805 ], [ 33.354302788343034, -11.087822097811511 ], [ 33.353486515989971, -11.087171903260696 ], [ 33.352831627877379, -11.086521516254948 ], [ 33.352072643237932, -11.085916468570133 ], [ 33.351117913960593, -11.08528451496835 ], [ 33.350300197296292, -11.084851363699443 ], [ 33.349413767931082, -11.084382113643585 ], [ 33.348470471734913, -11.083732051293111 ], [ 33.347584007296177, -11.083226620611981 ], [ 33.346766819433242, -11.082748239739431 ], [ 33.34598453156093, -11.082260772116911 ], [ 33.345295336110951, -11.081610407594212 ], [ 33.344595068207866, -11.080788222198635 ], [ 33.344160364709126, -11.079992862680399 ], [ 33.343702720404281, -11.079152310430743 ], [ 33.343187259584397, -11.078293734867941 ], [ 33.342625927044935, -11.077353815626054 ], [ 33.341994971690667, -11.076576763606681 ], [ 33.341272324158467, -11.075682243940378 ], [ 33.340547768264969, -11.075113302237071 ], [ 33.339753535597254, -11.074662006246569 ], [ 33.33887765168231, -11.074364544687967 ], [ 33.338002342434208, -11.074067080431348 ], [ 33.337231505629518, -11.073552444289817 ], [ 33.336402885584732, -11.073046913784026 ], [ 33.335459687414698, -11.072423939912824 ], [ 33.334712178124562, -11.071782657643496 ], [ 33.334093190948067, -11.070933223689281 ], [ 33.333473185738967, -11.070192316322277 ], [ 33.332854705780107, -11.069279571894697 ], [ 33.332200342871602, -11.068511567055111 ], [ 33.331453373174668, -11.067825056980723 ], [ 33.330706015869964, -11.067301334089223 ], [ 33.329946645421387, -11.066777621989615 ], [ 33.329396421307877, -11.065991410375261 ], [ 33.328984639729413, -11.065168869747481 ], [ 33.328700387412994, -11.064273840165527 ], [ 33.328728954377766, -11.063206637176506 ], [ 33.329010514123979, -11.062202465871053 ], [ 33.329453049818426, -11.061360907280005 ], [ 33.329988180610087, -11.06042880944193 ], [ 33.330442575664392, -11.059451579127028 ], [ 33.330885563717857, -11.0585105366319 ], [ 33.3299237028167, -11.054450906983732 ], [ 33.330239726382331, -11.053573309860326 ], [ 33.330521233068509, -11.052532960627559 ], [ 33.33074552668478, -11.051501718829229 ], [ 33.330877215311261, -11.050551972695359 ], [ 33.330766708416888, -11.049466832728115 ], [ 33.330529236135419, -11.048436095449404 ], [ 33.33015285187264, -11.047523077627886 ], [ 33.32966093800195, -11.046655406321918 ], [ 33.329064366427417, -11.045833066242949 ], [ 33.328364763123375, -11.044974659752711 ], [ 33.327594964136324, -11.044279118686347 ], [ 33.326395964602114, -11.044045274269934 ], [ 33.325370280614038, -11.043756975004328 ], [ 33.32428681698309, -11.043477777777184 ], [ 33.323364752881105, -11.043234580411536 ], [ 33.322166737205237, -11.042846971710333 ], [ 33.321384034745449, -11.042368480221114 ], [ 33.320961813836675, -11.041365059849568 ], [ 33.320574993840921, -11.040289252147204 ], [ 33.320256392818351, -11.039330940870173 ], [ 33.319925857792157, -11.038444991742949 ], [ 33.319630691303416, -11.037459523638063 ], [ 33.319311612740762, -11.036582607301455 ], [ 33.319038872645933, -11.035696596120943 ], [ 33.318847334137217, -11.03476528069308 ], [ 33.318886836858098, -11.033725195861052 ], [ 33.319064281191686, -11.032730185049957 ], [ 33.319288177307612, -11.031834607780866 ], [ 33.319523437256862, -11.030866666563384 ], [ 33.319736737560447, -11.02969978541671 ], [ 33.319822087719217, -11.028732001580579 ], [ 33.319746476318869, -11.027592556051559 ], [ 33.319474188583001, -11.026588973802063 ], [ 33.319086406312636, -11.02565786521825 ], [ 33.318628902302066, -11.024799179038837 ], [ 33.318183355677377, -11.023886216975313 ], [ 33.317713909569306, -11.023090849363143 ], [ 33.317314239160851, -11.022268276359796 ], [ 33.316926023417295, -11.021454734348481 ], [ 33.316722467268107, -11.020505340748855 ], [ 33.31656579007921, -11.019519723356495 ], [ 33.316455883931951, -11.018398398267436 ], [ 33.316437180731384, -11.017494031024682 ], [ 33.316337711216477, -11.016499308895959 ], [ 33.316180551990954, -11.015595086444023 ], [ 33.316000975364773, -11.014591404369753 ], [ 33.315693862281989, -11.013633073307631 ], [ 33.315329022616368, -11.012729064894359 ], [ 33.310686184419922, -11.009459969002307 ], [ 33.310570391310534, -11.008700401602198 ], [ 33.310455752031373, -11.007949877784597 ], [ 33.310297136803456, -11.007271749391691 ], [ 33.310161978592475, -11.006593595817719 ], [ 33.310055275830393, -11.00577071164895 ], [ 33.309975558125586, -11.005038239023463 ], [ 33.309916952005779, -11.004251480621292 ], [ 33.309751295985564, -11.003401525060269 ], [ 33.30945865928976, -11.002578829749154 ], [ 33.309067781552926, -11.001909980561095 ], [ 33.308551089561206, -11.001286477888584 ], [ 33.307977788843914, -11.000690162620856 ], [ 33.307377217084934, -11.00027475317728 ], [ 33.30661152260376, -11.000067517002265 ], [ 33.305779540893127, -10.999932696936355 ], [ 33.30505458030467, -10.999833943281828 ], [ 33.304248998192747, -10.999780486680095 ], [ 33.30346685511131, -10.999708917732335 ], [ 33.302729900264751, -10.999628258437326 ], [ 33.301745711895137, -10.999466446119527 ], [ 33.300900538029452, -10.999295449925 ], [ 33.300136021660137, -10.999115328309699 ], [ 33.299338361676121, -10.998971413399943 ], [ 33.298656830248547, -10.998818337096509 ], [ 33.297989982951378, -10.998475323077628 ], [ 33.297282972830999, -10.998014776660568 ], [ 33.296838451433416, -10.997445445550852 ], [ 33.296681026008571, -10.996776351747201 ], [ 33.296799289555622, -10.996043681270805 ], [ 33.297082362860806, -10.995356067728324 ], [ 33.297388310422264, -10.994659389019546 ], [ 33.297650829722045, -10.994017015872544 ], [ 33.297954440844819, -10.99327511925128 ], [ 33.298233985210288, -10.992497069883825 ], [ 33.298478059414947, -10.991719054690577 ], [ 33.298628281270226, -10.99091400138002 ], [ 33.29862748087362, -10.990118139140748 ], [ 33.298492939597509, -10.989449022854103 ], [ 33.29827749890751, -10.988544843569628 ], [ 33.29810806213743, -10.987875762356509 ], [ 33.297862721687295, -10.986817865551984 ], [ 33.297711476403549, -10.986031194384054 ], [ 33.297667853888413, -10.985316769353403 ], [ 33.297666466234489, -10.984502819049794 ], [ 33.297909954081149, -10.983715761173414 ], [ 33.298267483157872, -10.98312755779051 ], [ 33.298876887158656, -10.982701896075582 ], [ 33.299581255070905, -10.982845906313457 ], [ 33.300082958062092, -10.983406133586129 ], [ 33.300580822746838, -10.984129155236303 ], [ 33.301045545615466, -10.984888382692645 ], [ 33.30152055133243, -10.98562951219219 ], [ 33.302071517386651, -10.986243950597782 ], [ 33.302674395906706, -10.986713634126886 ], [ 33.303394313996421, -10.986948058605947 ], [ 33.304113365139756, -10.986893076754029 ], [ 33.304962646209219, -10.986638997591626 ], [ 33.305550354065645, -10.986258564581021 ], [ 33.305883825378316, -10.985652289321649 ], [ 33.306056307252845, -10.984820077384597 ], [ 33.306207687434892, -10.984051193907419 ], [ 33.306311557332549, -10.983255227346831 ], [ 33.306400476900535, -10.982386922918124 ], [ 33.306453910119899, -10.981500568196623 ], [ 33.306477725966317, -10.980740856005639 ], [ 33.306452849819209, -10.979917887300587 ], [ 33.306422132575392, -10.978977352023151 ], [ 33.306432162714202, -10.978163390927705 ], [ 33.306465076102427, -10.977349407349209 ], [ 33.30651409005327, -10.976616801624061 ], [ 33.306657261223677, -10.975658004713125 ], [ 33.306862878619029, -10.974789583372512 ], [ 33.307228934168052, -10.973622551139783 ], [ 33.307528974982233, -10.972790209700349 ], [ 33.308023756790988, -10.971641134230936 ], [ 33.308297675897052, -10.970998740399523 ], [ 33.308611497023037, -10.970220646965231 ], [ 33.308865194872908, -10.969388351391274 ], [ 33.30909074843936, -10.968447557109016 ], [ 33.309238015122332, -10.967588236008226 ], [ 33.309353302812724, -10.966783212375333 ], [ 33.309431361268366, -10.96593300590348 ], [ 33.309457494667697, -10.965209467143154 ], [ 33.309474868670293, -10.964314103013407 ], [ 33.309412758791836, -10.963445950570133 ], [ 33.30931134764063, -10.962740630275846 ], [ 33.309155996951745, -10.96187257226137 ], [ 33.308977765711347, -10.961004537629265 ], [ 33.308843225334613, -10.960344469421671 ], [ 33.308708086009403, -10.959657268667968 ], [ 33.308553319879877, -10.958798254236001 ], [ 33.308460427107093, -10.958029616273734 ], [ 33.308427635127316, -10.957297092386852 ], [ 33.308512127332847, -10.956582537853819 ], [ 33.308630929573781, -10.955858904664694 ], [ 33.308725117370329, -10.955117208592242 ], [ 33.308765336850854, -10.954185645850828 ], [ 33.308756017176506, -10.953471185746594 ], [ 33.308774536915394, -10.952575819818207 ], [ 33.308742926644811, -10.951879471160623 ], [ 33.308721565947565, -10.951137892000077 ], [ 33.308689946683728, -10.950432498860664 ], [ 33.308658337312465, -10.949736149303817 ], [ 33.308591817158685, -10.949021746756159 ], [ 33.308551431303556, -10.948135484664817 ], [ 33.308557348842612, -10.947222043262627 ], [ 33.308630136371733, -10.946254271117652 ], [ 33.308774732068287, -10.945584875141833 ], [ 33.308991183596277, -10.944707395829596 ], [ 33.309280934367678, -10.943911237713394 ], [ 33.309551900999509, -10.943205537905214 ], [ 33.309787393873194, -10.942490829588053 ], [ 33.309975390851662, -10.94175808176999 ], [ 33.310071897100443, -10.941052558228932 ], [ 33.309913313348773, -10.940365381756919 ], [ 33.309467683986497, -10.93976893518817 ], [ 33.308851697847615, -10.939263098912818 ], [ 33.308043656989241, -10.938884069743949 ], [ 33.307362841422048, -10.938740053210836 ], [ 33.306511085418322, -10.938677600690653 ], [ 33.3058235267344, -10.938651157924539 ], [ 33.30504388826489, -10.938633849572454 ], [ 33.304342557363157, -10.938562197887052 ], [ 33.303634786416296, -10.938345847982475 ], [ 33.302949610935855, -10.937849111946889 ], [ 33.302511916291962, -10.937162207070173 ], [ 33.3022217131616, -10.936393759764144 ], [ 33.301982527671555, -10.935733789582684 ], [ 33.301788492644846, -10.93503760010509 ], [ 33.301410327724511, -10.93438681020308 ], [ 33.300956217755299, -10.933862708697006 ], [ 33.300317960805273, -10.933365921400082 ], [ 33.299613446303567, -10.932959635578698 ], [ 33.299112422300482, -10.932417490075068 ], [ 33.29877824502006, -10.931703347431494 ], [ 33.298616778041946, -10.930961902269928 ], [ 33.29847232623689, -10.930075738204721 ], [ 33.298429305368188, -10.929379396741695 ], [ 33.298427918613584, -10.928565443740183 ], [ 33.298335054619145, -10.927787755900169 ], [ 33.298049555842397, -10.927127827087531 ], [ 33.29766673423245, -10.92637755418076 ], [ 33.297285068251369, -10.925636322158482 ], [ 33.29684565230508, -10.924913233958534 ], [ 33.296359328620156, -10.924181146242859 ], [ 33.295825518033269, -10.923431016328323 ], [ 33.295331282113011, -10.922789374330137 ], [ 33.294799236895301, -10.922084459630071 ], [ 33.294291216166755, -10.921379520648316 ], [ 33.293748308038062, -10.920674614941504 ], [ 33.293299828724173, -10.92002388169675 ], [ 33.292982373437837, -10.919418242258018 ], [ 33.292471438905807, -10.918649994601537 ], [ 33.291990407731191, -10.918044509846197 ], [ 33.29144368467837, -10.917520482084512 ], [ 33.290733368650081, -10.916978520941939 ], [ 33.290123893602868, -10.916617340617734 ], [ 33.289490960639398, -10.91624713919407 ], [ 33.288751023640884, -10.915822771603587 ], [ 33.288082625013203, -10.915443556275079 ], [ 33.287399287747007, -10.914992000380494 ], [ 33.286788641782437, -10.914594639431016 ], [ 33.286164817152667, -10.914170156727323 ], [ 33.285492343696774, -10.913709542861056 ], [ 33.284926851792818, -10.913275959917542 ], [ 33.284298943341639, -10.912761037791597 ], [ 33.283752831827769, -10.912255083705077 ], [ 33.283277412422706, -10.911504874650177 ], [ 33.283003391693228, -10.910835876174701 ], [ 33.282806500419724, -10.910076366331168 ], [ 33.282631897044439, -10.909298745940305 ], [ 33.28251328456048, -10.908457768311337 ], [ 33.282401451166095, -10.907526343166182 ], [ 33.282258229633669, -10.906667299056551 ], [ 33.281970192970107, -10.905681773395088 ], [ 33.281709378784853, -10.905057979342246 ], [ 33.281354737431229, -10.904398096394971 ], [ 33.281009204411305, -10.90369298384411 ], [ 33.280711757241875, -10.903033047836857 ], [ 33.280319901941994, -10.90232797665476 ], [ 33.27993948691784, -10.901622895580147 ], [ 33.279569343950129, -10.900890672066794 ], [ 33.279209471240165, -10.900131307014135 ], [ 33.278874210276626, -10.899390006643443 ], [ 33.278506410042837, -10.898712043725766 ], [ 33.277991124590756, -10.89810656616504 ], [ 33.277189069619908, -10.897854060816201 ], [ 33.276370814261725, -10.898017590839117 ], [ 33.275471014675645, -10.898443466592653 ], [ 33.274885193596845, -10.898869059959111 ], [ 33.274116657257991, -10.899620396763851 ], [ 33.273545426780061, -10.900371557301469 ], [ 33.273131357326349, -10.90099596019536 ], [ 33.272762432939999, -10.901584145591812 ], [ 33.272371227849931, -10.902199484218784 ], [ 33.268992217716743, -10.90336009619142 ], [ 33.268367265337076, -10.902899402285527 ], [ 33.267690163969917, -10.902321179578735 ], [ 33.267132080681051, -10.901806160325975 ], [ 33.266428273046415, -10.901417881629868 ], [ 33.26585314940337, -10.901029489619191 ], [ 33.265211175555351, -10.900713507422381 ], [ 33.264439926861201, -10.900370502396697 ], [ 33.263537067781499, -10.899946213047258 ], [ 33.262885425322168, -10.899684496841985 ], [ 33.262107992889639, -10.899459062885398 ], [ 33.261336399755123, -10.899369281766894 ], [ 33.26040822026323, -10.899415291982109 ], [ 33.259607216599818, -10.899705379099942 ], [ 33.258897922201413, -10.900230529215492 ], [ 33.258238444848416, -10.900827988420872 ], [ 33.257787127274128, -10.90140718329485 ], [ 33.257454798999845, -10.902022451774656 ], [ 33.25706881717224, -10.902764382570126 ], [ 33.256613622620648, -10.903497326440402 ], [ 33.256000104221471, -10.904347972680739 ], [ 33.25549159965766, -10.904945299685778 ], [ 33.254991031610871, -10.905461223656516 ], [ 33.254464662913904, -10.905904816953694 ], [ 33.253913097911209, -10.906312253008025 ], [ 33.253209390101347, -10.906710771384951 ], [ 33.252525033903225, -10.907000743389574 ], [ 33.251699974274459, -10.907281785126258 ], [ 33.250790777672307, -10.907490542054802 ], [ 33.2500742311409, -10.907590612316881 ], [ 33.249304951962017, -10.907555063015707 ], [ 33.249273480187014, -10.906849658185138 ], [ 33.249294527920199, -10.906026638218748 ], [ 33.249133763312557, -10.905276118897746 ], [ 33.248775707233165, -10.904552891302842 ], [ 33.248486262231268, -10.903802475403893 ], [ 33.24851022376788, -10.90304276141427 ], [ 33.248748167294139, -10.902382356860244 ], [ 33.248998120366991, -10.901721943312964 ], [ 33.249242253926923, -10.900943962293979 ], [ 33.24937261425481, -10.900211292716961 ], [ 33.249465173379122, -10.899415346840726 ], [ 33.249384472715292, -10.898655718286705 ], [ 33.249002975806718, -10.897932508678309 ], [ 33.248415644766226, -10.897272775018507 ], [ 33.247741513859808, -10.89676685690489 ], [ 33.247021638937554, -10.896270018346627 ], [ 33.246409338220417, -10.895836399430266 ], [ 33.245852461821698, -10.895339426873022 ], [ 33.245387063562191, -10.894806204442716 ], [ 33.24486836788094, -10.894137363348591 ], [ 33.244396571844391, -10.893468483583604 ], [ 33.24399687355691, -10.892844766872429 ], [ 33.243746415065061, -10.892184754422829 ], [ 33.243665730589044, -10.891425123170848 ], [ 33.243701127904785, -10.89064731122437 ], [ 33.243853206860081, -10.88988749471207 ], [ 33.244112853725255, -10.889190901438894 ], [ 33.244422900396614, -10.888584706219149 ], [ 33.24489127811006, -10.887878901190277 ], [ 33.24541797955618, -10.887164004914837 ], [ 33.245880739204779, -10.886584819034113 ], [ 33.24634292328733, -10.886005633153388 ], [ 33.246838817557432, -10.885390243265078 ], [ 33.24743995409068, -10.884792855106127 ], [ 33.248031974196294, -10.884240692953597 ], [ 33.248735433793286, -10.883598001446558 ], [ 33.24924916072024, -10.883118251805854 ], [ 33.249863471422145, -10.882557025386348 ], [ 33.25056690763671, -10.88189624041911 ], [ 33.251303482070114, -10.88119925144423 ], [ 33.25237491457068, -10.880194489284179 ], [ 33.25296576465837, -10.879633274555943 ], [ 33.253467462253639, -10.879144484930009 ], [ 33.25414627682926, -10.87846562538823 ], [ 33.254778768225606, -10.877786800920092 ], [ 33.255432376602926, -10.877062738754319 ], [ 33.25588541727825, -10.876528766289482 ], [ 33.256490357943733, -10.875741434119846 ], [ 33.257127860362516, -10.874917897942566 ], [ 33.257745994082427, -10.874184815576712 ], [ 33.258378466593001, -10.873505984813278 ], [ 33.258986316565313, -10.872790997706318 ], [ 33.259547849653586, -10.872085092852728 ], [ 33.260108800880516, -10.871370142617934 ], [ 33.260646287895895, -10.870637124103951 ], [ 33.261104337795018, -10.869967479915204 ], [ 33.261555603208592, -10.869388279645364 ], [ 33.262013070346995, -10.868709590974788 ], [ 33.26250422608922, -10.867976608433707 ], [ 33.26288573468895, -10.867415554684044 ], [ 33.263368961108711, -10.866773016961133 ], [ 33.263875647243367, -10.866148546618092 ], [ 33.264352101768111, -10.865614541777632 ], [ 33.264888068029961, -10.865125705386959 ], [ 33.265493789306959, -10.864627763360545 ], [ 33.266120278628023, -10.864337813838972 ], [ 33.266844642965964, -10.864147261886558 ], [ 33.267575432959916, -10.864110450836563 ], [ 33.268319398921165, -10.864100758842881 ], [ 33.269091255557043, -10.863946337153664 ], [ 33.269835565958658, -10.863683408662325 ], [ 33.27072500985139, -10.863293736017056 ], [ 33.271477256770027, -10.862958445375909 ], [ 33.272358764145679, -10.862650170369022 ], [ 33.273208304219906, -10.862405229217927 ], [ 33.27390361685849, -10.862350346291407 ], [ 33.274624124903482, -10.862331616111135 ], [ 33.275520221081365, -10.86234890198017 ], [ 33.276322535056977, -10.862366270586847 ], [ 33.277264934629102, -10.862365423425501 ], [ 33.278102695383154, -10.862373709778865 ], [ 33.278872455699343, -10.862436320579661 ], [ 33.279561596290705, -10.862508046908772 ], [ 33.280336596057111, -10.862670134419147 ], [ 33.281208913260798, -10.862940656785838 ], [ 33.282081812325828, -10.863220220936398 ], [ 33.282884359225875, -10.863481759975173 ], [ 33.283548545429085, -10.863770555666576 ], [ 33.284180179771511, -10.864104599847337 ], [ 33.28484787692804, -10.864474785083246 ], [ 33.285469845357113, -10.864863099752199 ], [ 33.286056359813188, -10.865251445897457 ], [ 33.286678322846399, -10.865630714285999 ], [ 33.28725864636948, -10.866118547033295 ], [ 33.287229201666378, -10.867022972731945 ], [ 33.286787919626818, -10.867819254954611 ], [ 33.286320842333055, -10.868552251884864 ], [ 33.28585084224261, -10.869221943737671 ], [ 33.285365910708265, -10.869828341304867 ], [ 33.284859845105814, -10.870461889404623 ], [ 33.284563675873017, -10.871122373998332 ], [ 33.284572938890051, -10.871845883080994 ], [ 33.284701800048083, -10.872650678286107 ], [ 33.284851768294516, -10.873401188613911 ], [ 33.285323290037866, -10.874323237427404 ], [ 33.285837965749579, -10.874919660613784 ], [ 33.286347957792088, -10.875398517227723 ], [ 33.286859119852579, -10.875904502790547 ], [ 33.287413685892943, -10.876347139209088 ], [ 33.28810135159614, -10.876635901625491 ], [ 33.288839178785111, -10.876752781115897 ], [ 33.289530430984655, -10.876607427290878 ], [ 33.290198572406268, -10.876217904832401 ], [ 33.290748854076412, -10.875774230596221 ], [ 33.291375659059497, -10.875221954229744 ], [ 33.291872620824847, -10.874642669423622 ], [ 33.292275768911679, -10.874036339305576 ], [ 33.292709127024636, -10.873330497404481 ], [ 33.293083564255141, -10.872606623197044 ], [ 33.293446562109182, -10.87188275888218 ], [ 33.293902780089297, -10.871167849116887 ], [ 33.294343714990532, -10.870615745420253 ], [ 33.29489222859354, -10.870135887860897 ], [ 33.295682592377773, -10.8696105785653 ], [ 33.296320498592195, -10.869320557997298 ], [ 33.297066557275855, -10.869102781767936 ], [ 33.297933964181141, -10.869002458796388 ], [ 33.298735098246254, -10.868965505653534 ], [ 33.299639139035094, -10.868901318341102 ], [ 33.300380781148192, -10.868846330193946 ], [ 33.301142954783586, -10.868737057169426 ], [ 33.30196226864382, -10.868582505977827 ], [ 33.302662591405522, -10.868382850188311 ], [ 33.303394289714731, -10.868110809765994 ], [ 33.304297470751749, -10.86776624711456 ], [ 33.305097763051378, -10.867467003099648 ], [ 33.305954619110423, -10.867122480018395 ], [ 33.306857784858948, -10.866768865690574 ], [ 33.307783832058249, -10.866424269764195 ], [ 33.308446328435366, -10.866152286898455 ], [ 33.30923459230263, -10.865844000200411 ], [ 33.309989125297932, -10.865544790359763 ], [ 33.310719048345447, -10.865227514038509 ], [ 33.311377451907958, -10.864874134433705 ], [ 33.312032928177132, -10.864457447053496 ], [ 33.312707160706964, -10.863932213300984 ], [ 33.313312208391778, -10.863416090580074 ], [ 33.313812032699218, -10.862900075777816 ], [ 33.314228301894673, -10.862320836837114 ], [ 33.314583916314746, -10.861705484720289 ], [ 33.314928673219754, -10.861099186977867 ], [ 33.315319729022349, -10.860474752607672 ], [ 33.315722809659974, -10.859868393711338 ], [ 33.316248139639981, -10.85914433784086 ], [ 33.316639780901198, -10.858537988837043 ], [ 33.317051949188169, -10.857877355855237 ], [ 33.317367981746997, -10.857153513124103 ], [ 33.317545048365332, -10.856420769802639 ], [ 33.317716871036794, -10.855597591555579 ], [ 33.317813336816073, -10.854892062618546 ], [ 33.317895449415516, -10.854132285676371 ], [ 33.317906034435964, -10.853327361868196 ], [ 33.317889076819483, -10.852432027416114 ], [ 33.317807037065165, -10.851636243417829 ], [ 33.317774832342707, -10.850921803098686 ], [ 33.317764319267951, -10.850171165067195 ], [ 33.317814187574754, -10.849203409109975 ], [ 33.318061029892647, -10.84848868100778 ], [ 33.318440054564917, -10.847864255630839 ], [ 33.318992891209007, -10.847221562325217 ], [ 33.319665910553397, -10.846678227018515 ], [ 33.320356797628165, -10.84627053016078 ], [ 33.321135897403792, -10.846007444288091 ], [ 33.321983602861053, -10.845735240189128 ], [ 33.322685319571917, -10.845300396396112 ], [ 33.323132348279273, -10.844648762030715 ], [ 33.323317902699102, -10.843852698343312 ], [ 33.323544510271006, -10.842948064001916 ], [ 33.323718636106207, -10.842161055588178 ], [ 33.32390127132669, -10.841310732204477 ], [ 33.323983936109812, -10.840550951665023 ], [ 33.32402031458588, -10.839818352235113 ], [ 33.323985751841008, -10.839049652219614 ], [ 33.323987822979689, -10.838317087863288 ], [ 33.323930388676558, -10.837548411230159 ], [ 33.323873546127288, -10.836797821761991 ], [ 33.323818467148612, -10.836092450206365 ], [ 33.323771296807934, -10.835296631134554 ], [ 33.323804729105007, -10.834482637663541 ], [ 33.323889759105157, -10.833795206683419 ], [ 33.324067397692318, -10.833089591411465 ], [ 33.324422358305242, -10.832447095956638 ], [ 33.324863190683743, -10.831903993574372 ], [ 33.325442373866508, -10.831342657437631 ], [ 33.326045579739741, -10.83079033790375 ], [ 33.326583727756883, -10.830355657787322 ], [ 33.327097819808614, -10.829884826723344 ], [ 33.327655888708364, -10.829368728284123 ], [ 33.328168815238712, -10.828879809155808 ], [ 33.328711342954193, -10.828273284784245 ], [ 33.329307517028326, -10.827576264333061 ], [ 33.329833922597516, -10.82687027224523 ], [ 33.33021289690771, -10.826245833378437 ], [ 33.330558164627632, -10.825648562131391 ], [ 33.330958243328325, -10.824978879271839 ], [ 33.331244003807797, -10.824345494848671 ], [ 33.331538863627713, -10.823666879922541 ], [ 33.331923399345442, -10.822906773828493 ], [ 33.332277739426161, -10.822246183114828 ], [ 33.332678399988197, -10.821594585621597 ], [ 33.333117457105004, -10.821024341699967 ], [ 33.333648525658987, -10.820417822724266 ], [ 33.334225905701032, -10.819811251587964 ], [ 33.334887983893395, -10.819276940978 ], [ 33.335605751704122, -10.818950577906776 ], [ 33.336409983933663, -10.81874169237517 ], [ 33.33714856385518, -10.818623314614229 ], [ 33.338002320850478, -10.818730908604493 ], [ 33.338635100929196, -10.819101018297317 ], [ 33.339208082387131, -10.819679203232624 ], [ 33.339684958693965, -10.820212271878802 ], [ 33.3401738337555, -10.820736284351995 ], [ 33.340704644204038, -10.821432084423122 ], [ 33.341249503861548, -10.821910812433998 ], [ 33.341769740081475, -10.822353390396586 ], [ 33.342336892133915, -10.822823047845361 ], [ 33.342878837088733, -10.823247511663283 ], [ 33.343475571440536, -10.823581474905097 ], [ 33.344195121707571, -10.823815815747253 ], [ 33.344888290362348, -10.823977834009781 ], [ 33.345732987587382, -10.824148724084296 ], [ 33.346562727288074, -10.82423823270824 ], [ 33.347586795194502, -10.824264213222818 ], [ 33.34838223924902, -10.824362798704158 ], [ 33.349133147976431, -10.82451569784115 ], [ 33.349852112784845, -10.824731938927812 ], [ 33.350550568553956, -10.82501150757497 ], [ 33.351353658644484, -10.82529095841096 ], [ 33.352025741794591, -10.825507246262362 ], [ 33.352836734227935, -10.825696243286927 ], [ 33.353526978287448, -10.825794935787599 ], [ 33.354380175904453, -10.825893441229255 ], [ 33.35513722160556, -10.825910658749876 ], [ 33.355833617027884, -10.825891769389614 ], [ 33.356571018837485, -10.825737169634635 ], [ 33.357297007351065, -10.82560067143379 ], [ 33.358019280765234, -10.825708360752174 ], [ 33.357945720718476, -10.826838939865127 ], [ 33.358275792593815, -10.827453544645323 ], [ 33.358829774974197, -10.82787796619516 ], [ 33.359458489217957, -10.828157595996231 ], [ 33.360181859805039, -10.82822006020757 ], [ 33.360890850232579, -10.828210188349487 ], [ 33.361620940554019, -10.828155068901253 ], [ 33.362363632175914, -10.828118022228921 ], [ 33.363144751828884, -10.828180410897176 ], [ 33.363869288836668, -10.828260953280335 ], [ 33.364664165418958, -10.828350453810344 ], [ 33.365450552401114, -10.828512313792203 ], [ 33.366285014441928, -10.828710291446725 ], [ 33.366968527075926, -10.828908445368427 ], [ 33.367757876424889, -10.829151691297454 ], [ 33.368499118339685, -10.82933168520907 ], [ 33.369345613309463, -10.82954772664624 ], [ 33.370368854738899, -10.8298178182377 ], [ 33.37130912381707, -10.830033741863645 ], [ 33.372190500791021, -10.830249733838116 ], [ 33.372979833952229, -10.83047487911233 ], [ 33.373753617835234, -10.830609601152105 ], [ 33.374514229348279, -10.830726248617452 ], [ 33.375239368002497, -10.830824851185866 ], [ 33.375974743639574, -10.830878218754719 ], [ 33.37691823498858, -10.830922287333635 ], [ 33.377695808614703, -10.8308851597223 ], [ 33.378438526316984, -10.830866162443385 ], [ 33.37929729163676, -10.830828932309316 ], [ 33.380143444864132, -10.830764582219672 ], [ 33.381071966997752, -10.830727261254083 ], [ 33.381955946609708, -10.830735211260958 ], [ 33.382885646855186, -10.8307250147476 ], [ 33.38379308078612, -10.83074197506204 ], [ 33.384636044118167, -10.830867540204792 ], [ 33.3854807908059, -10.831047363245148 ], [ 33.386618919727425, -10.83127203727463 ], [ 33.387511138927948, -10.831460839146359 ], [ 33.388459323838788, -10.831595304879386 ], [ 33.389375595407444, -10.831811203324321 ], [ 33.390294784376863, -10.832072315185144 ], [ 33.391320409009722, -10.832396596325793 ], [ 33.392219111422889, -10.832730078430302 ], [ 33.392859872085467, -10.833009623695148 ], [ 33.39351148486719, -10.833280110088936 ], [ 33.394280338666761, -10.833568532561685 ], [ 33.39496623810146, -10.833820885025773 ], [ 33.395595590863877, -10.834118527348096 ], [ 33.396506918859245, -10.834479112321105 ], [ 33.397159706155549, -10.834767676886713 ], [ 33.398039696374951, -10.835209692773049 ], [ 33.398883034724349, -10.835606534813678 ], [ 33.399716107312543, -10.836021474811162 ], [ 33.400454824830376, -10.836427491735321 ], [ 33.401113518873842, -10.836851698347175 ], [ 33.401901486864176, -10.837311911115762 ], [ 33.402522337435983, -10.837654767753293 ], [ 33.403130026429608, -10.837988597895446 ], [ 33.403797205576609, -10.838340436961573 ], [ 33.404454144143472, -10.838728462948154 ], [ 33.405110499949672, -10.839107443553644 ], [ 33.405734922628653, -10.839549773303361 ], [ 33.406359930766257, -10.84000114393757 ], [ 33.40696324995406, -10.840479674097651 ], [ 33.407531118766144, -10.840958250123094 ], [ 33.408112774185213, -10.841482025175253 ], [ 33.408693250593103, -10.841978670379262 ], [ 33.409298354035855, -10.842502412156534 ], [ 33.409830755385087, -10.842962942385839 ], [ 33.410559008391601, -10.843640263187524 ], [ 33.41135289931691, -10.844227057332773 ], [ 33.412189565596009, -10.844732396283007 ], [ 33.413002780254146, -10.845228720429077 ], [ 33.413757088418947, -10.845716077434986 ], [ 33.414584690431184, -10.846275684175453 ], [ 33.415161047044762, -10.846672838280824 ], [ 33.415748853826585, -10.847079019780892 ], [ 33.416461203222013, -10.847403637267973 ], [ 33.417279961301233, -10.847764284294215 ], [ 33.418225039953654, -10.848088580723356 ], [ 33.418929735219137, -10.848250412826246 ], [ 33.419678383950327, -10.84835791958227 ], [ 33.420405330241863, -10.848483543180919 ], [ 33.421517738552836, -10.848653854991369 ], [ 33.422206871050321, -10.848725262061123 ], [ 33.422966933077532, -10.848814658269816 ], [ 33.423692126590424, -10.848913143027062 ], [ 33.424791933600886, -10.84906537396779 ], [ 33.425668659281257, -10.849163645585747 ], [ 33.426897163773162, -10.849342822013568 ], [ 33.427775670111146, -10.849486305248718 ], [ 33.428619283653063, -10.849620789867515 ], [ 33.429448537719907, -10.849710072761582 ], [ 33.430232645820013, -10.849817504873897 ], [ 33.431017351969274, -10.849943020553894 ], [ 33.431788257122435, -10.850014291826085 ], [ 33.432582048223026, -10.850094571607144 ], [ 33.433444403636372, -10.850138579032148 ], [ 33.434143196651235, -10.850164725921331 ], [ 33.435016962662758, -10.850190623698268 ], [ 33.435949093775719, -10.850243568585768 ], [ 33.436742261646089, -10.850287664144332 ], [ 33.437488540663651, -10.850331823554768 ], [ 33.438322734706503, -10.850276374055397 ], [ 33.43910941486763, -10.850184814977183 ], [ 33.439964686321275, -10.850075068009915 ], [ 33.440876498151908, -10.849920018593934 ], [ 33.44162534383463, -10.849765200303693 ], [ 33.442329666780722, -10.849664707360319 ], [ 33.443151809908159, -10.849582129811381 ], [ 33.44398420440757, -10.849472405327219 ], [ 33.444677089775951, -10.849371923175681 ], [ 33.445472834203997, -10.849226071126225 ], [ 33.446173004080947, -10.84902609337945 ], [ 33.446953185740995, -10.848798866174661 ], [ 33.44781218308583, -10.848508215181937 ], [ 33.448488306889885, -10.84829017904849 ], [ 33.44918965667739, -10.848117323955307 ], [ 33.449893360889916, -10.847989683177275 ], [ 33.450641012272968, -10.847807712555834 ], [ 33.451344129228232, -10.847671026396711 ], [ 33.452118191001773, -10.847561364865044 ], [ 33.452918663165804, -10.847524013322527 ], [ 33.453686024990134, -10.847522883774047 ], [ 33.454603144619455, -10.847485355964352 ], [ 33.455391010087112, -10.847429928948031 ], [ 33.456085057379539, -10.847347507881125 ], [ 33.457217767885709, -10.846947900425221 ], [ 33.457908244869657, -10.846775040835439 ], [ 33.458590880664644, -10.846710718624706 ], [ 33.459323945943424, -10.846718670430278 ], [ 33.460207981313317, -10.846735438289784 ], [ 33.461108149621452, -10.846833574110121 ], [ 33.461812275616069, -10.846986263705048 ], [ 33.462501980981699, -10.847057579943339 ], [ 33.463078998596984, -10.847472727684192 ], [ 33.463318485359878, -10.848150654628967 ], [ 33.463514598719826, -10.84888290871919 ], [ 33.463665583200168, -10.84964236190541 ], [ 33.463827432390133, -10.850401798903874 ], [ 33.463911627819414, -10.851233703272726 ], [ 33.463944178780878, -10.851948115712901 ], [ 33.463965294862533, -10.852662546139527 ], [ 33.463985838076042, -10.853376975666833 ], [ 33.463973272748376, -10.854127631684833 ], [ 33.463952813171829, -10.854950649852583 ], [ 33.46393296783225, -10.855800797868483 ], [ 33.463934780865486, -10.856605694697009 ], [ 33.463948631324342, -10.857428660704102 ], [ 33.463984141055334, -10.858206374624444 ], [ 33.464017308052348, -10.858947917812088 ], [ 33.464040781257097, -10.859707562553922 ], [ 33.464069625213085, -10.860611900119068 ], [ 33.464031815915632, -10.861308330614918 ], [ 33.463995791772447, -10.862049978123935 ], [ 33.463882723608833, -10.862891221952282 ], [ 33.463809461237702, -10.863587706407486 ], [ 33.463846170664283, -10.864401593758487 ], [ 33.463701957179637, -10.865071052686858 ], [ 33.463526028203717, -10.866310320265029 ], [ 33.463443710558863, -10.867070124186853 ], [ 33.463416750682541, -10.867757494013119 ], [ 33.463380725640036, -10.868499140622816 ], [ 33.463391604738831, -10.869249759768536 ], [ 33.463423572939575, -10.869955128626259 ], [ 33.463423029749094, -10.870714810240258 ], [ 33.463411049880108, -10.87147450714275 ], [ 33.463353335887803, -10.87224331777486 ], [ 33.463299192204033, -10.873102560634607 ], [ 33.46328883021539, -10.874169744737856 ], [ 33.463280392775971, -10.875001787602343 ], [ 33.463306851729897, -10.875842821888682 ], [ 33.463343563854437, -10.876656709239683 ], [ 33.463296101234164, -10.877398372037192 ], [ 33.463248637714514, -10.87814003573402 ], [ 33.46318679403538, -10.878827457720945 ], [ 33.46313815779979, -10.879551035152076 ], [ 33.463079870939339, -10.880319845784186 ], [ 33.462958523617033, -10.880989269639031 ], [ 33.462837749162873, -10.881658694393195 ], [ 33.46271695942022, -10.882319072866892 ], [ 33.46248171116207, -10.883296158390976 ], [ 33.462373947199978, -10.884245918913962 ], [ 33.462422682360966, -10.885068831861076 ], [ 33.462625921049494, -10.885954817860522 ], [ 33.462990570958141, -10.886560201891768 ], [ 33.463572409838889, -10.887083863629357 ], [ 33.464260857052977, -10.887390313012475 ], [ 33.465051181267029, -10.887380072432336 ], [ 33.465803662009421, -10.887306580734048 ], [ 33.466582153843376, -10.887043127937943 ], [ 33.46720905415458, -10.886752772822149 ], [ 33.467796351920128, -10.886372039438015 ], [ 33.468418532589283, -10.885991251195264 ], [ 33.469017838102786, -10.88561049712672 ], [ 33.469672528364526, -10.88517539432894 ], [ 33.470417471888879, -10.884676845260174 ], [ 33.471071557806226, -10.884223651700097 ], [ 33.471634813096216, -10.883833905310439 ], [ 33.472240787082683, -10.883335564884362 ], [ 33.472754172267287, -10.882873540881178 ], [ 33.473346345257653, -10.882330002327706 ], [ 33.474063097733847, -10.881732006227082 ], [ 33.474714812138927, -10.88123359115724 ], [ 33.475264833005667, -10.880798639445629 ], [ 33.47596639593246, -10.880363450312927 ], [ 33.476741900218599, -10.880036670855645 ], [ 33.47761177396427, -10.879718786592662 ], [ 33.47836854717076, -10.879482470839321 ], [ 33.479161388587272, -10.879273228276816 ], [ 33.479827921121739, -10.87910939877969 ], [ 33.480565964147956, -10.878963544931594 ], [ 33.481281160796982, -10.878835812422778 ], [ 33.482170774661597, -10.878707803822067 ], [ 33.483003846350471, -10.878625101267346 ], [ 33.483816402704861, -10.878587647202096 ], [ 33.484536346874961, -10.878568424193361 ], [ 33.485454155385014, -10.878548887321244 ], [ 33.490285014841618, -10.878405557870167 ], [ 33.491223890869946, -10.878331707342397 ], [ 33.492022058970917, -10.878239991782152 ], [ 33.492773320232573, -10.878139306383844 ], [ 33.493582323365558, -10.878029482074908 ], [ 33.494371428998306, -10.877992037902175 ], [ 33.495149113241041, -10.877963654399082 ], [ 33.49602001041518, -10.877935118011237 ], [ 33.496949251107083, -10.877915528079086 ], [ 33.49784300634974, -10.877877905840649 ], [ 33.498701276143038, -10.877822251295811 ], [ 33.499535526843147, -10.877766632723876 ], [ 33.500359515379387, -10.877729116605394 ], [ 33.501104677438946, -10.87774598878633 ], [ 33.501827581277894, -10.877790027687581 ], [ 33.502756217625404, -10.877752334402658 ], [ 33.503486992330863, -10.87771496217573 ], [ 33.504321813201159, -10.877659330113943 ], [ 33.505550582993067, -10.877566872613045 ], [ 33.506397443087565, -10.877529303434585 ], [ 33.507324302374684, -10.877455423229151 ], [ 33.508078519707965, -10.877418002438787 ], [ 33.508856198554781, -10.877389582962849 ], [ 33.509587543430428, -10.877352196346749 ], [ 33.510492730854878, -10.877314518350317 ], [ 33.511375059311604, -10.877285919009921 ], [ 33.512316304154183, -10.877266263427259 ], [ 33.513059701743884, -10.87725597878034 ], [ 33.5138121249297, -10.877173326587695 ], [ 33.51466743505415, -10.877063370977737 ], [ 33.515476424697283, -10.876953489112168 ], [ 33.51649650590906, -10.876888469926882 ], [ 33.517182731797675, -10.876887315197393 ], [ 33.517908604298725, -10.876994616908007 ], [ 33.518765555685889, -10.877174046045354 ], [ 33.519449855226696, -10.877380894612543 ], [ 33.52012395555613, -10.877642022661178 ], [ 33.520788366589898, -10.877921252263945 ], [ 33.521417912706568, -10.878209583905118 ], [ 33.522134014073515, -10.878615334629956 ], [ 33.522862126785753, -10.879021063771006 ], [ 33.523640150972255, -10.879517143301484 ], [ 33.524325535994763, -10.880013379313937 ], [ 33.525069252843821, -10.880509512803712 ], [ 33.525683684054854, -10.880978734980602 ], [ 33.526274068293674, -10.881429909562655 ], [ 33.526925164864508, -10.881935241318274 ], [ 33.527503526966257, -10.882377390304271 ], [ 33.528070484765124, -10.882837645340999 ], [ 33.528805748886271, -10.883397090203516 ], [ 33.529406990640155, -10.883839196022052 ], [ 33.529975702116985, -10.884317531928502 ], [ 33.530603954109267, -10.884831937843614 ], [ 33.531196735041362, -10.88533736043081 ], [ 33.531838796123566, -10.885896959077343 ], [ 33.53243100958349, -10.886402379865899 ], [ 33.533012948288956, -10.886916861324039 ], [ 33.533582291089886, -10.887422318984761 ], [ 33.534114350696768, -10.887864535419908 ], [ 33.53469511938431, -10.888360927914448 ], [ 33.535263847048952, -10.888839252129742 ], [ 33.535842838676103, -10.889299471193567 ], [ 33.536401946292813, -10.889832072192348 ], [ 33.536988666693674, -10.890455061351929 ], [ 33.537543495336081, -10.891150454929516 ], [ 33.537980436348107, -10.891800834740707 ], [ 33.53833264413629, -10.892397101445056 ], [ 33.538669084111007, -10.893129049765776 ], [ 33.539702716307374, -10.894529006408447 ], [ 33.540359416553883, -10.895893447024889 ], [ 33.540824492856132, -10.89659803527104 ], [ 33.541325094177807, -10.897338733995355 ], [ 33.541836529632178, -10.898061325769504 ], [ 33.542359979129799, -10.89878389595998 ], [ 33.542859966214507, -10.899497462138129 ], [ 33.543264153018299, -10.900048411105217 ], [ 33.543656937317849, -10.900617467022414 ], [ 33.544228010414429, -10.901421341321793 ], [ 33.544692467083735, -10.902089748942728 ], [ 33.545135929079891, -10.902848629260802 ], [ 33.545534263095817, -10.903634721265348 ], [ 33.545849458385874, -10.90430339238759 ], [ 33.546130422780834, -10.90501734167691 ], [ 33.546525050690605, -10.905649696376315 ], [ 33.54696143502224, -10.90659850271868 ], [ 33.547174398080074, -10.907339704163974 ], [ 33.547218339854567, -10.908225906000723 ], [ 33.547166508327734, -10.908967579590069 ], [ 33.547011764681258, -10.909727524705431 ], [ 33.546809419019496, -10.91041520569712 ], [ 33.546586715404658, -10.911229533715982 ], [ 33.546442786105729, -10.911962328298785 ], [ 33.546404876084239, -10.912812500596374 ], [ 33.546503508330318, -10.913581036935284 ], [ 33.546726032080755, -10.914231784569154 ], [ 33.547030441801496, -10.914936647108505 ], [ 33.547355915443177, -10.915587210381432 ], [ 33.547716227921626, -10.916210579054905 ], [ 33.5480645317528, -10.916833968412845 ], [ 33.548552554257014, -10.917547543584249 ], [ 33.549075415597997, -10.918233925055574 ], [ 33.549502552201091, -10.918802909926285 ], [ 33.549920672201324, -10.9194442587455 ], [ 33.550304544219387, -10.920121843947868 ], [ 33.550668027707388, -10.920907989012449 ], [ 33.550999063655922, -10.92177558387607 ], [ 33.551240457880851, -10.922724733759424 ], [ 33.551342216170383, -10.923628916641121 ], [ 33.551308657968264, -10.924659954293418 ], [ 33.551154558236306, -10.925456073738758 ], [ 33.550952834905445, -10.926170886377236 ], [ 33.55057591194884, -10.92678653437099 ], [ 33.549932914672354, -10.927339353928005 ], [ 33.549300077037003, -10.927819805039917 ], [ 33.548721979335937, -10.928209721401458 ], [ 33.548056702255053, -10.928780664096337 ], [ 33.547588928886, -10.929450732765076 ], [ 33.547296371330503, -10.930229012359007 ], [ 33.547118135593507, -10.930970910778854 ], [ 33.546953171151983, -10.931776091793154 ], [ 33.547018788386424, -10.932626078830424 ], [ 33.54694343778948, -10.933331620357933 ], [ 33.547028187201136, -10.934009741556281 ], [ 33.547091301622345, -10.934742165618388 ], [ 33.547200746417388, -10.93547450604359 ], [ 33.547343887010811, -10.936179654567354 ], [ 33.547500315986838, -10.9369571301674 ], [ 33.547728457802123, -10.937852042837449 ], [ 33.54786019589136, -10.93857529921064 ], [ 33.547994354056243, -10.939370900646509 ], [ 33.548117158280263, -10.940211739779897 ], [ 33.54822907800957, -10.941043556015245 ], [ 33.548316303254865, -10.941821153023739 ], [ 33.548425803807845, -10.94258062419641 ], [ 33.548582862309274, -10.943385226946646 ], [ 33.548703769863153, -10.944126589370569 ], [ 33.548825889703096, -10.944904124325831 ], [ 33.549003963562143, -10.945627295263421 ], [ 33.549185149075413, -10.946486116341134 ], [ 33.549375892583441, -10.947254482708161 ], [ 33.549475825249203, -10.948095363210371 ], [ 33.549436664270672, -10.94888223132989 ], [ 33.549292106345661, -10.949587896064486 ], [ 33.549079547982785, -10.950329857436941 ], [ 33.54877430908715, -10.951062941601435 ], [ 33.548467185212473, -10.951705592638916 ], [ 33.548058394779162, -10.952429819380598 ], [ 33.547636314164606, -10.953081719046054 ], [ 33.547190091249774, -10.953670356801467 ], [ 33.546629583388608, -10.954322503780475 ], [ 33.546090019838573, -10.954857046415498 ], [ 33.545390394051481, -10.95544613383197 ], [ 33.54461073489756, -10.956062494988089 ], [ 33.543853331266291, -10.956651684027975 ], [ 33.543095301706842, -10.957213741420958 ], [ 33.542449137018139, -10.957639941829825 ], [ 33.541802937255795, -10.958048055073618 ], [ 33.541145343982464, -10.958483317950709 ], [ 33.540490202261083, -10.959009012156116 ], [ 33.53982487481818, -10.959598027626839 ], [ 33.539172800684241, -10.960241281210131 ], [ 33.538642187187236, -10.960676313860745 ], [ 33.538194119762863, -10.961210681127966 ], [ 33.537723155599224, -10.961736044382917 ], [ 33.53723118776918, -10.96235187943563 ], [ 33.536740476291982, -10.963031017767207 ], [ 33.536261791448567, -10.963719178097563 ], [ 33.535737995711997, -10.964452636380031 ], [ 33.535235836764514, -10.965131791798683 ], [ 33.534745688262944, -10.965810927432301 ], [ 33.534198431912159, -10.966544422586992 ], [ 33.533755265792934, -10.967268691596814 ], [ 33.533326641711199, -10.968128590062349 ], [ 33.533047282606049, -10.968970138760824 ], [ 33.532860704757752, -10.969874830658853 ], [ 33.532834148677068, -10.970697849725923 ], [ 33.532866610605652, -10.971575028664574 ], [ 33.532956913330963, -10.972488280309847 ], [ 33.533126647776612, -10.973356173748357 ], [ 33.533352297570502, -10.974142576918325 ], [ 33.533599588650134, -10.974874679922493 ], [ 33.533940842695813, -10.97568801059316 ], [ 33.534394612721258, -10.97640166400555 ], [ 33.53481032073978, -10.976943553202375 ], [ 33.535424775333183, -10.977620747199694 ], [ 33.53594219667508, -10.978099149655975 ], [ 33.536622196557175, -10.978640572104666 ], [ 33.537197349877829, -10.979091740391482 ], [ 33.537839941560094, -10.979506612939815 ], [ 33.538610167725096, -10.979957434088249 ], [ 33.539391853950974, -10.980417275436878 ], [ 33.540209092175928, -10.980922269946745 ], [ 33.540808396790112, -10.981436693848309 ], [ 33.541501702141886, -10.982050428984053 ], [ 33.542066687727527, -10.982564911341512 ], [ 33.542630514986342, -10.98307035011652 ], [ 33.543182853405995, -10.983548677029773 ], [ 33.543746617712316, -10.984017939676107 ], [ 33.544379047954749, -10.984496121798543 ], [ 33.545000627876732, -10.984983364590562 ], [ 33.545598738191245, -10.985461606068213 ], [ 33.546117416785421, -10.98598520575257 ], [ 33.546515269664042, -10.986753199800262 ], [ 33.546634347097495, -10.987422215362926 ], [ 33.546607829687616, -10.988245232631357 ], [ 33.546566811609125, -10.988959752990183 ], [ 33.546527627248224, -10.989737575728498 ], [ 33.546489063419585, -10.990542528314961 ], [ 33.546448634396995, -10.991266091356977 ], [ 33.546397434194262, -10.992043934779701 ], [ 33.546256585972742, -10.992912375905405 ], [ 33.546045875716629, -10.993744767706801 ], [ 33.545781672885937, -10.994730998436808 ], [ 33.545535443006315, -10.995536322443286 ], [ 33.545277113647956, -10.996296450121008 ], [ 33.545085568844002, -10.996975065946515 ], [ 33.544952997083215, -10.997680706399422 ], [ 33.544866208009125, -10.998395307697251 ], [ 33.544824580190266, -10.99909174179038 ], [ 33.544840699638655, -10.999769985296552 ], [ 33.545053097022844, -11.000475007015893 ], [ 33.545411716977185, -11.001053155078978 ], [ 33.547005105201492, -11.004215558101464 ], [ 33.547216888348771, -11.004893448174073 ], [ 33.557258823535904, -11.027182815034848 ], [ 33.559372894943181, -11.03187547657194 ] ] ] ] } },
{ "type": "Feature", "properties": { "SitRecID": 48978, "Country": "Malawi", "ISO3": "MWI", "NatName": "North Rumphi", "IntName": "North Rumphi", "SitLat": -10.665818722899999, "SitLong": 34.1188577084, "IbaStatus": null, "AzeStatus": null, "AddedDate": "2019-07-25", "ChangeDate": null, "Source": "IUCN Freshwater Biodiversity Assessment Unit Assessment 2018. The Nyika-Vwaza (UK) Trust website; http://www.nyika-vwaza-trust.org/nyika/nyika.html (Accessed 16/10/2018).", "DelTxt": "The North Rumphi KBA has been newly delineated for freshwater trigger species. This KBA includes the North Rumphi river and its immediate catchment (Hydrobasin)from where it exits Nyika National Park KBA to its mouth in Lake Malawi.", "DelGeom": "4. refined polygon", "Shape_Leng": 0.70337184183000001, "Shape_Area": 0.01706464767, "GISArea": 20652.0, "KBA_Qual": "Global", "LegacyKBA": null, "Trigger Ecosystems": null }, "geometry": { "type": "MultiPolygon", "coordinates": [ [ [ [ 34.026730116201975, -10.63703331593473 ], [ 34.036353354024129, -10.637549182348835 ], [ 34.038467412840873, -10.638336216842902 ], [ 34.039347512777567, -10.638506251662136 ], [ 34.040714486784168, -10.638536488667967 ], [ 34.043877387131772, -10.639116160182596 ], [ 34.046617489205801, -10.639496187598922 ], [ 34.049917511883734, -10.638386206558152 ], [ 34.051618593023704, -10.637837788283264 ], [ 34.052647404853928, -10.637506106621458 ], [ 34.053747353957249, -10.637216202066043 ], [ 34.054897468143679, -10.636456147233389 ], [ 34.056077506371878, -10.635876162754641 ], [ 34.057287467742469, -10.635586081932104 ], [ 34.058617474217101, -10.635236153925291 ], [ 34.060077384164003, -10.634936215633786 ], [ 34.061862260534951, -10.634688491980285 ], [ 34.062167444571969, -10.634646134811248 ], [ 34.06221743428722, -10.633546187506511 ], [ 34.062317413717722, -10.630216242585504 ], [ 34.062317413717722, -10.629176140666289 ], [ 34.062307380880952, -10.627566087105208 ], [ 34.062307380880952, -10.627153587867724 ], [ 34.062307380880952, -10.626126244630427 ], [ 34.062247358328989, -10.625086142711268 ], [ 34.062237500860022, -10.624056249895943 ], [ 34.062697441134048, -10.623016148876104 ], [ 34.066237378652147, -10.622476119477312 ], [ 34.067567385126779, -10.621956156651265 ], [ 34.069037504177516, -10.621306115884522 ], [ 34.070357477815378, -10.620776119322386 ], [ 34.071807354026191, -10.620146144229125 ], [ 34.072557375122813, -10.619626181403078 ], [ 34.073317429056146, -10.619106218577087 ], [ 34.074187496156071, -10.618236152376483 ], [ 34.074817471249332, -10.617026191005891 ], [ 34.076147478623284, -10.614946164333958 ], [ 34.076837476268565, -10.613896205845151 ], [ 34.077307450278681, -10.613156218484676 ], [ 34.07822750619448, -10.611486141472199 ], [ 34.078627423916544, -10.610506238372182 ], [ 34.079257399009805, -10.608536223967519 ], [ 34.079777361835852, -10.607686223440396 ], [ 34.081107369209747, -10.604736129668595 ], [ 34.081677497118847, -10.603416156930052 ], [ 34.083017361062389, -10.600186191439548 ], [ 34.083467444766825, -10.599316125238943 ], [ 34.084967486960011, -10.596486253737567 ], [ 34.085235041563976, -10.595882800550783 ], [ 34.085773636544161, -10.594977336135116 ], [ 34.087441956281282, -10.595952629310375 ], [ 34.089081945575401, -10.59540515532359 ], [ 34.090543676649418, -10.594127717819902 ], [ 34.100332459875176, -10.597064338848099 ], [ 34.101047800415699, -10.595835081623648 ], [ 34.100954048790356, -10.594967175594604 ], [ 34.101346219752315, -10.594456200593129 ], [ 34.102046055081416, -10.594119664390973 ], [ 34.102629690807646, -10.592375812393755 ], [ 34.105248218030908, -10.591830690134202 ], [ 34.106123582137684, -10.590477925415883 ], [ 34.107050533155643, -10.58956548405979 ], [ 34.108449321578973, -10.589507716108187 ], [ 34.109795734385671, -10.589164010510615 ], [ 34.110705937329215, -10.588113668910637 ], [ 34.113133242605102, -10.586389801647954 ], [ 34.116204319473809, -10.586779813337671 ], [ 34.118205975625301, -10.586942257878832 ], [ 34.119350459156408, -10.587777106628096 ], [ 34.121418273034919, -10.588507054856677 ], [ 34.123985214246318, -10.588835533133306 ], [ 34.126053027225453, -10.588507054856677 ], [ 34.12796841770836, -10.589304007973567 ], [ 34.133534574560997, -10.59161997807945 ], [ 34.134146022720813, -10.591901339075491 ], [ 34.134929298948066, -10.594228216159195 ], [ 34.13510862556268, -10.595478151495456 ], [ 34.138551359857445, -10.598329622014376 ], [ 34.140547870088199, -10.602612155826307 ], [ 34.142924666740043, -10.604364118808974 ], [ 34.143875385940362, -10.608841400809979 ], [ 34.147011927158758, -10.611090707769904 ], [ 34.148137327975348, -10.612694240346855 ], [ 34.148478109876919, -10.61369132679323 ], [ 34.150545923755431, -10.61588135853782 ], [ 34.15147287477339, -10.617669896048824 ], [ 34.152908038974886, -10.619397869615966 ], [ 34.154289379651175, -10.619713951637493 ], [ 34.155854444626982, -10.621397597621012 ], [ 34.158652295766899, -10.625569840375761 ], [ 34.158710221999172, -10.626539733122115 ], [ 34.159161549465978, -10.626329260287093 ], [ 34.159351957526894, -10.628109318090537 ], [ 34.161918898738236, -10.631431026120936 ], [ 34.166482349281068, -10.633438668159954 ], [ 34.170780730946035, -10.634246320511238 ], [ 34.171328627614116, -10.63707786924823 ], [ 34.174504040229351, -10.638366572559221 ], [ 34.179031838948276, -10.637965036057494 ], [ 34.1836280104244, -10.637664430469044 ], [ 34.187716291573622, -10.637859402589299 ], [ 34.194005661632048, -10.639863209919156 ], [ 34.199922758228752, -10.641547691372807 ], [ 34.199921619687075, -10.641550352466766 ], [ 34.200831702121434, -10.641637827723514 ], [ 34.200822805128382, -10.641704677928487 ], [ 34.200805548937012, -10.641781677882079 ], [ 34.200781573910547, -10.641856896278682 ], [ 34.200764370779154, -10.641900155467738 ], [ 34.200300816129811, -10.642983245880032 ], [ 34.200277303354937, -10.643033790476977 ], [ 34.20025069241558, -10.643082808924419 ], [ 34.200210039461808, -10.643146224618533 ], [ 34.200164206413035, -10.643206083493908 ], [ 34.19863919814054, -10.645034721774948 ], [ 34.19864731632066, -10.645056198484724 ], [ 34.198650089829812, -10.645063632280767 ], [ 34.198674064856277, -10.645138851576689 ], [ 34.198691322846344, -10.645215850630962 ], [ 34.19870172980103, -10.645294044884224 ], [ 34.198705207479406, -10.645372838985281 ], [ 34.19870172980103, -10.645451633086338 ], [ 34.198691323745663, -10.645529827339601 ], [ 34.19868181791162, -10.645576061485997 ], [ 34.198669887505332, -10.645621741650018 ], [ 34.198593593519604, -10.645885266391872 ], [ 34.198664869288336, -10.645972280296462 ], [ 34.198707900049612, -10.646029255046017 ], [ 34.198746269624678, -10.646089399905861 ], [ 34.198783085171272, -10.646159357268459 ], [ 34.198813597369679, -10.646232222139304 ], [ 34.198837573295407, -10.646307441435226 ], [ 34.198854830386153, -10.646384440489499 ], [ 34.198865238240217, -10.646462634742761 ], [ 34.198868715918536, -10.646541428843818 ], [ 34.198865238240217, -10.646620222944875 ], [ 34.198854831285473, -10.646698417198138 ], [ 34.198841041081209, -10.646762224097301 ], [ 34.198822633757572, -10.646824880763575 ], [ 34.198502913978359, -10.647782730688448 ], [ 34.198575874177322, -10.648337666350187 ], [ 34.198581595664166, -10.648395838996748 ], [ 34.198583505824161, -10.648454256258844 ], [ 34.198580028145841, -10.648533050359958 ], [ 34.198569622090417, -10.648611244613221 ], [ 34.198552364999671, -10.648688244566813 ], [ 34.198528389073942, -10.648763462963416 ], [ 34.198497876875592, -10.648836328733523 ], [ 34.198460868874065, -10.648906616147372 ], [ 34.197817884188055, -10.650006108395132 ], [ 34.197850695053603, -10.650036803155899 ], [ 34.197887859537161, -10.650073632192345 ], [ 34.197922820681697, -10.650112516179604 ], [ 34.197971358891152, -10.650175086511013 ], [ 34.198014198996134, -10.650241603966776 ], [ 34.198051015442047, -10.650311561329431 ], [ 34.198081527640454, -10.650384427099596 ], [ 34.198105504465502, -10.650459645496198 ], [ 34.198122761556249, -10.65053664544979 ], [ 34.198133169410312, -10.650614839703053 ], [ 34.198136647088631, -10.65069363380411 ], [ 34.198133169410312, -10.650772427005847 ], [ 34.198122762455569, -10.65085062125911 ], [ 34.198108591838093, -10.650915914737652 ], [ 34.19808958736462, -10.650979995030696 ], [ 34.197980121885166, -10.651304240198499 ], [ 34.197985685091339, -10.651338416234864 ], [ 34.197998767529157, -10.651343776194267 ], [ 34.198069492013474, -10.651380194240517 ], [ 34.198136737920152, -10.651422570295324 ], [ 34.198199994434219, -10.65147058240143 ], [ 34.198258779519108, -10.651523865434001 ], [ 34.198312646211718, -10.651582013798873 ], [ 34.198361184421174, -10.651644585029544 ], [ 34.198404025425475, -10.651711102485365 ], [ 34.198440841871388, -10.651781059847963 ], [ 34.198471354969115, -10.651853924718807 ], [ 34.198483594742129, -10.651889469523326 ], [ 34.198825856028463, -10.652955412562221 ], [ 34.198842314521244, -10.653013273143983 ], [ 34.198854850171244, -10.65307208790648 ], [ 34.198865258025307, -10.653150282159743 ], [ 34.198868735703627, -10.6532290762608 ], [ 34.198865258025307, -10.653307870361857 ], [ 34.198854851070564, -10.65338606461512 ], [ 34.198842128361605, -10.653445632110163 ], [ 34.198825381186452, -10.65350421754556 ], [ 34.198386322271006, -10.654863552710765 ], [ 34.198448845837618, -10.655386148751745 ], [ 34.198453595157332, -10.65543917997411 ], [ 34.198455179762789, -10.655492394658268 ], [ 34.198451702084412, -10.655571188759325 ], [ 34.198441295129726, -10.655649383012587 ], [ 34.198424038038979, -10.655726382966179 ], [ 34.198400062113251, -10.655801601362782 ], [ 34.198369549015524, -10.65587446713289 ], [ 34.198332732569611, -10.655944424495544 ], [ 34.19828989156531, -10.656010942850685 ], [ 34.198241352456478, -10.656073513182037 ], [ 34.198217901734836, -10.656100088148492 ], [ 34.196605351655705, -10.657856982113969 ], [ 34.1952622510521, -10.659967217912708 ], [ 34.194561261892773, -10.661658268913925 ], [ 34.194895042572227, -10.663086392323123 ], [ 34.19490464283507, -10.66313303206374 ], [ 34.194909020734769, -10.663159959564439 ], [ 34.19507861128892, -10.664313823024486 ], [ 34.19508573841614, -10.664378683029724 ], [ 34.195088118921603, -10.664443882978787 ], [ 34.195084641243227, -10.664522677079844 ], [ 34.195074233389221, -10.664600871333107 ], [ 34.195056976298474, -10.664677870387379 ], [ 34.19503299857405, -10.664753089683302 ], [ 34.19500248547638, -10.66482595455409 ], [ 34.194965667231827, -10.664895912816064 ], [ 34.194950309509238, -10.664920299731989 ], [ 34.195008252828643, -10.665455172418206 ], [ 34.195931131716407, -10.666400171031 ], [ 34.195973911566796, -10.666447158809262 ], [ 34.196022452474267, -10.666509730039991 ], [ 34.196065295277208, -10.666576246596435 ], [ 34.196092819028422, -10.666627078976489 ], [ 34.196117010791454, -10.666679542726683 ], [ 34.196530575725546, -10.667657921475836 ], [ 34.196546193352219, -10.667697449377727 ], [ 34.196570171076587, -10.667772667774329 ], [ 34.196587429066653, -10.667849666828602 ], [ 34.196597836920716, -10.667927861081864 ], [ 34.196601315498356, -10.668006655182921 ], [ 34.196597837820036, -10.668085449284035 ], [ 34.196587429965973, -10.668163642637978 ], [ 34.196570171975907, -10.668240642591513 ], [ 34.196546195150859, -10.668315860988173 ], [ 34.196528220401092, -10.668360915224014 ], [ 34.196507831870974, -10.668404953225945 ], [ 34.19562209228576, -10.6701901263732 ], [ 34.195200091710888, -10.671196274388478 ], [ 34.195133942077803, -10.672822162312912 ], [ 34.195328319746238, -10.675219444621632 ], [ 34.196381968153332, -10.677573499217544 ], [ 34.196405084327239, -10.677630262626451 ], [ 34.196429062950926, -10.677705481023111 ], [ 34.196446321840313, -10.677782480077326 ], [ 34.196456730593695, -10.677860674330589 ], [ 34.196460209171391, -10.677939468431703 ], [ 34.19645827472965, -10.677998248120616 ], [ 34.196452481297001, -10.678056779596659 ], [ 34.196356313193348, -10.678783621566822 ], [ 34.196547675434942, -10.679747345863291 ], [ 34.197020587530119, -10.680620069560518 ], [ 34.197049363137637, -10.680678056946704 ], [ 34.197073878656624, -10.680737929311931 ], [ 34.197097857280369, -10.680813147708534 ], [ 34.197115116169755, -10.680890146762806 ], [ 34.197125524923081, -10.680968341016069 ], [ 34.197129003500777, -10.681047135117126 ], [ 34.197125525822401, -10.68112592921824 ], [ 34.197115117968394, -10.681204122572126 ], [ 34.197114613448719, -10.681206925758943 ], [ 34.196778903723498, -10.683055968757913 ], [ 34.196902099152624, -10.685044530780431 ], [ 34.197105353129587, -10.685450399316437 ], [ 34.19712656453936, -10.685495880730286 ], [ 34.197145195794178, -10.685542453921073 ], [ 34.197169175317242, -10.685617672317676 ], [ 34.197186435105948, -10.685694672271268 ], [ 34.197196842960011, -10.68577286652453 ], [ 34.19720032153765, -10.685851659726268 ], [ 34.197200214518318, -10.685865518279002 ], [ 34.197185956666601, -10.686785541819233 ], [ 34.197181948388277, -10.686857377865635 ], [ 34.197172177254231, -10.686928671620876 ], [ 34.197158096568955, -10.686993608967839 ], [ 34.197139232389702, -10.687057349317172 ], [ 34.196958855366915, -10.687593022399994 ], [ 34.197071934322366, -10.687877249535404 ], [ 34.197316061587003, -10.688094248750531 ], [ 34.19733854733613, -10.688114414248787 ], [ 34.197374547197626, -10.688147867230214 ], [ 34.197385117828958, -10.688158618625323 ], [ 34.19742856137907, -10.688205867206932 ], [ 34.197477105883763, -10.68826843843766 ], [ 34.19751995138472, -10.688334954994104 ], [ 34.197556772327232, -10.688404912356759 ], [ 34.197587289022238, -10.688477778126924 ], [ 34.197611267645925, -10.688552996523526 ], [ 34.197628527434631, -10.688629995577799 ], [ 34.197634491738427, -10.688672135110892 ], [ 34.197638873235462, -10.688708196126299 ], [ 34.197639337285636, -10.688714398750449 ], [ 34.197702886079355, -10.689493065952206 ], [ 34.197705837654325, -10.689565657429114 ], [ 34.197702359976006, -10.689644450630851 ], [ 34.197691951222623, -10.689722644884114 ], [ 34.197685639780502, -10.689754658950278 ], [ 34.197550916841408, -10.690377941288887 ], [ 34.197535558219499, -10.690438641030426 ], [ 34.197515990770398, -10.690498144673597 ], [ 34.197485474075393, -10.690571010443705 ], [ 34.197448653132881, -10.69064096780636 ], [ 34.197423904689515, -10.690680933678095 ], [ 34.197294407710785, -10.690878378933974 ], [ 34.197299468195979, -10.690880984269938 ], [ 34.197366723095854, -10.690923360324746 ], [ 34.197429987703799, -10.690971372430852 ], [ 34.197488780882566, -10.691024655463423 ], [ 34.197542653870414, -10.691082803828294 ], [ 34.197565756554468, -10.691111174740854 ], [ 34.197793928946737, -10.691403251159045 ], [ 34.197829783118038, -10.691452475551273 ], [ 34.197862218066973, -10.691503968033658 ], [ 34.197899039908805, -10.691573925396312 ], [ 34.19792955660381, -10.6916467902671 ], [ 34.197953536126818, -10.691722008663703 ], [ 34.197970795915523, -10.691799007717975 ], [ 34.197981204668906, -10.691877201971238 ], [ 34.197984683246602, -10.691955996072295 ], [ 34.197982536564837, -10.692017922489072 ], [ 34.197976105512907, -10.692079558424837 ], [ 34.197733677067617, -10.693817418239234 ], [ 34.197728368369553, -10.693850842442373 ], [ 34.197711108580847, -10.693927842395965 ], [ 34.19768712995716, -10.694003060792568 ], [ 34.197656613262154, -10.694075925663412 ], [ 34.197619791420266, -10.69414588392533 ], [ 34.1975835433459, -10.69420295400306 ], [ 34.197543097236178, -10.694257195712964 ], [ 34.196935966721526, -10.695010880647601 ], [ 34.196921270899963, -10.695028655747819 ], [ 34.196867397012795, -10.695086804112691 ], [ 34.196808603834029, -10.695140087145262 ], [ 34.196778670799063, -10.695163886803869 ], [ 34.194835654042265, -10.696643376790348 ], [ 34.194810980242607, -10.696661518813983 ], [ 34.192669325728843, -10.698181576318632 ], [ 34.192635156887036, -10.698204687096563 ], [ 34.191858659749414, -10.6987047380332 ], [ 34.190180770326322, -10.700294146757415 ], [ 34.18865406323448, -10.702583530205686 ], [ 34.187788552100074, -10.704343229156677 ], [ 34.187725530309024, -10.705274504115039 ], [ 34.188004317445348, -10.70559725101225 ], [ 34.18800954070781, -10.705603352912362 ], [ 34.188058087910463, -10.705665923243714 ], [ 34.188100936109379, -10.705732440699535 ], [ 34.18813775974985, -10.70580239806219 ], [ 34.188168277344175, -10.705875262932977 ], [ 34.188187360958011, -10.705933101031746 ], [ 34.188202466870393, -10.705992077672192 ], [ 34.188265329481396, -10.706277520691003 ], [ 34.188275255298834, -10.706278952411651 ], [ 34.188302087471413, -10.706283225090715 ], [ 34.188379944478925, -10.706300296021823 ], [ 34.188456000144356, -10.706324012043467 ], [ 34.188529677102963, -10.706354193291361 ], [ 34.188600413278493, -10.706390611337611 ], [ 34.188667671775704, -10.706432987392418 ], [ 34.188730939081609, -10.706480999498467 ], [ 34.188789734958334, -10.706534281631718 ], [ 34.188843611543462, -10.70659242999659 ], [ 34.188892158746171, -10.706655000327942 ], [ 34.188935006945087, -10.706721517783762 ], [ 34.188971830585558, -10.706791475146417 ], [ 34.189002349079203, -10.706864340017205 ], [ 34.18902632950153, -10.706939558413865 ], [ 34.189043590189613, -10.70701655746808 ], [ 34.189053999842258, -10.707094751721343 ], [ 34.189057478419954, -10.707173545822457 ], [ 34.189056935229416, -10.707204707331357 ], [ 34.189023522717434, -10.708162878314113 ], [ 34.18981281990574, -10.709454914512662 ], [ 34.189822059540461, -10.709470384650501 ], [ 34.189858883180989, -10.70954034111378 ], [ 34.189889401674577, -10.709613206883944 ], [ 34.189913382096961, -10.709688425280547 ], [ 34.189930643684306, -10.709765424334819 ], [ 34.18993744615625, -10.709810070278479 ], [ 34.18996015133996, -10.709989369913444 ], [ 34.190505278096168, -10.710530767181126 ], [ 34.190557791309061, -10.7105875629656 ], [ 34.19060633941109, -10.710650134196271 ], [ 34.190649188509269, -10.710716650752772 ], [ 34.190686012149797, -10.710786608115427 ], [ 34.190716530643442, -10.710859473885591 ], [ 34.190740511965089, -10.710934692282194 ], [ 34.190757772653114, -10.711011691336466 ], [ 34.190763984270518, -10.711051764227477 ], [ 34.190816461510565, -10.711449692649126 ], [ 34.191335606852817, -10.712480047715985 ], [ 34.191368083170573, -10.712490388120841 ], [ 34.1914417610285, -10.712520569368735 ], [ 34.19151249900267, -10.712556987414985 ], [ 34.1915797583992, -10.712599362570472 ], [ 34.191643027503744, -10.712647375575898 ], [ 34.191687089787422, -10.712686410649269 ], [ 34.192011361934874, -10.712992959857161 ], [ 34.192192701232216, -10.713040468342911 ], [ 34.19223226150973, -10.713051780914896 ], [ 34.192271266905493, -10.713064844466942 ], [ 34.19234494476342, -10.713095026614155 ], [ 34.192415682737646, -10.713131443761085 ], [ 34.19248294303344, -10.713173819815893 ], [ 34.192546212138041, -10.713221831921942 ], [ 34.192605008914086, -10.71327511495457 ], [ 34.192658886398533, -10.713333262420065 ], [ 34.192707434500562, -10.713395833650736 ], [ 34.192750284498061, -10.713462350207237 ], [ 34.192787108138589, -10.713532307569892 ], [ 34.192817627531554, -10.713605173340056 ], [ 34.192841607953881, -10.713680390837339 ], [ 34.192858869541226, -10.713757390790931 ], [ 34.192869279193928, -10.713835584144874 ], [ 34.192872757771624, -10.713914378245931 ], [ 34.192869279193928, -10.713993171447669 ], [ 34.192858870440546, -10.714071365700931 ], [ 34.192846828518384, -10.714128173176618 ], [ 34.192831126355429, -10.714184100216016 ], [ 34.192738730008443, -10.714476428444357 ], [ 34.193248791298743, -10.715668799075786 ], [ 34.194702098423136, -10.717175221958883 ], [ 34.194740969819975, -10.717218177177074 ], [ 34.194789518821267, -10.717280747508426 ], [ 34.194832368818822, -10.717347264064927 ], [ 34.194835037107339, -10.717351865895864 ], [ 34.196344812663028, -10.719973333002883 ], [ 34.197373023746081, -10.7204456533442 ], [ 34.197444997388743, -10.7204826379633 ], [ 34.197512258583913, -10.720525014018108 ], [ 34.197575528587834, -10.720573026124214 ], [ 34.197634327162518, -10.720626309156785 ], [ 34.197688206445605, -10.720684456622337 ], [ 34.197736756346274, -10.720747027853008 ], [ 34.197779606343829, -10.720813544409509 ], [ 34.197816796008397, -10.720884276987761 ], [ 34.199152827940736, -10.723724670557033 ], [ 34.200386657318404, -10.725312995598244 ], [ 34.201050964030799, -10.725814761541983 ], [ 34.201083692158704, -10.725840677305371 ], [ 34.201142491632709, -10.725893960337942 ], [ 34.201196371815172, -10.725952107803494 ], [ 34.201206175324785, -10.725963861942603 ], [ 34.202275160770114, -10.727267711635534 ], [ 34.205391680381808, -10.730256108432627 ], [ 34.205424522723604, -10.730289260141205 ], [ 34.205455602394181, -10.730324034226726 ], [ 34.205501012761601, -10.73038219788009 ], [ 34.207141465206519, -10.732669824053119 ], [ 34.212034062222244, -10.737594347900767 ], [ 34.212638104464986, -10.737892223147526 ], [ 34.212291319588758, -10.738731441702612 ], [ 34.211920613645475, -10.739597094030614 ], [ 34.205976315254816, -10.745466575122293 ], [ 34.193839686352476, -10.747438074307638 ], [ 34.192413608001686, -10.748119708257889 ], [ 34.191177673311017, -10.747803235930576 ], [ 34.188016532936672, -10.748411837736057 ], [ 34.186661758233583, -10.748971752943987 ], [ 34.185806111762702, -10.750456750378703 ], [ 34.184522640707371, -10.750602816466767 ], [ 34.183831774316957, -10.751434943867537 ], [ 34.183785833349589, -10.750383718233991 ], [ 34.183405546029178, -10.748728311862067 ], [ 34.183025258708767, -10.747730203785807 ], [ 34.183001490526408, -10.746975538590164 ], [ 34.18283511504859, -10.746415626979569 ], [ 34.182333143160065, -10.746287222677154 ], [ 34.182122075873167, -10.745417526097924 ], [ 34.18152787671022, -10.744565491304343 ], [ 34.180505853862144, -10.743932552045578 ], [ 34.179840350152062, -10.744419427914238 ], [ 34.17872929622007, -10.743868982567449 ], [ 34.178271664505758, -10.743202240490973 ], [ 34.178247896323398, -10.742252836998773 ], [ 34.177511088965616, -10.739307271313464 ], [ 34.177035729815145, -10.738357879512478 ], [ 34.172518218441098, -10.735660202056636 ], [ 34.168978387042955, -10.734876803521615 ], [ 34.16572217483855, -10.730202971090193 ], [ 34.163844504620272, -10.728742413631437 ], [ 34.162061907131374, -10.728742413631437 ], [ 34.161562778899167, -10.727890424703276 ], [ 34.158330334877121, -10.726381192338124 ], [ 34.158068887569129, -10.725553552554345 ], [ 34.158568014902016, -10.724579861071675 ], [ 34.157403383859105, -10.723630515136108 ], [ 34.157498455689222, -10.722851566446593 ], [ 34.156880488343916, -10.722535119300289 ], [ 34.156832952878517, -10.721780515258502 ], [ 34.155715858200324, -10.721464069011517 ], [ 34.154900015723172, -10.721867740503797 ], [ 34.153838187982046, -10.721561436810816 ], [ 34.152868212498049, -10.721052706517128 ], [ 34.152031822310789, -10.720052235921912 ], [ 34.150795887620177, -10.720198287620804 ], [ 34.150059080262395, -10.720563415968797 ], [ 34.147991266383883, -10.71920027037612 ], [ 34.148324018238895, -10.718250940628366 ], [ 34.146895553986667, -10.717643646437068 ], [ 34.147040548082884, -10.71696083077768 ], [ 34.14637504437286, -10.71696083077768 ], [ 34.145301250252544, -10.716838733420786 ], [ 34.144472010574873, -10.717452084546039 ], [ 34.142453329357693, -10.716327948176229 ], [ 34.142714776665684, -10.715305602471517 ], [ 34.141954202024863, -10.714818772468334 ], [ 34.139086982578249, -10.714341549023231 ], [ 34.138056254292735, -10.71503784641942 ], [ 34.136273655904574, -10.715110870470255 ], [ 34.134491058415676, -10.715889799374679 ], [ 34.133293636292308, -10.716669519682569 ], [ 34.1317815090095, -10.716790438927546 ], [ 34.130331663375614, -10.717374638528725 ], [ 34.129333407810577, -10.71866475107737 ], [ 34.128549064987396, -10.717374638528725 ], [ 34.126600091121361, -10.716035849274988 ], [ 34.125459228260809, -10.714964821469266 ], [ 34.124365901765032, -10.715062187469925 ], [ 34.123058663426605, -10.714161553312977 ], [ 34.121917800566109, -10.714039846261869 ], [ 34.11965824763007, -10.715017924637493 ], [ 34.118209997393535, -10.714429309365073 ], [ 34.116593774483135, -10.714234577363811 ], [ 34.11554798435202, -10.715208236470914 ], [ 34.114264513296689, -10.715719408423922 ], [ 34.113385098643448, -10.71696083077768 ], [ 34.112386843977731, -10.717764106128527 ], [ 34.110628297957646, -10.718179177427032 ], [ 34.109843670948692, -10.718591725227895 ], [ 34.107966000730414, -10.718543042227566 ], [ 34.107071268824029, -10.719018748516362 ], [ 34.105921955034262, -10.71983315837349 ], [ 34.105018772198605, -10.719784475373217 ], [ 34.104733556708311, -10.718932510726745 ], [ 34.104186893010763, -10.718396991427937 ], [ 34.104128203254049, -10.717342268330981 ], [ 34.102000239119775, -10.716279265175899 ], [ 34.10123966447901, -10.716279265175899 ], [ 34.099766049763446, -10.716814780877371 ], [ 34.099076778770382, -10.716644389027294 ], [ 34.098126059570063, -10.715427310422001 ], [ 34.096343462081165, -10.716376631176558 ], [ 34.094608400057666, -10.716741755927274 ], [ 34.093752752687465, -10.717715423128254 ], [ 34.091803778821372, -10.71861606717772 ], [ 34.089548198190869, -10.718054990045687 ], [ 34.088112251579219, -10.718571213490691 ], [ 34.087095344074896, -10.719496024122179 ], [ 34.086097870020751, -10.719788895541058 ], [ 34.084609214143995, -10.718678139284634 ], [ 34.083297221989255, -10.718298406845975 ], [ 34.083439829284771, -10.717071584985604 ], [ 34.082741051558344, -10.715523459639883 ], [ 34.083910435518249, -10.714530325713895 ], [ 34.084495127947832, -10.713069841999584 ], [ 34.084309737204649, -10.712544069553132 ], [ 34.085053200444918, -10.711666195438511 ], [ 34.08658195529307, -10.710557825083526 ], [ 34.087761756100235, -10.709033878910361 ], [ 34.086182653606613, -10.706896937743409 ], [ 34.084490374131519, -10.706916409864391 ], [ 34.083520640565155, -10.705514379385079 ], [ 34.081872557372662, -10.704692414323404 ], [ 34.080535383301367, -10.704209717604328 ], [ 34.079507893474556, -10.702311069799975 ], [ 34.079261419878662, -10.700548904907976 ], [ 34.080231153445027, -10.697842267506587 ], [ 34.080326225275144, -10.696673942948053 ], [ 34.080947086638787, -10.695330026659349 ], [ 34.081467088135639, -10.69392839547902 ], [ 34.081344274918422, -10.693403424328551 ], [ 34.080618269317711, -10.69282892211703 ], [ 34.079926923588687, -10.692643253483311 ], [ 34.079252693756871, -10.691748321028172 ], [ 34.078310700678344, -10.691474947810548 ], [ 34.076656449935285, -10.691805967571327 ], [ 34.075830106074591, -10.691553604315345 ], [ 34.074621911871759, -10.689839327422987 ], [ 34.073252876618994, -10.68907993449136 ], [ 34.072054970660417, -10.688827573034018 ], [ 34.07017254752509, -10.688067414779312 ], [ 34.067700678143808, -10.68907993449136 ], [ 34.066141499230866, -10.689138349954817 ], [ 34.06363160111755, -10.692000685183416 ], [ 34.062852011211419, -10.696381862033263 ], [ 34.061337931500418, -10.697330208822052 ], [ 34.059999854509726, -10.699380569557604 ], [ 34.058003345178292, -10.698971653219189 ], [ 34.057394885465669, -10.699380569557604 ], [ 34.057356855834257, -10.700237348274982 ], [ 34.056120922042965, -10.700471015524897 ], [ 34.054923016084388, -10.700607322170129 ], [ 34.051579498595061, -10.700077815738553 ], [ 34.049294760145131, -10.700432071282989 ], [ 34.045948229027601, -10.699808958916265 ], [ 34.044865412908507, -10.699285571471876 ], [ 34.038246489883647, -10.69415575668279 ], [ 34.036920613995164, -10.689342799130827 ], [ 34.03240180759741, -10.683924235415077 ], [ 34.027623153785555, -10.683292884359105 ], [ 34.027887380897937, -10.682566144012299 ], [ 34.026427471850411, -10.680396170746633 ], [ 34.023227428602979, -10.678166174929004 ], [ 34.020657361348185, -10.676396118486025 ], [ 34.01919745140134, -10.674846087476908 ], [ 34.018907370578745, -10.673816194661583 ], [ 34.019937439661192, -10.671156181712377 ], [ 34.020797473025027, -10.668456213683271 ], [ 34.019567445980897, -10.666446241500807 ], [ 34.017067434114836, -10.664566173689934 ], [ 34.016307380181502, -10.664166079700749 ], [ 34.014097449138035, -10.661586155876364 ], [ 34.012397448983108, -10.659936146336065 ], [ 34.012397448983108, -10.658716152128648 ], [ 34.013027424076427, -10.657046075116227 ], [ 34.013427517166235, -10.656066172915473 ], [ 34.014117515710836, -10.654746199277611 ], [ 34.015507369369629, -10.652196198595618 ], [ 34.01614737819898, -10.651516233787106 ], [ 34.017587396940883, -10.650336197357603 ], [ 34.018397441488787, -10.649656231649715 ], [ 34.019617435696148, -10.64722610160328 ], [ 34.020077375970175, -10.646196209687275 ], [ 34.020307433341429, -10.644866202313324 ], [ 34.020827397066796, -10.644056158664739 ], [ 34.022037357538068, -10.641526224555548 ], [ 34.023247495175838, -10.639266129328348 ], [ 34.024397433994409, -10.637656251135013 ], [ 34.026027378760546, -10.636966253489788 ], [ 34.026696830494359, -10.63700005360954 ], [ 34.026730116201975, -10.63703331593473 ] ] ], [ [ [ 34.035727486134647, -10.637316180597225 ], [ 34.036353354024129, -10.637549182348835 ], [ 34.027017490964511, -10.637016243205039 ], [ 34.028927483716473, -10.636826141812946 ], [ 34.030327370212035, -10.636766118361606 ], [ 34.032477454071284, -10.636986143795468 ], [ 34.034797397382022, -10.637146145777933 ], [ 34.035727486134647, -10.637316180597225 ] ] ] ] } }
]
}
